{"stats":{"minecraft:crafted":{"minecraft:oak_planks":304,"minecraft:cobblestone_slab":6,"minecraft:stone_shovel":2,"minecraft:cooked_chicken":2,"minecraft:furnace":1,"minecraft:stone_pickaxe":6,"minecraft:cobblestone_wall":186,"minecraft:chest":7,"minecraft:stone_hoe":1,"minecraft:oak_fence":3,"minecraft:emerald":12,"minecraft:crafting_table":1,"minecraft:spruce_planks":56,"minecraft:wooden_pickaxe":1,"minecraft:bucket":1,"minecraft:stone_axe":5,"minecraft:air":0,"biomesoplenty:fir_planks":208,"minecraft:oak_fence_gate":1,"minecraft:potion":3,"minecraft:stick":424,"minecraft:iron_ingot":1,"minecraft:stone_sword":1},"minecraft:killed":{"hordes:zombie_player":1,"rottencreatures:burned":1,"minecraft:zombie_horse":5,"minecraft:drowned":3,"minecraft:pig":1,"naturalist:bear":1,"hamsters:hamster":1,"minecraft:trader_llama":1,"minecraft:zombie":36,"minecraft:cow":8},"minecraft:custom":{"minecraft:mob_kills":54,"minecraft:interact_with_crafting_table":29,"minecraft:interact_with_campfire":12,"minecraft:damage_dealt_resisted":6,"minecraft:leave_game":8,"minecraft:time_since_death":39932,"minecraft:climb_one_cm":41111,"minecraft:sprint_one_cm":381849,"minecraft:walk_one_cm":1295154,"minecraft:drop":99,"minecraft:talked_to_villager":8,"minecraft:play_time":327007,"minecraft:sneak_time":61360,"minecraft:deaths":15,"minecraft:walk_under_water_one_cm":20648,"minecraft:boat_one_cm":101053,"minecraft:jump":5352,"minecraft:interact_with_blast_furnace":2,"minecraft:walk_on_water_one_cm":60100,"minecraft:total_world_time":327007,"minecraft:interact_with_furnace":13,"minecraft:traded_with_villager":12,"minecraft:sleep_in_bed":15,"minecraft:time_since_rest":12365,"minecraft:damage_taken":6115,"minecraft:damage_dealt":10802,"minecraft:swim_one_cm":17942,"minecraft:fly_one_cm":571770,"minecraft:open_chest":110,"minecraft:crouch_one_cm":261775,"minecraft:fall_one_cm":137964},"minecraft:picked_up":{"minecraft:crafting_table":5,"minecraft:iron_chestplate":2,"minecraft:wheat":2,"minecraft:azure_bluet":4,"cold_sweat:fur_cap":2,"minecraft:chicken":2,"minecraft:lead":6,"minecraft:wooden_pickaxe":3,"marbledsapi:steel_sheet":1,"minecraft:potion":17,"marbledsarsenal:baseball_bat":5,"farmersdelight:diamond_knife":1,"minecraft:armor_stand":2,"minecraft:iron_shovel":2,"minecraft:cobbled_deepslate":4,"minecraft:spruce_planks":7,"minecraft:beef":22,"minecraft:rose_bush":14,"minecraft:cobblestone_slab":11,"minecraft:poppy":3,"minecraft:chest":2,"crittersandcompanions:clam":9,"minecraft:piston":6,"minecraft:egg":2,"minecraft:stick":16,"minecraft:raw_iron":3,"minecraft:oak_fence":1,"minecraft:torch":26,"minecraft:redstone":3,"minecraft:rotten_flesh":91,"minecraft:stone_shovel":9,"minecraft:stone_sword":2,"farmersdelight:fried_egg":2,"minecraft:light_gray_bed":12,"minecraft:mutton":1,"minecraft:white_wool":1,"minecraft:cobblestone":407,"minecraft:magma_block":2,"taccraft:flak_vest_helmet":4,"cold_sweat:fur_pants":5,"minecraft:feather":1,"minecraft:cooked_beef":5,"minecraft:lilac":2,"taccraft:nylon_stripe":4,"minecraft:leather":7,"bunker_down:steel_vent":1,"biomesoplenty:fir_log":52,"minecraft:flint":1,"minecraft:oak_log":76,"farmersdelight:cooked_bacon":13,"minecraft:cobblestone_wall":10,"minecraft:dirt":570,"minecraft:blue_bed":5,"minecraft:wheat_seeds":38,"farmersdelight:apple_cider":2,"minecraft:stone_pickaxe":4,"minecraft:grindstone":4,"minecraft:iron_ingot":2,"minecraft:glass_bottle":13,"minecraft:iron_sword":1,"minecraft:oak_planks":15,"biomesoplenty:toadstool":4,"minecraft:cooked_porkchop":4,"minecraft:sweet_berries":24,"minecraft:dandelion":3,"minecraft:gravel":18,"minecraft:sand":6,"minecraft:spruce_sapling":2,"minecraft:blast_furnace":1,"minecraft:spruce_log":59,"minecraft:lily_of_the_valley":10,"minecraft:mossy_cobblestone":2,"biomesoplenty:flowering_oak_sapling":1,"minecraft:spruce_fence_gate":1,"biomesoplenty:maple_sapling":1,"minecraft:purple_bed":1,"minecraft:stone_axe":4,"minecraft:iron_helmet":1,"minecraft:spruce_sign":1,"minecraft:oak_sapling":1,"minecraft:coal":29,"rottencreatures:magma_rotten_flesh":2},"minecraft:killed_by":{"minecraft:iron_golem":1,"minecraft:drowned":1,"rottencreatures:burned":2,"minecraft:zombie":4,"naturalist:bear":1},"minecraft:mined":{"minecraft:spruce_planks":2,"biomesoplenty:bush":19,"minecraft:grass_block":230,"biomesoplenty:flowering_oak_leaves":4,"minecraft:light_gray_bed":4,"minecraft:tall_seagrass":1,"biomesoplenty:toadstool":4,"minecraft:iron_ore":2,"minecraft:cobbled_deepslate":2,"minecraft:fire":1,"supplementaries:stick":3,"minecraft:cobblestone_slab":7,"minecraft:dirt_path":20,"minecraft:stone":209,"minecraft:glass_pane":1,"minecraft:crafting_table":4,"minecraft:torch":7,"minecraft:blast_furnace":1,"minecraft:chest":2,"minecraft:tall_grass":3,"minecraft:cobblestone":272,"biomesoplenty:sprout":10,"minecraft:grindstone":4,"minecraft:oak_planks":5,"minecraft:wall_torch":7,"minecraft:blue_bed":5,"minecraft:seagrass":2,"minecraft:purple_bed":1,"minecraft:cobblestone_wall":8,"minecraft:wheat":1,"minecraft:lilac":1,"minecraft:spruce_log":33,"biomesoplenty:maple_leaves":1,"biomesoplenty:fir_log":54,"minecraft:grass":39,"minecraft:oak_log":76,"minecraft:coal_ore":20,"biomesoplenty:fir_leaves":21,"minecraft:sunflower":2,"minecraft:gravel":13,"minecraft:dirt":389,"minecraft:oak_leaves":6,"biomesoplenty:reed":20,"minecraft:fern":7},"minecraft:used":{"minecraft:oak_fence":2,"marbledsarsenal:baseball_bat":69,"minecraft:stone_sword":98,"minecraft:iron_shovel":25,"minecraft:stone_shovel":580,"minecraft:chest":9,"minecraft:spruce_planks":29,"minecraft:iron_sword":129,"minecraft:cooked_chicken":2,"minecraft:rotten_flesh":43,"minecraft:stick":6,"minecraft:torch":21,"minecraft:dirt":288,"minecraft:mutton":1,"minecraft:lily_of_the_valley":8,"minecraft:cobblestone_wall":66,"minecraft:azure_bluet":1,"minecraft:oak_fence_gate":1,"minecraft:magma_block":1,"minecraft:beef":10,"minecraft:sweet_berries":4,"minecraft:oak_sapling":1,"minecraft:cooked_beef":4,"minecraft:cobbled_deepslate":4,"minecraft:light_gray_bed":10,"farmersdelight:fried_egg":2,"bunker_down:steel_vent":1,"minecraft:stone_pickaxe":529,"minecraft:glass_bottle":21,"minecraft:oak_planks":22,"minecraft:wooden_pickaxe":19,"biomesoplenty:fir_planks":16,"minecraft:blue_bed":5,"minecraft:spruce_fence_gate":1,"minecraft:cobblestone_slab":9,"minecraft:mossy_cobblestone":4,"minecraft:sand":3,"minecraft:crafting_table":3,"minecraft:blast_furnace":1,"minecraft:piston":6,"minecraft:bread":5,"minecraft:gravel":14,"biomesoplenty:toadstool":4,"minecraft:stone_axe":204,"farmersdelight:cooked_bacon":31,"minecraft:potion":42,"minecraft:cobblestone":104,"minecraft:porkchop":2,"minecraft:grindstone":4,"minecraft:cooked_porkchop":1},"minecraft:dropped":{"minecraft:wheat_seeds":18,"minecraft:oak_log":15,"minecraft:glass_bottle":3,"minecraft:crafting_table":2,"minecraft:cooked_porkchop":3,"farmersdelight:cooked_bacon":27,"minecraft:iron_helmet":1,"minecraft:feather":1,"minecraft:cobblestone":2,"minecraft:leather":2,"marbledsapi:steel_sheet":1,"minecraft:stick":1,"minecraft:flint":1,"minecraft:dirt":3,"minecraft:torch":4,"minecraft:wooden_axe":1,"minecraft:potion":10,"bunker_down:brittle_pickaxe":1,"minecraft:iron_shovel":1,"marbledsarsenal:baseball_bat":2,"minecraft:bucket":1,"taccraft:flak_vest_helmet":1,"minecraft:stone_axe":1,"flashlight:flashlight":1,"minecraft:stone_sword":1,"minecraft:cobblestone_wall":2,"minecraft:stone_shovel":3,"minecraft:chicken":2,"minecraft:rotten_flesh":30,"minecraft:oak_planks":8,"cold_sweat:fur_cap":1,"minecraft:cobblestone_slab":1,"minecraft:iron_chestplate":1,"flashlight:smallredstonebattery":1,"minecraft:spruce_log":50,"minecraft:wooden_pickaxe":1,"minecraft:beef":2,"minecraft:stone_pickaxe":1,"farmersdelight:apple_cider":1,"cold_sweat:fur_pants":1,"minecraft:egg":1},"minecraft:broken":{"minecraft:stone_pickaxe":2,"minecraft:stone_axe":1,"minecraft:stone_shovel":3}},"DataVersion":3120}