{"stats":{"minecraft:picked_up":{"minecraft:crafting_table":1,"minecraft:jungle_boat":2,"minecraft:leather":2,"minecraft:oak_log":10,"minecraft:dirt":17,"minecraft:bone":4,"minecraft:apple":1,"minecraft:kelp":15,"minecraft:beef":2,"minecraft:oak_boat":2,"minecraft:bamboo":10,"minecraft:melon_slice":66,"minecraft:stick":3,"minecraft:raw_iron":11,"minecraft:oak_door":11,"minecraft:torch":3,"minecraft:gravel":1,"alexsmobs:animal_dictionary":2,"minecraft:rotten_flesh":1,"minecraft:arrow":2,"minecraft:granite":1,"minecraft:rooted_dirt":16,"minecraft:oak_sapling":2,"minecraft:mutton":2,"minecraft:coal":16,"minecraft:white_wool":1,"minecraft:cobblestone":40},"minecraft:killed_by":{"minecraft:player":1},"minecraft:killed":{"minecraft:spider":1,"minecraft:creeper":2,"minecraft:skeleton":6,"minecraft:sheep":1,"minecraft:zombie":1,"minecraft:drowned":1,"minecraft:cow":1},"minecraft:used":{"minecraft:stone_sword":52,"minecraft:stone_pickaxe":50,"minecraft:wooden_pickaxe":19,"minecraft:rotten_flesh":1,"minecraft:jungle_boat":1,"minecraft:oak_door":12,"minecraft:torch":3,"minecraft:dirt":17,"minecraft:crafting_table":2,"minecraft:apple":1,"minecraft:melon_slice":59,"minecraft:rooted_dirt":2,"minecraft:bamboo":6,"minecraft:stone_axe":36,"minecraft:cobblestone":6,"minecraft:oak_sapling":2,"minecraft:oak_boat":1},"minecraft:custom":{"minecraft:mob_kills":13,"minecraft:interact_with_crafting_table":3,"minecraft:time_since_death":52130,"minecraft:climb_one_cm":2984,"minecraft:time_since_rest":52156,"minecraft:sprint_one_cm":24817,"minecraft:damage_taken":1220,"minecraft:walk_one_cm":205665,"minecraft:drop":16,"minecraft:damage_dealt":2368,"minecraft:swim_one_cm":77819,"minecraft:fly_one_cm":56708,"minecraft:crouch_one_cm":3882,"minecraft:play_time":53352,"minecraft:deaths":1,"minecraft:sneak_time":3171,"minecraft:walk_under_water_one_cm":21856,"minecraft:boat_one_cm":294634,"minecraft:jump":690,"minecraft:walk_on_water_one_cm":9445,"minecraft:total_world_time":53352,"minecraft:fall_one_cm":15877},"minecraft:dropped":{"minecraft:kelp":15,"alexsmobs:animal_dictionary":3,"minecraft:stick":2,"minecraft:melon_slice":3,"minecraft:bamboo":4,"minecraft:arrow":2},"minecraft:crafted":{"minecraft:oak_door":3,"minecraft:oak_planks":40,"minecraft:crafting_table":2,"minecraft:wooden_pickaxe":1,"minecraft:furnace":1,"minecraft:stone_axe":1,"minecraft:stick":8,"minecraft:stone_pickaxe":1,"minecraft:stone_sword":1,"minecraft:torch":8},"minecraft:mined":{"minecraft:oak_door":1,"minecraft:crafting_table":1,"minecraft:granite":1,"minecraft:grass_block":3,"minecraft:melon":18,"minecraft:rooted_dirt":16,"minecraft:iron_ore":12,"minecraft:grass":14,"minecraft:oak_log":10,"minecraft:coal_ore":16,"minecraft:vine":1,"minecraft:gravel":1,"minecraft:dirt":3,"minecraft:stone":37,"minecraft:oak_leaves":6,"minecraft:fern":3}},"DataVersion":3465}