{"stats":{"minecraft:picked_up":{"minecraft:crafting_table":7,"minecraft:suspicious_stew":1,"minecraft:wooden_pickaxe":1,"minecraft:oak_stairs":1,"minecraft:oak_trapdoor":2,"minecraft:raw_copper":7,"minecraft:string":3,"minecraft:moss_carpet":3,"minecraft:blackstone":21,"minecraft:candle":4,"minecraft:cobbled_deepslate":25,"minecraft:beef":2,"minecraft:oak_boat":4,"minecraft:iron_pickaxe":2,"minecraft:enchanted_golden_apple":1,"minecraft:melon_slice":66,"minecraft:egg":1,"minecraft:furnace":1,"minecraft:raw_iron":49,"minecraft:stick":11,"minecraft:jungle_door":2,"minecraft:oak_door":20,"minecraft:big_dripleaf":3,"minecraft:torch":9,"minecraft:bowl":2,"minecraft:porkchop":1,"minecraft:spruce_fence":3,"minecraft:carrot":9,"minecraft:arrow":10,"minecraft:rotten_flesh":10,"minecraft:decorated_pot":1,"immersive_melodies:flute":1,"minecraft:glow_berries":9,"minecraft:mutton":2,"minecraft:white_wool":1,"minecraft:cobblestone":183,"minecraft:stripped_oak_log":5,"minecraft:jungle_boat":3,"minecraft:jungle_log":4,"minecraft:leather":3,"minecraft:smoker":1,"minecraft:tuff":10,"minecraft:oak_log":17,"minecraft:yellow_bed":3,"minecraft:cobblestone_wall":1,"minecraft:dirt":27,"minecraft:bone":11,"minecraft:apple":1,"minecraft:kelp":19,"minecraft:iron_ingot":1,"minecraft:bamboo":10,"minecraft:moss_block":7,"minecraft:flowering_azalea":2,"minecraft:oak_planks":10,"minecraft:smooth_basalt":6,"minecraft:gravel":3,"minecraft:stripped_spruce_log":16,"alexsmobs:animal_dictionary":2,"minecraft:mossy_cobblestone":1,"minecraft:slime_ball":3,"minecraft:diamond":11,"minecraft:granite":1,"minecraft:rooted_dirt":21,"minecraft:oak_sapling":2,"minecraft:coal":20},"minecraft:killed_by":{"minecraft:player":1},"minecraft:broken":{"minecraft:stone_pickaxe":1},"minecraft:killed":{"minecraft:spider":3,"minecraft:slime":1,"minecraft:skeleton":11,"minecraft:drowned":3,"minecraft:creeper":2,"minecraft:sheep":1,"minecraft:zombie":5,"minecraft:cow":1},"minecraft:used":{"minecraft:moss_block":4,"minecraft:moss_carpet":1,"minecraft:stone_sword":119,"minecraft:shield":9,"minecraft:rotten_flesh":4,"minecraft:iron_chestplate":1,"minecraft:oak_door":21,"minecraft:torch":17,"minecraft:dirt":23,"minecraft:mutton":2,"minecraft:cobblestone_wall":1,"minecraft:carrot":13,"minecraft:tuff":10,"minecraft:spruce_fence":2,"minecraft:stripped_spruce_log":8,"minecraft:big_dripleaf":3,"minecraft:flowering_azalea":2,"minecraft:iron_axe":3,"minecraft:rooted_dirt":20,"minecraft:smooth_basalt":3,"minecraft:bamboo":6,"minecraft:furnace":2,"minecraft:oak_sapling":2,"minecraft:cooked_cod":13,"minecraft:egg":1,"minecraft:cobbled_deepslate":2,"minecraft:enchanted_golden_apple":1,"minecraft:stone_pickaxe":142,"minecraft:oak_planks":5,"minecraft:blackstone":22,"minecraft:wooden_pickaxe":48,"minecraft:jungle_boat":2,"minecraft:glow_berries":9,"minecraft:crafting_table":10,"minecraft:cake":1,"minecraft:smoker":1,"minecraft:apple":1,"minecraft:melon_slice":63,"minecraft:bread":6,"minecraft:suspicious_stew":1,"minecraft:iron_pickaxe":142,"minecraft:gravel":1,"minecraft:golden_helmet":1,"minecraft:stone_axe":56,"minecraft:cobblestone":117,"minecraft:jungle_door":2,"minecraft:yellow_bed":2,"minecraft:oak_boat":3,"minecraft:stripped_oak_log":5,"minecraft:candle":4},"minecraft:custom":{"minecraft:interact_with_smithing_table":1,"minecraft:mob_kills":28,"minecraft:interact_with_crafting_table":17,"minecraft:open_barrel":37,"minecraft:eat_cake_slice":1,"minecraft:leave_game":1,"minecraft:time_since_death":18108,"minecraft:damage_resisted":31,"minecraft:climb_one_cm":4203,"minecraft:sprint_one_cm":278918,"minecraft:walk_one_cm":657431,"minecraft:damage_blocked_by_shield":225,"minecraft:drop":38,"minecraft:talked_to_villager":10,"minecraft:play_time":179298,"minecraft:deaths":10,"minecraft:sneak_time":11127,"minecraft:walk_under_water_one_cm":60024,"minecraft:boat_one_cm":397144,"minecraft:jump":3995,"minecraft:interact_with_brewingstand":2,"minecraft:interact_with_blast_furnace":2,"minecraft:walk_on_water_one_cm":54105,"minecraft:total_world_time":179298,"minecraft:interact_with_furnace":23,"minecraft:sleep_in_bed":3,"minecraft:time_since_rest":18133,"minecraft:damage_taken":5316,"minecraft:damage_absorbed":102,"minecraft:trigger_trapped_chest":3,"minecraft:damage_dealt":5144,"minecraft:swim_one_cm":236738,"minecraft:fly_one_cm":585366,"minecraft:open_chest":26,"minecraft:crouch_one_cm":19739,"minecraft:interact_with_smoker":4,"minecraft:fall_one_cm":90908},"minecraft:dropped":{"minecraft:porkchop":1,"minecraft:rooted_dirt":1,"minecraft:leather":1,"minecraft:stick":2,"minecraft:melon_slice":3,"minecraft:iron_pickaxe":1,"minecraft:string":1,"minecraft:kelp":19,"alexsmobs:animal_dictionary":3,"minecraft:raw_copper":4,"minecraft:bowl":1,"minecraft:rotten_flesh":6,"minecraft:oak_planks":2,"minecraft:enchanted_golden_apple":1,"minecraft:spruce_fence":1,"minecraft:jungle_log":1,"minecraft:yellow_bed":1,"minecraft:bamboo":4,"minecraft:slime_ball":3,"minecraft:arrow":2},"minecraft:crafted":{"minecraft:oak_door":3,"minecraft:oak_planks":68,"minecraft:furnace":2,"minecraft:stone_pickaxe":2,"minecraft:cooked_cod":13,"minecraft:crafting_table":5,"minecraft:jungle_boat":1,"minecraft:wooden_pickaxe":3,"minecraft:stone_axe":2,"minecraft:bread":6,"minecraft:air":0,"minecraft:jungle_planks":12,"minecraft:oak_boat":1,"minecraft:jungle_door":3,"minecraft:iron_chestplate":1,"minecraft:shield":1,"minecraft:stick":20,"minecraft:iron_ingot":10,"minecraft:stone_sword":2,"minecraft:torch":8},"minecraft:mined":{"minecraft:tuff":10,"minecraft:mossy_cobblestone":1,"minecraft:deepslate_diamond_ore":11,"minecraft:candle":1,"minecraft:oak_door":9,"farmersdelight:wild_carrots":9,"minecraft:cave_vines_plant":3,"minecraft:granite":1,"minecraft:spruce_fence":2,"minecraft:grass_block":7,"minecraft:decorated_pot":1,"minecraft:jungle_log":3,"minecraft:rooted_dirt":17,"minecraft:furnace":1,"minecraft:iron_ore":29,"minecraft:cobbled_deepslate":1,"minecraft:fire":21,"minecraft:big_dripleaf_stem":1,"minecraft:vine":2,"minecraft:cave_vines":3,"minecraft:deepslate_iron_ore":13,"minecraft:stone":175,"minecraft:flowering_azalea":1,"minecraft:blackstone":21,"minecraft:kelp_plant":2,"minecraft:smoker":1,"minecraft:crafting_table":7,"minecraft:torch":4,"minecraft:melon":18,"minecraft:tall_grass":1,"minecraft:copper_ore":2,"minecraft:cobblestone":5,"minecraft:oak_planks":5,"minecraft:big_dripleaf":1,"minecraft:cobblestone_wall":1,"minecraft:yellow_bed":3,"minecraft:grass":20,"minecraft:coal_ore":17,"minecraft:oak_log":17,"minecraft:gravel":3,"minecraft:dirt":9,"minecraft:smooth_basalt":6,"minecraft:oak_leaves":6,"minecraft:deepslate":23,"minecraft:fern":4}},"DataVersion":3465}