{"stats":{"minecraft:mined":{"minecraft:spruce_planks":3,"minecraft:spruce_trapdoor":10,"biomesoplenty:bush":19,"minecraft:grass_block":485,"biomesoplenty:flowering_oak_leaves":4,"minecraft:light_gray_bed":4,"minecraft:spruce_leaves":1,"minecraft:kelp":25,"minecraft:tall_seagrass":1,"biomesoplenty:toadstool":4,"minecraft:iron_ore":2,"minecraft:cobbled_deepslate":4,"minecraft:fire":1,"minecraft:cobblestone_slab":12,"supplementaries:stick":4,"minecraft:dirt_path":40,"minecraft:oak_stairs":37,"minecraft:stripped_oak_log":3,"minecraft:stone":443,"minecraft:glass_pane":1,"minecraft:kelp_plant":14,"minecraft:crafting_table":5,"minecraft:torch":10,"minecraft:blast_furnace":1,"minecraft:chest":2,"minecraft:tall_grass":3,"minecraft:cobblestone":359,"biomesoplenty:sprout":12,"minecraft:grindstone":5,"minecraft:oak_planks":34,"minecraft:wall_torch":8,"minecraft:blue_bed":5,"minecraft:seagrass":2,"minecraft:purple_bed":2,"minecraft:cobblestone_wall":29,"minecraft:wheat":1,"minecraft:sweet_berry_bush":67,"minecraft:lilac":2,"minecraft:spruce_log":33,"biomesoplenty:maple_leaves":108,"biomesoplenty:fir_log":54,"minecraft:grass":43,"minecraft:sand":1,"minecraft:oak_log":318,"minecraft:coal_ore":25,"biomesoplenty:fir_leaves":21,"minecraft:sunflower":2,"minecraft:gravel":14,"minecraft:dirt":722,"minecraft:oak_leaves":17,"biomesoplenty:reed":20,"minecraft:fern":9},"minecraft:killed_by":{"minecraft:zombified_piglin":1,"minecraft:iron_golem":1,"minecraft:drowned":1,"rottencreatures:burned":2,"minecraft:zombie":4,"naturalist:bear":2},"minecraft:dropped":{"minecraft:wheat_seeds":18,"minecraft:oak_log":15,"minecraft:glass_bottle":3,"minecraft:crafting_table":2,"minecraft:cooked_porkchop":3,"farmersdelight:cooked_bacon":27,"minecraft:feather":1,"minecraft:iron_helmet":1,"minecraft:cobblestone":73,"minecraft:leather":2,"marbledsapi:steel_sheet":1,"minecraft:stick":1,"minecraft:flint":1,"minecraft:dirt":4,"minecraft:torch":4,"minecraft:wooden_axe":1,"minecraft:gold_nugget":10,"minecraft:potion":10,"minecraft:sand":1,"bunker_down:brittle_pickaxe":1,"minecraft:iron_shovel":1,"marbledsarsenal:baseball_bat":3,"minecraft:bucket":1,"taccraft:flak_vest_helmet":1,"minecraft:gravel":3,"minecraft:stone_axe":1,"minecraft:kelp":64,"minecraft:sweet_berries":1,"flashlight:flashlight":1,"minecraft:stone_sword":1,"minecraft:cobblestone_wall":2,"minecraft:stone_shovel":3,"minecraft:chicken":2,"minecraft:rotten_flesh":30,"minecraft:oak_planks":12,"minecraft:azure_bluet":1,"minecraft:salmon":1,"cold_sweat:fur_cap":1,"minecraft:cobblestone_slab":1,"minecraft:iron_chestplate":1,"flashlight:smallredstonebattery":1,"farmersdelight:minced_beef":1,"minecraft:spruce_log":50,"minecraft:wooden_pickaxe":1,"minecraft:beef":2,"minecraft:stone_pickaxe":2,"farmersdelight:apple_cider":1,"farmersdelight:tomato":1,"cold_sweat:fur_pants":1,"minecraft:egg":1},"minecraft:broken":{"minecraft:stone_pickaxe":5,"minecraft:stone_axe":4,"minecraft:iron_sword":1,"minecraft:stone_shovel":9},"minecraft:killed":{"minecraft:zombified_piglin":19,"hordes:zombie_player":1,"rottencreatures:burned":1,"minecraft:zombie_horse":5,"minecraft:drowned":10,"rottencreatures:undead_miner":1,"minecraft:husk":68,"minecraft:pig":1,"naturalist:bear":1,"minecraft:zombie_villager":3,"hamsters:hamster":1,"minecraft:trader_llama":1,"minecraft:zombie":52,"minecraft:cow":8},"minecraft:custom":{"minecraft:mob_kills":155,"minecraft:interact_with_crafting_table":61,"minecraft:interact_with_campfire":12,"minecraft:bell_ring":19,"minecraft:damage_dealt_resisted":977,"minecraft:leave_game":9,"minecraft:time_since_death":11468,"minecraft:climb_one_cm":41709,"minecraft:sprint_one_cm":825479,"minecraft:walk_one_cm":2347913,"minecraft:drop":124,"minecraft:talked_to_villager":32,"minecraft:play_time":584390,"minecraft:sneak_time":115449,"minecraft:deaths":17,"minecraft:walk_under_water_one_cm":51301,"minecraft:boat_one_cm":107089,"minecraft:jump":9311,"minecraft:interact_with_blast_furnace":4,"minecraft:walk_on_water_one_cm":74065,"minecraft:total_world_time":584390,"minecraft:interact_with_furnace":29,"minecraft:traded_with_villager":12,"minecraft:sleep_in_bed":21,"minecraft:time_since_rest":11528,"minecraft:damage_taken":9935,"minecraft:damage_dealt":27320,"minecraft:swim_one_cm":61440,"minecraft:fly_one_cm":1152449,"minecraft:open_chest":268,"minecraft:crouch_one_cm":491523,"minecraft:fall_one_cm":247469},"minecraft:crafted":{"minecraft:oak_planks":764,"minecraft:cobblestone_slab":60,"minecraft:stone_shovel":7,"farmersdelight:cooked_rice":1,"minecraft:cooked_chicken":2,"minecraft:furnace":1,"minecraft:glass_pane":16,"minecraft:glass":8,"minecraft:stone_pickaxe":9,"farmersdelight:tomato_sauce":3,"minecraft:cobblestone_wall":186,"minecraft:chest":9,"minecraft:stone_hoe":1,"minecraft:oak_fence":9,"minecraft:oak_slab":12,"minecraft:emerald":12,"minecraft:crafting_table":1,"minecraft:spruce_planks":60,"minecraft:wooden_pickaxe":1,"minecraft:bowl":4,"minecraft:bucket":1,"minecraft:stone_axe":8,"minecraft:air":0,"biomesoplenty:fir_planks":208,"minecraft:oak_fence_gate":2,"minecraft:potion":3,"minecraft:stick":452,"minecraft:iron_ingot":1,"minecraft:oak_stairs":256,"minecraft:stone_sword":1,"minecraft:shears":1},"minecraft:picked_up":{"minecraft:spruce_leaves":1,"minecraft:crafting_table":6,"minecraft:iron_chestplate":2,"minecraft:wheat":2,"minecraft:azure_bluet":5,"cold_sweat:fur_cap":2,"minecraft:chicken":2,"minecraft:lead":6,"minecraft:wooden_pickaxe":3,"minecraft:oak_stairs":37,"farmersdelight:tomato_sauce":10,"marbledsapi:steel_sheet":1,"minecraft:potion":17,"biomesoplenty:maple_leaves":55,"marbledsarsenal:baseball_bat":6,"farmersdelight:diamond_knife":1,"minecraft:armor_stand":2,"minecraft:iron_shovel":2,"minecraft:gold_nugget":11,"minecraft:cobbled_deepslate":6,"minecraft:spruce_planks":8,"minecraft:beef":22,"minecraft:rose_bush":14,"minecraft:cobblestone_slab":13,"minecraft:poppy":3,"minecraft:chest":2,"minecraft:spruce_trapdoor":10,"crittersandcompanions:clam":13,"minecraft:piston":6,"minecraft:egg":9,"minecraft:stick":29,"minecraft:raw_iron":4,"farmersdelight:minced_beef":1,"minecraft:oak_fence":1,"minecraft:torch":33,"farmersdelight:tomato_seeds":1,"minecraft:redstone":3,"minecraft:arrow":10,"minecraft:stone_sword":2,"farmersdelight:fried_egg":2,"minecraft:stone_shovel":9,"minecraft:light_gray_bed":12,"minecraft:rotten_flesh":160,"minecraft:mutton":1,"minecraft:white_wool":1,"minecraft:cobblestone":825,"minecraft:stripped_oak_log":3,"minecraft:magma_block":2,"taccraft:flak_vest_helmet":4,"cold_sweat:fur_pants":5,"minecraft:feather":1,"minecraft:cooked_beef":5,"minecraft:lilac":2,"minecraft:salmon":1,"taccraft:nylon_stripe":4,"minecraft:leather":7,"bunker_down:steel_vent":1,"minecraft:potato":3,"biomesoplenty:fir_log":52,"minecraft:flint":1,"minecraft:oak_log":318,"farmersdelight:cooked_bacon":13,"minecraft:cobblestone_wall":27,"farmersdelight:tomato":2,"minecraft:dirt":1234,"minecraft:blue_bed":5,"minecraft:kelp":64,"minecraft:bow":1,"minecraft:wheat_seeds":40,"farmersdelight:apple_cider":2,"minecraft:iron_ingot":4,"minecraft:grindstone":5,"minecraft:stone_pickaxe":4,"minecraft:glass_bottle":13,"minecraft:iron_sword":1,"minecraft:oak_planks":46,"biomesoplenty:toadstool":4,"minecraft:cooked_porkchop":4,"minecraft:sweet_berries":409,"minecraft:dandelion":3,"minecraft:gravel":30,"minecraft:sand":22,"minecraft:spruce_sapling":2,"minecraft:blast_furnace":1,"minecraft:spruce_log":74,"minecraft:lily_of_the_valley":10,"minecraft:mossy_cobblestone":2,"biomesoplenty:flowering_oak_sapling":1,"minecraft:spruce_boat":7,"minecraft:spruce_fence_gate":1,"biomesoplenty:maple_sapling":1,"minecraft:purple_bed":2,"minecraft:stone_axe":4,"minecraft:iron_helmet":1,"minecraft:spruce_sign":1,"minecraft:oak_sapling":6,"minecraft:coal":34,"rottencreatures:magma_rotten_flesh":2},"minecraft:used":{"minecraft:oak_fence":6,"marbledsarsenal:baseball_bat":360,"minecraft:stone_sword":98,"minecraft:iron_shovel":25,"farmersdelight:diamond_knife":18,"minecraft:stone_shovel":1189,"minecraft:chest":11,"minecraft:spruce_planks":29,"minecraft:iron_sword":248,"minecraft:stone_hoe":1,"minecraft:cooked_chicken":2,"minecraft:rotten_flesh":73,"minecraft:stick":8,"minecraft:torch":28,"minecraft:dirt":621,"minecraft:mutton":1,"minecraft:lily_of_the_valley":8,"minecraft:cobblestone_wall":147,"minecraft:azure_bluet":1,"minecraft:oak_fence_gate":2,"minecraft:spruce_boat":6,"minecraft:oak_stairs":292,"minecraft:bow":3,"farmersdelight:tomato_sauce":14,"minecraft:magma_block":1,"minecraft:beef":10,"minecraft:sweet_berries":420,"minecraft:oak_sapling":1,"minecraft:potato":9,"minecraft:egg":7,"minecraft:cooked_beef":4,"farmersdelight:tomato_seeds":1,"minecraft:cobbled_deepslate":6,"minecraft:light_gray_bed":10,"farmersdelight:fried_egg":2,"biomesoplenty:maple_leaves":40,"bunker_down:steel_vent":1,"minecraft:stone_pickaxe":892,"minecraft:glass_bottle":21,"minecraft:oak_planks":315,"minecraft:wooden_pickaxe":19,"biomesoplenty:fir_planks":16,"minecraft:blue_bed":5,"minecraft:spruce_fence_gate":1,"minecraft:cobblestone_slab":62,"minecraft:mossy_cobblestone":4,"minecraft:sand":4,"minecraft:oak_slab":6,"minecraft:crafting_table":4,"minecraft:blast_furnace":1,"minecraft:shears":60,"minecraft:oak_log":128,"minecraft:piston":6,"minecraft:bread":5,"minecraft:spruce_trapdoor":10,"minecraft:gravel":14,"biomesoplenty:toadstool":4,"minecraft:stone_axe":578,"minecraft:purple_bed":1,"farmersdelight:cooked_bacon":31,"minecraft:potion":43,"minecraft:cobblestone":322,"minecraft:porkchop":2,"minecraft:grindstone":5,"minecraft:cooked_porkchop":1,"minecraft:glass_pane":12}},"DataVersion":3120}