{"stats":{"minecraft:crafted":{"minecraft:oak_planks":20,"minecraft:wooden_pickaxe":1,"minecraft:cooked_chicken":2,"minecraft:furnace":1,"minecraft:stone_axe":1,"minecraft:air":0,"minecraft:potion":3,"minecraft:stick":8,"minecraft:stone_pickaxe":1,"minecraft:stone_sword":1},"minecraft:killed_by":{"minecraft:zombie":1},"minecraft:killed":{"hordes:zombie_player":1,"hamsters:hamster":1,"minecraft:trader_llama":1,"minecraft:zombie":24,"minecraft:drowned":1,"minecraft:cow":4},"minecraft:picked_up":{"taccraft:flak_vest_helmet":1,"minecraft:lilac":1,"cold_sweat:fur_cap":1,"cold_sweat:fur_pants":1,"minecraft:chicken":2,"minecraft:leather":1,"taccraft:nylon_stripe":1,"minecraft:lead":1,"minecraft:wooden_pickaxe":1,"marbledsapi:steel_sheet":1,"minecraft:potion":6,"marbledsarsenal:baseball_bat":2,"minecraft:oak_log":5,"farmersdelight:cooked_bacon":13,"minecraft:dirt":10,"minecraft:iron_shovel":1,"minecraft:wheat_seeds":9,"farmersdelight:apple_cider":2,"minecraft:stone_pickaxe":1,"minecraft:beef":16,"minecraft:glass_bottle":1,"crittersandcompanions:clam":4,"minecraft:oak_planks":12,"minecraft:egg":1,"minecraft:stick":11,"minecraft:raw_iron":1,"minecraft:torch":11,"minecraft:sand":3,"minecraft:stone_sword":1,"minecraft:light_gray_bed":3,"minecraft:rotten_flesh":38,"minecraft:stone_axe":1,"minecraft:mutton":1,"minecraft:coal":9,"minecraft:white_wool":1,"minecraft:cobblestone":24},"minecraft:mined":{"minecraft:crafting_table":2,"minecraft:torch":4,"biomesoplenty:bush":19,"minecraft:grass_block":3,"minecraft:tall_grass":1,"minecraft:cobblestone":2,"minecraft:wall_torch":3,"minecraft:iron_ore":1,"minecraft:fire":1,"minecraft:lilac":1,"minecraft:grass":8,"minecraft:oak_log":4,"supplementaries:stick":3,"minecraft:coal_ore":9,"minecraft:dirt":6,"minecraft:stone":23},"minecraft:custom":{"minecraft:interact_with_furnace":10,"minecraft:mob_kills":32,"minecraft:interact_with_crafting_table":7,"minecraft:leave_game":2,"minecraft:time_since_death":8155,"minecraft:climb_one_cm":29955,"minecraft:time_since_rest":8201,"minecraft:sprint_one_cm":70621,"minecraft:damage_taken":1384,"minecraft:walk_one_cm":267741,"minecraft:drop":35,"minecraft:damage_dealt":5157,"minecraft:swim_one_cm":2271,"minecraft:fly_one_cm":121194,"minecraft:open_chest":4,"minecraft:crouch_one_cm":31993,"minecraft:play_time":64070,"minecraft:deaths":2,"minecraft:sneak_time":8439,"minecraft:walk_under_water_one_cm":5143,"minecraft:jump":1135,"minecraft:walk_on_water_one_cm":20293,"minecraft:total_world_time":64070,"minecraft:fall_one_cm":31705},"minecraft:dropped":{"minecraft:stone_axe":1,"minecraft:wheat_seeds":2,"flashlight:flashlight":1,"minecraft:oak_log":15,"minecraft:stone_sword":1,"minecraft:glass_bottle":3,"minecraft:chicken":2,"minecraft:feather":1,"farmersdelight:cooked_bacon":27,"minecraft:rotten_flesh":5,"minecraft:oak_planks":8,"minecraft:leather":2,"marbledsapi:steel_sheet":1,"minecraft:stick":1,"minecraft:dirt":2,"cold_sweat:fur_cap":1,"flashlight:smallredstonebattery":1,"minecraft:wooden_axe":1,"minecraft:potion":6,"minecraft:wooden_pickaxe":1,"minecraft:beef":2,"minecraft:stone_pickaxe":1,"farmersdelight:apple_cider":1,"bunker_down:brittle_pickaxe":1,"marbledsarsenal:baseball_bat":2,"taccraft:flak_vest_helmet":1,"cold_sweat:fur_pants":1,"minecraft:egg":1},"minecraft:used":{"marbledsarsenal:baseball_bat":21,"minecraft:stone_sword":85,"minecraft:stone_pickaxe":24,"minecraft:glass_bottle":3,"minecraft:oak_planks":11,"minecraft:wooden_pickaxe":19,"minecraft:cooked_chicken":2,"minecraft:rotten_flesh":15,"minecraft:torch":12,"minecraft:stick":6,"minecraft:dirt":10,"minecraft:mutton":1,"minecraft:stone_axe":28,"farmersdelight:cooked_bacon":17,"minecraft:cobblestone":6,"minecraft:potion":22,"minecraft:beef":10,"minecraft:porkchop":2,"minecraft:light_gray_bed":1}},"DataVersion":3120}