{"stats":{"minecraft:picked_up":{"minecraft:crafting_table":2,"minecraft:jungle_boat":2,"minecraft:leather":2,"minecraft:wooden_pickaxe":1,"minecraft:smoker":1,"minecraft:oak_log":10,"minecraft:yellow_bed":2,"minecraft:cobblestone_wall":1,"minecraft:dirt":20,"minecraft:string":2,"minecraft:moss_carpet":2,"minecraft:raw_copper":3,"minecraft:bone":7,"minecraft:blackstone":7,"minecraft:apple":1,"minecraft:kelp":15,"minecraft:cobbled_deepslate":2,"minecraft:iron_ingot":1,"minecraft:beef":2,"minecraft:oak_boat":3,"minecraft:iron_pickaxe":2,"minecraft:enchanted_golden_apple":1,"minecraft:bamboo":10,"minecraft:melon_slice":66,"minecraft:moss_block":7,"minecraft:oak_planks":4,"minecraft:flowering_azalea":2,"minecraft:furnace":1,"minecraft:stick":9,"minecraft:raw_iron":45,"minecraft:oak_door":20,"minecraft:big_dripleaf":3,"minecraft:torch":9,"minecraft:gravel":2,"alexsmobs:animal_dictionary":2,"minecraft:arrow":6,"minecraft:rotten_flesh":10,"minecraft:diamond":11,"minecraft:decorated_pot":1,"minecraft:granite":1,"minecraft:rooted_dirt":21,"minecraft:oak_sapling":2,"minecraft:glow_berries":1,"minecraft:mutton":2,"minecraft:coal":20,"minecraft:white_wool":1,"minecraft:cobblestone":113},"minecraft:killed_by":{"minecraft:player":1},"minecraft:broken":{"minecraft:stone_pickaxe":1},"minecraft:killed":{"minecraft:spider":2,"minecraft:slime":1,"minecraft:creeper":2,"minecraft:skeleton":9,"minecraft:sheep":1,"minecraft:zombie":3,"minecraft:drowned":3,"minecraft:cow":1},"minecraft:used":{"minecraft:moss_block":4,"minecraft:stone_sword":93,"minecraft:stone_pickaxe":134,"minecraft:blackstone":1,"minecraft:wooden_pickaxe":19,"minecraft:shield":8,"minecraft:rotten_flesh":4,"minecraft:jungle_boat":1,"minecraft:oak_door":21,"minecraft:iron_chestplate":1,"minecraft:torch":17,"minecraft:dirt":20,"minecraft:mutton":2,"minecraft:crafting_table":5,"minecraft:cobblestone_wall":1,"minecraft:cake":1,"minecraft:smoker":1,"minecraft:big_dripleaf":3,"minecraft:flowering_azalea":2,"minecraft:apple":1,"minecraft:rooted_dirt":20,"minecraft:bread":6,"minecraft:melon_slice":63,"minecraft:iron_pickaxe":46,"minecraft:golden_helmet":1,"minecraft:stone_axe":53,"minecraft:bamboo":6,"minecraft:cobblestone":70,"minecraft:oak_sapling":2,"minecraft:furnace":2,"minecraft:cooked_cod":13,"minecraft:yellow_bed":2,"minecraft:oak_boat":2,"minecraft:cobbled_deepslate":2},"minecraft:custom":{"minecraft:interact_with_smithing_table":1,"minecraft:interact_with_furnace":23,"minecraft:mob_kills":22,"minecraft:interact_with_crafting_table":11,"minecraft:open_barrel":29,"minecraft:eat_cake_slice":1,"minecraft:leave_game":1,"minecraft:time_since_death":6085,"minecraft:climb_one_cm":3697,"minecraft:sleep_in_bed":2,"minecraft:time_since_rest":5177,"minecraft:sprint_one_cm":149364,"minecraft:damage_taken":2602,"minecraft:walk_one_cm":368714,"minecraft:damage_blocked_by_shield":195,"minecraft:trigger_trapped_chest":3,"minecraft:drop":22,"minecraft:damage_dealt":4089,"minecraft:swim_one_cm":141069,"minecraft:fly_one_cm":310450,"minecraft:open_chest":26,"minecraft:play_time":107298,"minecraft:crouch_one_cm":10370,"minecraft:sneak_time":7465,"minecraft:deaths":2,"minecraft:walk_under_water_one_cm":36188,"minecraft:boat_one_cm":334504,"minecraft:jump":2250,"minecraft:interact_with_brewingstand":2,"minecraft:interact_with_blast_furnace":2,"minecraft:walk_on_water_one_cm":34435,"minecraft:total_world_time":107298,"minecraft:interact_with_smoker":2,"minecraft:fall_one_cm":46984},"minecraft:dropped":{"minecraft:kelp":15,"alexsmobs:animal_dictionary":3,"minecraft:rotten_flesh":6,"minecraft:enchanted_golden_apple":1,"minecraft:rooted_dirt":1,"minecraft:stick":2,"minecraft:melon_slice":3,"minecraft:bamboo":4,"minecraft:arrow":2,"minecraft:iron_pickaxe":1},"minecraft:crafted":{"minecraft:cooked_cod":13,"minecraft:oak_door":3,"minecraft:oak_planks":40,"minecraft:crafting_table":3,"minecraft:wooden_pickaxe":1,"minecraft:furnace":2,"minecraft:stone_axe":1,"minecraft:bread":6,"minecraft:air":0,"minecraft:iron_chestplate":1,"minecraft:shield":1,"minecraft:stick":8,"minecraft:iron_ingot":10,"minecraft:stone_pickaxe":1,"minecraft:stone_sword":1,"minecraft:torch":8},"minecraft:mined":{"minecraft:flowering_azalea":1,"minecraft:blackstone":7,"minecraft:deepslate_diamond_ore":11,"minecraft:oak_door":9,"minecraft:kelp_plant":1,"minecraft:smoker":1,"minecraft:crafting_table":2,"minecraft:torch":4,"minecraft:granite":1,"minecraft:melon":18,"minecraft:grass_block":4,"minecraft:decorated_pot":1,"minecraft:copper_ore":1,"minecraft:cobblestone":1,"minecraft:oak_planks":4,"minecraft:rooted_dirt":17,"minecraft:big_dripleaf":1,"minecraft:furnace":1,"minecraft:cobblestone_wall":1,"minecraft:iron_ore":27,"minecraft:fire":11,"minecraft:yellow_bed":2,"minecraft:big_dripleaf_stem":1,"minecraft:grass":15,"minecraft:cave_vines":1,"minecraft:oak_log":10,"minecraft:coal_ore":17,"minecraft:deepslate_iron_ore":11,"minecraft:vine":1,"minecraft:gravel":2,"minecraft:dirt":5,"minecraft:stone":109,"minecraft:oak_leaves":6,"minecraft:deepslate":1,"minecraft:fern":3}},"DataVersion":3465}