{"stats":{"minecraft:mined":{"minecraft:spruce_planks":3,"biomesoplenty:bush":19,"minecraft:grass_block":485,"biomesoplenty:flowering_oak_leaves":4,"minecraft:light_gray_bed":4,"minecraft:tall_seagrass":1,"biomesoplenty:toadstool":4,"minecraft:iron_ore":2,"minecraft:cobbled_deepslate":4,"minecraft:fire":1,"minecraft:cobblestone_slab":11,"supplementaries:stick":3,"minecraft:dirt_path":40,"minecraft:stone":441,"minecraft:glass_pane":1,"minecraft:crafting_table":4,"minecraft:torch":8,"minecraft:blast_furnace":1,"minecraft:chest":2,"minecraft:tall_grass":3,"minecraft:cobblestone":274,"biomesoplenty:sprout":12,"minecraft:grindstone":4,"minecraft:oak_planks":5,"minecraft:wall_torch":8,"minecraft:blue_bed":5,"minecraft:seagrass":2,"minecraft:purple_bed":1,"minecraft:cobblestone_wall":29,"minecraft:sweet_berry_bush":1,"minecraft:wheat":1,"minecraft:lilac":1,"minecraft:spruce_log":33,"biomesoplenty:maple_leaves":15,"biomesoplenty:fir_log":54,"minecraft:grass":42,"minecraft:oak_log":76,"minecraft:coal_ore":20,"biomesoplenty:fir_leaves":21,"minecraft:sunflower":2,"minecraft:gravel":13,"minecraft:dirt":719,"minecraft:oak_leaves":13,"biomesoplenty:reed":20,"minecraft:fern":7},"minecraft:killed_by":{"minecraft:iron_golem":1,"minecraft:drowned":1,"rottencreatures:burned":2,"minecraft:zombie":4,"naturalist:bear":2},"minecraft:dropped":{"minecraft:wheat_seeds":18,"minecraft:oak_log":15,"minecraft:glass_bottle":3,"minecraft:crafting_table":2,"minecraft:cooked_porkchop":3,"farmersdelight:cooked_bacon":27,"minecraft:iron_helmet":1,"minecraft:feather":1,"minecraft:cobblestone":69,"minecraft:leather":2,"marbledsapi:steel_sheet":1,"minecraft:stick":1,"minecraft:flint":1,"minecraft:dirt":4,"minecraft:torch":4,"minecraft:wooden_axe":1,"minecraft:potion":10,"bunker_down:brittle_pickaxe":1,"minecraft:iron_shovel":1,"marbledsarsenal:baseball_bat":2,"minecraft:bucket":1,"taccraft:flak_vest_helmet":1,"minecraft:stone_axe":1,"flashlight:flashlight":1,"minecraft:stone_sword":1,"minecraft:cobblestone_wall":2,"minecraft:stone_shovel":3,"minecraft:chicken":2,"minecraft:rotten_flesh":30,"minecraft:oak_planks":8,"minecraft:azure_bluet":1,"cold_sweat:fur_cap":1,"minecraft:cobblestone_slab":1,"minecraft:iron_chestplate":1,"flashlight:smallredstonebattery":1,"minecraft:spruce_log":50,"minecraft:wooden_pickaxe":1,"minecraft:beef":2,"minecraft:stone_pickaxe":2,"farmersdelight:apple_cider":1,"cold_sweat:fur_pants":1,"minecraft:egg":1},"minecraft:broken":{"minecraft:stone_pickaxe":4,"minecraft:stone_axe":1,"minecraft:iron_sword":1,"minecraft:stone_shovel":8},"minecraft:killed":{"hordes:zombie_player":1,"rottencreatures:burned":1,"minecraft:zombie_horse":5,"minecraft:drowned":3,"rottencreatures:undead_miner":1,"minecraft:husk":41,"minecraft:pig":1,"naturalist:bear":1,"minecraft:zombie_villager":2,"hamsters:hamster":1,"minecraft:trader_llama":1,"minecraft:zombie":42,"minecraft:cow":8},"minecraft:custom":{"minecraft:mob_kills":97,"minecraft:interact_with_crafting_table":42,"minecraft:interact_with_campfire":12,"minecraft:bell_ring":1,"minecraft:damage_dealt_resisted":34,"minecraft:leave_game":8,"minecraft:time_since_death":41488,"minecraft:climb_one_cm":41709,"minecraft:sprint_one_cm":435695,"minecraft:walk_one_cm":1588131,"minecraft:drop":106,"minecraft:talked_to_villager":29,"minecraft:play_time":400860,"minecraft:sneak_time":94065,"minecraft:deaths":16,"minecraft:walk_under_water_one_cm":20945,"minecraft:boat_one_cm":101053,"minecraft:jump":6061,"minecraft:interact_with_blast_furnace":4,"minecraft:walk_on_water_one_cm":61428,"minecraft:total_world_time":400860,"minecraft:interact_with_furnace":17,"minecraft:traded_with_villager":12,"minecraft:sleep_in_bed":16,"minecraft:time_since_rest":41515,"minecraft:damage_taken":6815,"minecraft:damage_dealt":18659,"minecraft:swim_one_cm":17942,"minecraft:fly_one_cm":650831,"minecraft:open_chest":158,"minecraft:crouch_one_cm":401245,"minecraft:fall_one_cm":157379},"minecraft:crafted":{"minecraft:oak_planks":304,"minecraft:cobblestone_slab":60,"minecraft:stone_shovel":7,"farmersdelight:cooked_rice":1,"minecraft:cooked_chicken":2,"minecraft:furnace":1,"minecraft:stone_pickaxe":9,"minecraft:cobblestone_wall":186,"minecraft:chest":9,"minecraft:stone_hoe":1,"minecraft:oak_fence":3,"minecraft:emerald":12,"minecraft:crafting_table":1,"minecraft:spruce_planks":56,"minecraft:wooden_pickaxe":1,"minecraft:bowl":4,"minecraft:bucket":1,"minecraft:stone_axe":5,"minecraft:air":0,"biomesoplenty:fir_planks":208,"minecraft:oak_fence_gate":1,"minecraft:potion":3,"minecraft:stick":432,"minecraft:iron_ingot":1,"minecraft:stone_sword":1},"minecraft:picked_up":{"minecraft:crafting_table":5,"minecraft:iron_chestplate":2,"minecraft:wheat":2,"minecraft:azure_bluet":5,"cold_sweat:fur_cap":2,"minecraft:chicken":2,"minecraft:lead":6,"minecraft:wooden_pickaxe":3,"marbledsapi:steel_sheet":1,"minecraft:potion":17,"marbledsarsenal:baseball_bat":5,"farmersdelight:diamond_knife":1,"minecraft:armor_stand":2,"minecraft:iron_shovel":2,"minecraft:cobbled_deepslate":6,"minecraft:spruce_planks":8,"minecraft:beef":22,"minecraft:rose_bush":14,"minecraft:cobblestone_slab":13,"minecraft:poppy":3,"minecraft:chest":2,"crittersandcompanions:clam":9,"minecraft:piston":6,"minecraft:egg":3,"minecraft:stick":23,"minecraft:raw_iron":4,"minecraft:oak_fence":1,"minecraft:torch":31,"minecraft:redstone":3,"minecraft:stone_shovel":9,"minecraft:stone_sword":2,"farmersdelight:fried_egg":2,"minecraft:rotten_flesh":124,"minecraft:light_gray_bed":12,"minecraft:mutton":1,"minecraft:white_wool":1,"minecraft:cobblestone":711,"minecraft:magma_block":2,"taccraft:flak_vest_helmet":4,"cold_sweat:fur_pants":5,"minecraft:feather":1,"minecraft:cooked_beef":5,"minecraft:lilac":2,"taccraft:nylon_stripe":4,"minecraft:leather":7,"bunker_down:steel_vent":1,"biomesoplenty:fir_log":52,"minecraft:flint":1,"minecraft:oak_log":78,"farmersdelight:cooked_bacon":13,"minecraft:cobblestone_wall":27,"minecraft:dirt":1229,"minecraft:blue_bed":5,"minecraft:wheat_seeds":39,"farmersdelight:apple_cider":2,"minecraft:iron_ingot":2,"minecraft:grindstone":4,"minecraft:stone_pickaxe":4,"minecraft:glass_bottle":13,"minecraft:iron_sword":1,"minecraft:oak_planks":15,"biomesoplenty:toadstool":4,"minecraft:cooked_porkchop":4,"minecraft:sweet_berries":110,"minecraft:dandelion":3,"minecraft:gravel":18,"minecraft:sand":6,"minecraft:spruce_sapling":2,"minecraft:blast_furnace":1,"minecraft:spruce_log":60,"minecraft:lily_of_the_valley":10,"minecraft:mossy_cobblestone":2,"biomesoplenty:flowering_oak_sapling":1,"minecraft:spruce_fence_gate":1,"biomesoplenty:maple_sapling":1,"minecraft:purple_bed":1,"minecraft:stone_axe":4,"minecraft:iron_helmet":1,"minecraft:spruce_sign":1,"minecraft:oak_sapling":6,"minecraft:coal":29,"rottencreatures:magma_rotten_flesh":2},"minecraft:used":{"minecraft:oak_fence":2,"marbledsarsenal:baseball_bat":105,"minecraft:stone_sword":98,"farmersdelight:diamond_knife":18,"minecraft:iron_shovel":25,"minecraft:stone_shovel":1187,"minecraft:chest":11,"minecraft:spruce_planks":29,"minecraft:iron_sword":248,"minecraft:cooked_chicken":2,"minecraft:rotten_flesh":73,"minecraft:stick":6,"minecraft:torch":27,"minecraft:dirt":612,"minecraft:mutton":1,"minecraft:lily_of_the_valley":8,"minecraft:cobblestone_wall":147,"minecraft:azure_bluet":1,"minecraft:oak_fence_gate":1,"minecraft:magma_block":1,"minecraft:beef":10,"minecraft:sweet_berries":10,"minecraft:oak_sapling":1,"minecraft:egg":1,"minecraft:cooked_beef":4,"minecraft:cobbled_deepslate":6,"minecraft:light_gray_bed":10,"farmersdelight:fried_egg":2,"bunker_down:steel_vent":1,"minecraft:stone_pickaxe":793,"minecraft:glass_bottle":21,"minecraft:oak_planks":22,"minecraft:wooden_pickaxe":19,"biomesoplenty:fir_planks":16,"minecraft:blue_bed":5,"minecraft:spruce_fence_gate":1,"minecraft:cobblestone_slab":62,"minecraft:mossy_cobblestone":4,"minecraft:sand":3,"minecraft:crafting_table":3,"minecraft:blast_furnace":1,"minecraft:piston":6,"minecraft:bread":5,"minecraft:gravel":14,"biomesoplenty:toadstool":4,"minecraft:stone_axe":207,"farmersdelight:cooked_bacon":31,"minecraft:potion":43,"minecraft:cobblestone":105,"minecraft:porkchop":2,"minecraft:grindstone":4,"minecraft:cooked_porkchop":1}},"DataVersion":3120}