{"stats":{"minecraft:used":{"minecraft:moss_block":4,"minecraft:cherry_sapling":4,"minecraft:moss_carpet":1,"minecraft:iron_shovel":501,"minecraft:chest":8,"minecraft:shield":15,"minecraft:rotten_flesh":16,"minecraft:iron_chestplate":1,"minecraft:mutton":2,"minecraft:carrot":18,"minecraft:allium":5,"minecraft:tuff":10,"minecraft:stripped_spruce_log":9,"minecraft:big_dripleaf":3,"minecraft:spruce_boat":2,"minecraft:lava_bucket":7,"minecraft:sweet_berries":42,"minecraft:furnace":3,"minecraft:oak_sapling":2,"minecraft:cooked_cod":13,"minecraft:egg":1,"minecraft:potato":11,"minecraft:stone_pickaxe":259,"minecraft:oak_planks":5,"minecraft:blackstone":22,"minecraft:wooden_pickaxe":48,"minecraft:blue_bed":2,"minecraft:jungle_boat":6,"minecraft:glow_berries":9,"minecraft:bread":6,"minecraft:melon_slice":63,"minecraft:gravel":3,"minecraft:golden_helmet":1,"minecraft:oak_boat":3,"minecraft:coarse_dirt":72,"minecraft:cherry_boat":2,"minecraft:stone_sword":130,"minecraft:stone_shovel":1633,"minecraft:spruce_planks":101,"minecraft:stone_hoe":104,"minecraft:oak_door":21,"minecraft:torch":35,"minecraft:dirt":339,"minecraft:cobblestone_wall":1,"minecraft:spruce_fence":2,"minecraft:flowering_azalea":2,"minecraft:iron_axe":167,"minecraft:cherry_slab":3,"minecraft:rooted_dirt":20,"minecraft:smooth_basalt":6,"minecraft:bamboo":6,"minecraft:cobbled_deepslate":39,"minecraft:enchanted_golden_apple":1,"minecraft:wheat_seeds":80,"minecraft:water_bucket":68,"minecraft:baked_potato":8,"minecraft:cherry_planks":2,"farmersdelight:onion":6,"minecraft:crafting_table":11,"minecraft:smoker":1,"minecraft:cake":1,"minecraft:spruce_log":10,"minecraft:apple":1,"minecraft:suspicious_stew":1,"minecraft:iron_pickaxe":146,"minecraft:spruce_sapling":1,"minecraft:stone_axe":105,"minecraft:pink_petals":3,"minecraft:cobblestone":120,"minecraft:purple_bed":1,"minecraft:jungle_door":2,"minecraft:bucket":76,"minecraft:yellow_bed":2,"minecraft:stripped_oak_log":5,"minecraft:dandelion":4,"minecraft:candle":4},"minecraft:crafted":{"minecraft:oak_planks":68,"minecraft:chest":9,"minecraft:crafting_table":5,"minecraft:spruce_planks":252,"minecraft:jungle_boat":1,"minecraft:wooden_pickaxe":3,"minecraft:baked_potato":5,"minecraft:iron_chestplate":1,"minecraft:shield":1,"minecraft:stick":72,"minecraft:iron_ingot":16,"minecraft:stone_sword":2,"minecraft:oak_door":3,"minecraft:stone_shovel":11,"minecraft:furnace":3,"minecraft:stone_pickaxe":3,"minecraft:cooked_cod":13,"minecraft:bucket":1,"minecraft:stone_axe":4,"minecraft:jungle_planks":12,"minecraft:bread":6,"minecraft:air":0,"minecraft:oak_boat":1,"minecraft:jungle_door":3,"minecraft:iron_shovel":4,"minecraft:torch":72},"minecraft:dropped":{"minecraft:clay":1,"minecraft:porkchop":1,"minecraft:diamond":1,"minecraft:rooted_dirt":1,"minecraft:leather":1,"minecraft:jungle_planks":1,"minecraft:dirt":6,"minecraft:iron_pickaxe":1,"minecraft:gravel":5,"alexsmobs:animal_dictionary":3,"minecraft:cherry_sapling":3,"minecraft:rotten_flesh":10,"minecraft:enchanted_golden_apple":1,"minecraft:oak_planks":2,"minecraft:jungle_log":1,"minecraft:arrow":2,"minecraft:water_bucket":1,"minecraft:iron_ingot":2,"minecraft:wheat_seeds":27,"minecraft:golden_helmet":1,"minecraft:mossy_cobblestone":1,"minecraft:stick":2,"minecraft:torch":25,"minecraft:melon_slice":3,"minecraft:oak_stairs":1,"minecraft:chainmail_leggings":1,"minecraft:iron_shovel":3,"minecraft:paper":13,"minecraft:string":1,"minecraft:lily_pad":5,"minecraft:kelp":19,"minecraft:sweet_berries":16,"minecraft:coarse_dirt":16,"minecraft:stone_sword":1,"minecraft:raw_copper":4,"minecraft:bowl":1,"minecraft:tuff":8,"minecraft:stone_shovel":1,"minecraft:spruce_fence":2,"minecraft:potato":1,"minecraft:allium":123,"minecraft:yellow_bed":1,"minecraft:golden_leggings":1,"minecraft:spider_eye":6,"minecraft:bamboo":4,"minecraft:slime_ball":3,"minecraft:stone_pickaxe":2},"minecraft:killed":{"minecraft:spider":5,"minecraft:skeleton":17,"minecraft:zombie_villager":1,"minecraft:creeper":3,"minecraft:sheep":1,"minecraft:zombie":21,"minecraft:cow":1,"minecraft:slime":1,"minecraft:drowned":5},"minecraft:killed_by":{"minecraft:player":6},"minecraft:broken":{"minecraft:iron_shovel":2,"minecraft:iron_chestplate":1,"minecraft:iron_leggings":1,"minecraft:chainmail_boots":1,"minecraft:stone_pickaxe":1,"minecraft:stone_shovel":9,"minecraft:stone_sword":1,"minecraft:iron_axe":1,"minecraft:iron_pickaxe":1,"minecraft:iron_helmet":1},"minecraft:custom":{"minecraft:interact_with_crafting_table":51,"minecraft:open_barrel":43,"minecraft:eat_cake_slice":1,"minecraft:leave_game":5,"minecraft:time_since_death":9575,"minecraft:damage_resisted":31,"minecraft:sprint_one_cm":648495,"minecraft:damage_blocked_by_shield":395,"minecraft:drop":89,"minecraft:talked_to_villager":15,"minecraft:play_time":454286,"minecraft:deaths":35,"minecraft:jump":8920,"minecraft:interact_with_brewingstand":2,"minecraft:walk_on_water_one_cm":76984,"minecraft:interact_with_furnace":33,"minecraft:sleep_in_bed":15,"minecraft:damage_dealt":12110,"minecraft:crouch_one_cm":46826,"minecraft:interact_with_smoker":15,"minecraft:interact_with_smithing_table":1,"minecraft:mob_kills":61,"minecraft:interact_with_anvil":2,"minecraft:interact_with_campfire":3,"minecraft:climb_one_cm":4637,"minecraft:walk_one_cm":2038831,"minecraft:sneak_time":19741,"minecraft:walk_under_water_one_cm":70087,"minecraft:boat_one_cm":763556,"minecraft:interact_with_blast_furnace":3,"minecraft:total_world_time":454286,"minecraft:interact_with_grindstone":2,"minecraft:time_since_rest":9611,"minecraft:damage_taken":13170,"minecraft:damage_absorbed":102,"minecraft:trigger_trapped_chest":4,"minecraft:swim_one_cm":254126,"minecraft:fly_one_cm":1344566,"minecraft:open_chest":282,"minecraft:fall_one_cm":202762},"minecraft:picked_up":{"minecraft:anvil":1,"minecraft:suspicious_stew":1,"minecraft:smithing_table":1,"minecraft:oak_stairs":1,"minecraft:string":5,"minecraft:raw_copper":7,"minecraft:cherry_boat":2,"minecraft:cobbled_deepslate":93,"minecraft:spruce_planks":13,"artifacts:aqua_dashers":1,"minecraft:calcite":5,"minecraft:iron_pickaxe":3,"minecraft:enchanted_golden_apple":1,"minecraft:melon_slice":66,"minecraft:furnace":1,"minecraft:golden_helmet":1,"minecraft:stick":13,"minecraft:jungle_door":2,"minecraft:big_dripleaf":3,"minecraft:torch":10,"minecraft:porkchop":1,"minecraft:cauldron":2,"minecraft:rotten_flesh":38,"farmersdelight:onion":14,"immersive_melodies:flute":2,"minecraft:cobblestone":215,"minecraft:pink_petals":3,"minecraft:cherry_planks":5,"minecraft:water_bucket":1,"minecraft:jungle_log":4,"minecraft:golden_leggings":1,"minecraft:smoker":1,"minecraft:potato":12,"minecraft:tuff":18,"minecraft:dirt":1685,"minecraft:bone":19,"minecraft:wheat_seeds":85,"minecraft:raw_gold":3,"minecraft:grindstone":5,"minecraft:bamboo":10,"minecraft:moss_block":7,"minecraft:oak_planks":10,"minecraft:stripped_spruce_log":17,"minecraft:trapped_chest":1,"alexsmobs:animal_dictionary":2,"minecraft:mossy_cobblestone":1,"minecraft:clay":1,"minecraft:diamond":12,"minecraft:spruce_boat":2,"minecraft:granite":1,"minecraft:rooted_dirt":26,"minecraft:oak_sapling":2,"minecraft:cherry_slab":6,"minecraft:coarse_dirt":250,"minecraft:crafting_table":7,"minecraft:allium":128,"minecraft:brown_mushroom":16,"minecraft:wooden_pickaxe":1,"minecraft:stripped_cherry_log":1,"minecraft:oak_trapdoor":2,"minecraft:moss_carpet":3,"minecraft:iron_shovel":1,"minecraft:blackstone":21,"minecraft:candle":4,"minecraft:beef":2,"minecraft:oak_boat":4,"minecraft:egg":1,"minecraft:raw_iron":54,"minecraft:oak_door":20,"minecraft:bowl":4,"minecraft:spruce_fence":4,"minecraft:carrot":13,"minecraft:stone_shovel":1,"minecraft:arrow":14,"minecraft:decorated_pot":1,"minecraft:mutton":2,"minecraft:glow_berries":9,"minecraft:white_wool":1,"minecraft:stripped_oak_log":5,"minecraft:jungle_boat":5,"minecraft:leather":3,"minecraft:oak_log":17,"minecraft:lily_pad":5,"minecraft:gunpowder":8,"minecraft:yellow_bed":3,"minecraft:cobblestone_wall":1,"minecraft:blue_bed":2,"minecraft:paper":13,"minecraft:apple":1,"minecraft:kelp":19,"minecraft:iron_ingot":2,"minecraft:stone_pickaxe":1,"minecraft:flowering_azalea":2,"minecraft:book":12,"minecraft:smooth_basalt":6,"minecraft:sweet_berries":56,"minecraft:dandelion":4,"minecraft:gravel":11,"minecraft:spruce_sapling":1,"minecraft:blast_furnace":2,"minecraft:spruce_log":95,"minecraft:spider_eye":6,"minecraft:purple_bed":1,"minecraft:slime_ball":3,"minecraft:chainmail_leggings":1,"minecraft:cherry_sapling":11,"minecraft:baked_potato":3,"minecraft:coal":43},"minecraft:mined":{"minecraft:spruce_planks":13,"minecraft:cave_vines_plant":3,"minecraft:granite":1,"minecraft:grass_block":1295,"minecraft:jungle_log":3,"minecraft:cobbled_deepslate":10,"minecraft:iron_ore":34,"minecraft:fire":21,"minecraft:anvil":1,"minecraft:cave_vines":3,"minecraft:water_cauldron":2,"minecraft:dirt_path":1,"farmersdelight:wild_potatoes":12,"minecraft:brown_mushroom":15,"minecraft:blackstone":21,"minecraft:kelp_plant":2,"minecraft:smoker":1,"minecraft:torch":5,"minecraft:blast_furnace":1,"minecraft:calcite":6,"minecraft:melon":18,"minecraft:cobblestone":16,"minecraft:grindstone":5,"minecraft:oak_planks":5,"minecraft:cherry_slab":2,"minecraft:pink_petals":1,"minecraft:seagrass":1,"minecraft:grass":298,"minecraft:oak_log":17,"minecraft:dirt":371,"minecraft:smooth_basalt":6,"minecraft:oak_leaves":6,"minecraft:deepslate":54,"minecraft:tuff":10,"minecraft:mossy_cobblestone":1,"minecraft:deepslate_diamond_ore":11,"minecraft:candle":1,"minecraft:oak_door":9,"farmersdelight:wild_carrots":9,"minecraft:allium":2,"minecraft:spruce_fence":2,"minecraft:decorated_pot":1,"minecraft:spruce_leaves":26,"minecraft:rooted_dirt":22,"minecraft:large_fern":1,"farmersdelight:wild_onions":14,"minecraft:furnace":1,"minecraft:carrots":1,"minecraft:stripped_spruce_log":1,"minecraft:big_dripleaf_stem":1,"minecraft:bookshelf":4,"minecraft:deepslate_iron_ore":13,"minecraft:vine":2,"minecraft:stone":196,"minecraft:smithing_table":1,"minecraft:flowering_azalea":1,"minecraft:cherry_planks":3,"minecraft:crafting_table":7,"minecraft:tall_grass":63,"minecraft:copper_ore":2,"minecraft:blue_bed":2,"minecraft:big_dripleaf":1,"minecraft:purple_bed":1,"minecraft:coarse_dirt":233,"minecraft:cobblestone_wall":1,"minecraft:sweet_berry_bush":2,"minecraft:spruce_log":98,"minecraft:yellow_bed":3,"minecraft:coal_ore":40,"minecraft:gravel":5,"minecraft:fern":11}},"DataVersion":3465}