{"stats":{"minecraft:killed_by":{"minecraft:zombie":1,"minecraft:drowned":1,"naturalist:bear":1},"minecraft:crafted":{"minecraft:oak_planks":20,"minecraft:spruce_planks":4,"minecraft:wooden_pickaxe":1,"minecraft:cooked_chicken":2,"minecraft:furnace":1,"minecraft:stone_axe":1,"minecraft:air":0,"minecraft:oak_fence_gate":1,"minecraft:potion":3,"minecraft:stick":20,"minecraft:stone_pickaxe":1,"minecraft:stone_sword":1,"minecraft:oak_fence":3},"minecraft:picked_up":{"minecraft:crafting_table":1,"taccraft:flak_vest_helmet":4,"cold_sweat:fur_cap":2,"minecraft:lilac":2,"minecraft:feather":1,"cold_sweat:fur_pants":5,"minecraft:chicken":2,"taccraft:nylon_stripe":4,"minecraft:leather":3,"minecraft:lead":2,"minecraft:wooden_pickaxe":2,"bunker_down:steel_vent":1,"marbledsapi:steel_sheet":1,"minecraft:potion":6,"minecraft:oak_log":5,"marbledsarsenal:baseball_bat":4,"farmersdelight:cooked_bacon":13,"minecraft:dirt":10,"minecraft:iron_shovel":2,"minecraft:wheat_seeds":18,"farmersdelight:apple_cider":2,"minecraft:beef":17,"minecraft:stone_pickaxe":2,"minecraft:glass_bottle":13,"minecraft:oak_planks":15,"crittersandcompanions:clam":9,"minecraft:piston":6,"minecraft:egg":2,"biomesoplenty:toadstool":2,"minecraft:stick":11,"minecraft:raw_iron":2,"minecraft:torch":13,"minecraft:sand":6,"minecraft:spruce_log":1,"minecraft:redstone":3,"biomesoplenty:flowering_oak_sapling":1,"minecraft:stone_sword":2,"minecraft:light_gray_bed":9,"minecraft:rotten_flesh":68,"minecraft:stone_axe":2,"minecraft:mutton":1,"minecraft:coal":18,"minecraft:white_wool":1,"minecraft:cobblestone":46},"minecraft:used":{"minecraft:oak_fence":1,"bunker_down:steel_vent":1,"marbledsarsenal:baseball_bat":32,"minecraft:stone_sword":85,"minecraft:stone_pickaxe":47,"minecraft:glass_bottle":15,"minecraft:oak_planks":19,"minecraft:wooden_pickaxe":19,"minecraft:cooked_chicken":2,"minecraft:rotten_flesh":18,"minecraft:torch":13,"minecraft:stick":6,"minecraft:dirt":10,"minecraft:sand":3,"minecraft:mutton":1,"minecraft:piston":6,"biomesoplenty:toadstool":2,"farmersdelight:cooked_bacon":17,"minecraft:stone_axe":37,"minecraft:potion":31,"minecraft:cobblestone":28,"minecraft:beef":10,"minecraft:porkchop":2,"minecraft:light_gray_bed":7},"minecraft:killed":{"minecraft:pig":1,"hordes:zombie_player":1,"hamsters:hamster":1,"minecraft:trader_llama":1,"minecraft:zombie":24,"minecraft:drowned":3,"minecraft:cow":5},"minecraft:custom":{"minecraft:interact_with_furnace":10,"minecraft:mob_kills":35,"minecraft:interact_with_crafting_table":8,"minecraft:leave_game":3,"minecraft:time_since_death":10613,"minecraft:sleep_in_bed":5,"minecraft:climb_one_cm":38181,"minecraft:time_since_rest":885,"minecraft:sprint_one_cm":106904,"minecraft:damage_taken":2396,"minecraft:walk_one_cm":367290,"minecraft:drop":60,"minecraft:damage_dealt":5820,"minecraft:swim_one_cm":9595,"minecraft:fly_one_cm":180574,"minecraft:open_chest":4,"minecraft:crouch_one_cm":68373,"minecraft:play_time":102715,"minecraft:deaths":6,"minecraft:sneak_time":16433,"minecraft:walk_under_water_one_cm":11668,"minecraft:boat_one_cm":89645,"minecraft:jump":1674,"minecraft:walk_on_water_one_cm":51942,"minecraft:total_world_time":102715,"minecraft:fall_one_cm":45099},"minecraft:mined":{"minecraft:crafting_table":2,"minecraft:torch":4,"biomesoplenty:bush":19,"minecraft:grass_block":3,"biomesoplenty:flowering_oak_leaves":4,"minecraft:light_gray_bed":2,"minecraft:tall_grass":1,"minecraft:cobblestone":2,"biomesoplenty:sprout":1,"minecraft:oak_planks":5,"minecraft:wall_torch":5,"minecraft:seagrass":2,"minecraft:tall_seagrass":1,"biomesoplenty:toadstool":2,"minecraft:iron_ore":1,"minecraft:fire":1,"minecraft:lilac":1,"minecraft:spruce_log":1,"minecraft:grass":19,"supplementaries:stick":3,"minecraft:oak_log":5,"minecraft:coal_ore":9,"minecraft:dirt":6,"minecraft:stone":45,"biomesoplenty:reed":20,"minecraft:oak_leaves":3,"minecraft:fern":1},"minecraft:dropped":{"minecraft:stone_axe":1,"minecraft:wheat_seeds":2,"flashlight:flashlight":1,"minecraft:stone_sword":1,"minecraft:oak_log":15,"minecraft:glass_bottle":3,"minecraft:chicken":2,"minecraft:feather":1,"farmersdelight:cooked_bacon":27,"minecraft:rotten_flesh":30,"minecraft:oak_planks":8,"minecraft:leather":2,"marbledsapi:steel_sheet":1,"minecraft:stick":1,"minecraft:dirt":2,"cold_sweat:fur_cap":1,"flashlight:smallredstonebattery":1,"minecraft:wooden_axe":1,"minecraft:potion":6,"minecraft:wooden_pickaxe":1,"minecraft:beef":2,"minecraft:stone_pickaxe":1,"farmersdelight:apple_cider":1,"bunker_down:brittle_pickaxe":1,"marbledsarsenal:baseball_bat":2,"taccraft:flak_vest_helmet":1,"cold_sweat:fur_pants":1,"minecraft:egg":1}},"DataVersion":3120}