{"stats":{"minecraft:used":{"minecraft:stone_sword":56,"minecraft:stone_pickaxe":20,"minecraft:birch_boat":4,"minecraft:shield":12,"minecraft:wooden_pickaxe":50,"minecraft:rotten_flesh":2,"minecraft:torch":3,"minecraft:dirt":31,"minecraft:crafting_table":6,"minecraft:mushroom_stew":4,"minecraft:cornflower":1,"minecraft:chicken":1,"minecraft:melon_slice":3,"alexsmobs:kangaroo_meat":2,"minecraft:stone_axe":24,"minecraft:cooked_porkchop":1,"minecraft:furnace":1,"minecraft:porkchop":1,"alexsmobs:animal_dictionary":1,"minecraft:egg":3},"minecraft:crafted":{"minecraft:cooked_porkchop":1,"minecraft:crafting_table":2,"minecraft:birch_boat":2,"minecraft:wooden_pickaxe":2,"minecraft:bowl":4,"minecraft:furnace":1,"minecraft:mushroom_stew":4,"minecraft:birch_planks":80,"minecraft:stone_axe":2,"minecraft:stick":32,"minecraft:stone_pickaxe":2,"minecraft:stone_sword":3,"minecraft:torch":32},"minecraft:mined":{"minecraft:jungle_leaves":5,"minecraft:crafting_table":5,"minecraft:grass_block":2,"minecraft:melon":2,"minecraft:tall_grass":5,"minecraft:sandstone":5,"minecraft:large_fern":1,"minecraft:furnace":1,"minecraft:birch_log":20,"minecraft:birch_leaves":1,"minecraft:grass":7,"minecraft:coal_ore":11,"minecraft:sand":6,"minecraft:dirt":8,"minecraft:stone":42,"minecraft:oak_leaves":1,"minecraft:fern":4},"minecraft:picked_up":{"minecraft:birch_log":20,"minecraft:crafting_table":5,"minecraft:feather":2,"minecraft:chicken":1,"minecraft:brown_mushroom":4,"minecraft:red_mushroom":4,"minecraft:filled_map":1,"minecraft:birch_planks":2,"minecraft:shield":1,"minecraft:cornflower":1,"minecraft:dirt":33,"minecraft:string":1,"minecraft:bone":4,"minecraft:bow":1,"minecraft:wheat_seeds":1,"minecraft:iron_ingot":1,"minecraft:melon_slice":22,"minecraft:sugar_cane":15,"minecraft:egg":3,"minecraft:furnace":1,"minecraft:stick":1,"minecraft:sandstone":4,"minecraft:birch_boat":2,"minecraft:chiseled_stone_bricks":1,"minecraft:porkchop":2,"minecraft:sand":8,"minecraft:redstone":1,"minecraft:mossy_cobblestone":1,"minecraft:spider_eye":3,"minecraft:arrow":4,"minecraft:rotten_flesh":5,"alexsmobs:kangaroo_meat":2,"minecraft:coal":13,"alexsmobs:flying_fish":1,"minecraft:cobblestone":44},"minecraft:dropped":{"minecraft:sugar_cane":2,"minecraft:birch_planks":2,"minecraft:wheat_seeds":1,"minecraft:stone_sword":1,"alexsmobs:animal_dictionary":1,"minecraft:feather":2,"minecraft:cobblestone":16,"minecraft:stick":9,"minecraft:filled_map":1,"minecraft:melon_slice":17,"minecraft:sandstone":4,"minecraft:arrow":4},"minecraft:killed":{"minecraft:pig":1,"minecraft:zombie_villager":1,"minecraft:spider":1,"minecraft:skeleton":2,"minecraft:zombie":3,"alexsmobs:terrapin":1,"minecraft:chicken":1,"minecraft:drowned":2,"alexsmobs:kangaroo":1},"minecraft:killed_by":{"minecraft:skeleton":1},"minecraft:custom":{"minecraft:interact_with_furnace":6,"minecraft:mob_kills":13,"minecraft:interact_with_crafting_table":15,"minecraft:leave_game":2,"minecraft:time_since_death":0,"minecraft:climb_one_cm":12441,"minecraft:time_since_rest":0,"minecraft:sprint_one_cm":97417,"minecraft:damage_taken":2063,"minecraft:walk_one_cm":261418,"minecraft:damage_blocked_by_shield":380,"minecraft:drop":39,"minecraft:damage_dealt":2522,"minecraft:swim_one_cm":56244,"minecraft:fly_one_cm":146525,"minecraft:player_kills":1,"minecraft:open_chest":3,"minecraft:crouch_one_cm":13310,"minecraft:play_time":80835,"minecraft:deaths":5,"minecraft:sneak_time":3575,"minecraft:walk_under_water_one_cm":18415,"minecraft:boat_one_cm":435278,"minecraft:jump":1231,"minecraft:walk_on_water_one_cm":11128,"minecraft:total_world_time":80835,"minecraft:fall_one_cm":34425}},"DataVersion":3465}