{"stats":{"minecraft:picked_up":{"minecraft:crafting_table":7,"minecraft:coarse_dirt":100,"minecraft:suspicious_stew":1,"minecraft:brown_mushroom":16,"minecraft:wooden_pickaxe":1,"minecraft:oak_stairs":1,"minecraft:string":3,"minecraft:oak_trapdoor":2,"minecraft:moss_carpet":3,"minecraft:raw_copper":7,"minecraft:iron_shovel":1,"minecraft:blackstone":21,"minecraft:cherry_boat":2,"minecraft:candle":4,"minecraft:cobbled_deepslate":25,"minecraft:spruce_planks":3,"minecraft:beef":2,"minecraft:oak_boat":4,"minecraft:calcite":5,"minecraft:iron_pickaxe":2,"minecraft:enchanted_golden_apple":1,"minecraft:melon_slice":66,"minecraft:furnace":1,"minecraft:egg":1,"minecraft:stick":11,"minecraft:raw_iron":49,"minecraft:jungle_door":2,"minecraft:oak_door":20,"minecraft:big_dripleaf":3,"minecraft:torch":9,"minecraft:bowl":4,"minecraft:spruce_fence":4,"minecraft:porkchop":1,"minecraft:carrot":9,"minecraft:rotten_flesh":24,"minecraft:arrow":12,"minecraft:decorated_pot":1,"immersive_melodies:flute":1,"minecraft:glow_berries":9,"minecraft:mutton":2,"minecraft:white_wool":1,"minecraft:cobblestone":200,"minecraft:stripped_oak_log":5,"minecraft:pink_petals":3,"minecraft:jungle_boat":4,"minecraft:jungle_log":4,"minecraft:leather":3,"minecraft:smoker":1,"minecraft:potato":12,"minecraft:tuff":10,"minecraft:oak_log":17,"minecraft:yellow_bed":3,"minecraft:gunpowder":1,"minecraft:cobblestone_wall":1,"minecraft:dirt":792,"minecraft:bone":13,"minecraft:apple":1,"minecraft:kelp":19,"minecraft:wheat_seeds":42,"minecraft:grindstone":1,"minecraft:iron_ingot":2,"minecraft:bamboo":10,"minecraft:moss_block":7,"minecraft:oak_planks":10,"minecraft:flowering_azalea":2,"minecraft:book":6,"minecraft:smooth_basalt":6,"minecraft:sweet_berries":53,"minecraft:dandelion":4,"minecraft:gravel":6,"minecraft:stripped_spruce_log":16,"minecraft:spruce_log":23,"alexsmobs:animal_dictionary":2,"minecraft:mossy_cobblestone":1,"minecraft:slime_ball":3,"minecraft:diamond":11,"minecraft:spruce_boat":1,"minecraft:chainmail_leggings":1,"minecraft:granite":1,"minecraft:cherry_sapling":7,"minecraft:baked_potato":3,"minecraft:rooted_dirt":22,"minecraft:oak_sapling":2,"minecraft:coal":20},"minecraft:killed_by":{"minecraft:player":3},"minecraft:broken":{"minecraft:iron_shovel":2,"minecraft:stone_sword":1,"minecraft:chainmail_boots":1,"minecraft:stone_pickaxe":1,"minecraft:iron_pickaxe":1,"minecraft:iron_helmet":1,"minecraft:stone_shovel":2},"minecraft:killed":{"minecraft:spider":4,"minecraft:slime":1,"minecraft:skeleton":13,"minecraft:drowned":5,"minecraft:creeper":3,"minecraft:sheep":1,"minecraft:zombie":13,"minecraft:cow":1},"minecraft:used":{"minecraft:cherry_boat":2,"minecraft:moss_block":4,"minecraft:moss_carpet":1,"minecraft:stone_sword":130,"minecraft:iron_shovel":501,"minecraft:stone_shovel":351,"minecraft:chest":8,"minecraft:spruce_planks":36,"minecraft:shield":9,"minecraft:rotten_flesh":10,"minecraft:iron_chestplate":1,"minecraft:oak_door":21,"minecraft:torch":17,"minecraft:dirt":289,"minecraft:mutton":2,"minecraft:cobblestone_wall":1,"minecraft:carrot":13,"minecraft:tuff":10,"minecraft:spruce_fence":2,"minecraft:stripped_spruce_log":8,"minecraft:big_dripleaf":3,"minecraft:spruce_boat":1,"minecraft:flowering_azalea":2,"minecraft:rooted_dirt":20,"minecraft:iron_axe":74,"minecraft:smooth_basalt":6,"minecraft:bamboo":6,"minecraft:sweet_berries":42,"minecraft:oak_sapling":2,"minecraft:furnace":3,"minecraft:cooked_cod":13,"minecraft:egg":1,"minecraft:potato":11,"minecraft:cobbled_deepslate":25,"minecraft:enchanted_golden_apple":1,"minecraft:water_bucket":54,"minecraft:baked_potato":8,"minecraft:stone_pickaxe":167,"minecraft:oak_planks":5,"minecraft:blackstone":22,"minecraft:wooden_pickaxe":48,"minecraft:jungle_boat":5,"minecraft:glow_berries":9,"minecraft:crafting_table":11,"minecraft:cake":1,"minecraft:smoker":1,"minecraft:apple":1,"minecraft:melon_slice":63,"minecraft:bread":6,"minecraft:iron_pickaxe":146,"minecraft:suspicious_stew":1,"minecraft:gravel":3,"minecraft:golden_helmet":1,"minecraft:stone_axe":56,"minecraft:pink_petals":3,"minecraft:cobblestone":119,"minecraft:jungle_door":2,"minecraft:bucket":55,"minecraft:yellow_bed":2,"minecraft:oak_boat":3,"minecraft:stripped_oak_log":5,"minecraft:coarse_dirt":4,"minecraft:dandelion":4,"minecraft:candle":4},"minecraft:custom":{"minecraft:interact_with_smithing_table":1,"minecraft:mob_kills":45,"minecraft:interact_with_crafting_table":30,"minecraft:open_barrel":37,"minecraft:interact_with_campfire":3,"minecraft:eat_cake_slice":1,"minecraft:leave_game":1,"minecraft:time_since_death":334,"minecraft:damage_resisted":31,"minecraft:climb_one_cm":4203,"minecraft:sprint_one_cm":427458,"minecraft:walk_one_cm":1269449,"minecraft:damage_blocked_by_shield":225,"minecraft:drop":63,"minecraft:talked_to_villager":10,"minecraft:play_time":286385,"minecraft:sneak_time":15039,"minecraft:deaths":15,"minecraft:walk_under_water_one_cm":65839,"minecraft:boat_one_cm":637213,"minecraft:jump":6128,"minecraft:interact_with_brewingstand":2,"minecraft:interact_with_blast_furnace":2,"minecraft:walk_on_water_one_cm":70539,"minecraft:total_world_time":286385,"minecraft:interact_with_furnace":33,"minecraft:sleep_in_bed":8,"minecraft:time_since_rest":359,"minecraft:damage_absorbed":102,"minecraft:damage_taken":7319,"minecraft:trigger_trapped_chest":3,"minecraft:damage_dealt":8779,"minecraft:swim_one_cm":251461,"minecraft:fly_one_cm":870214,"minecraft:open_chest":89,"minecraft:crouch_one_cm":33624,"minecraft:interact_with_smoker":15,"minecraft:fall_one_cm":139046},"minecraft:crafted":{"minecraft:oak_door":3,"minecraft:oak_planks":68,"minecraft:stone_shovel":5,"minecraft:furnace":3,"minecraft:stone_pickaxe":2,"minecraft:chest":8,"minecraft:cooked_cod":13,"minecraft:crafting_table":5,"minecraft:spruce_planks":124,"minecraft:jungle_boat":1,"minecraft:wooden_pickaxe":3,"minecraft:baked_potato":5,"minecraft:bucket":1,"minecraft:stone_axe":2,"minecraft:jungle_planks":12,"minecraft:bread":6,"minecraft:air":0,"minecraft:oak_boat":1,"minecraft:jungle_door":3,"minecraft:iron_chestplate":1,"minecraft:shield":1,"minecraft:stick":36,"minecraft:iron_ingot":16,"minecraft:stone_sword":2,"minecraft:iron_shovel":4,"minecraft:torch":8},"minecraft:dropped":{"minecraft:iron_ingot":2,"minecraft:porkchop":1,"minecraft:wheat_seeds":25,"minecraft:mossy_cobblestone":1,"minecraft:diamond":1,"minecraft:rooted_dirt":1,"minecraft:leather":1,"minecraft:jungle_planks":1,"minecraft:stick":2,"minecraft:dirt":6,"minecraft:melon_slice":3,"minecraft:oak_stairs":1,"minecraft:iron_pickaxe":1,"minecraft:iron_shovel":3,"minecraft:chainmail_leggings":1,"minecraft:string":1,"minecraft:kelp":19,"minecraft:sweet_berries":16,"minecraft:coarse_dirt":16,"alexsmobs:animal_dictionary":3,"minecraft:raw_copper":4,"minecraft:bowl":1,"minecraft:cherry_sapling":3,"minecraft:rotten_flesh":8,"minecraft:oak_planks":2,"minecraft:enchanted_golden_apple":1,"minecraft:spruce_fence":2,"minecraft:potato":1,"minecraft:jungle_log":1,"minecraft:yellow_bed":1,"minecraft:bamboo":4,"minecraft:slime_ball":3,"minecraft:arrow":2},"minecraft:mined":{"minecraft:tuff":10,"minecraft:spruce_planks":3,"minecraft:mossy_cobblestone":1,"minecraft:deepslate_diamond_ore":11,"minecraft:candle":1,"minecraft:oak_door":9,"farmersdelight:wild_carrots":9,"minecraft:cave_vines_plant":3,"minecraft:granite":1,"minecraft:grass_block":606,"minecraft:spruce_fence":2,"minecraft:decorated_pot":1,"minecraft:jungle_log":3,"minecraft:spruce_leaves":3,"minecraft:rooted_dirt":18,"minecraft:furnace":1,"minecraft:iron_ore":29,"minecraft:cobbled_deepslate":1,"minecraft:fire":21,"minecraft:big_dripleaf_stem":1,"minecraft:dirt_path":1,"minecraft:bookshelf":2,"minecraft:cave_vines":3,"minecraft:deepslate_iron_ore":13,"minecraft:vine":2,"minecraft:stone":191,"farmersdelight:wild_potatoes":12,"minecraft:flowering_azalea":1,"minecraft:brown_mushroom":15,"minecraft:blackstone":21,"minecraft:kelp_plant":2,"minecraft:smoker":1,"minecraft:crafting_table":7,"minecraft:torch":4,"minecraft:calcite":6,"minecraft:melon":18,"minecraft:tall_grass":9,"minecraft:copper_ore":2,"minecraft:cobblestone":7,"minecraft:grindstone":1,"minecraft:oak_planks":5,"minecraft:big_dripleaf":1,"minecraft:pink_petals":1,"minecraft:seagrass":1,"minecraft:coarse_dirt":85,"minecraft:cobblestone_wall":1,"minecraft:sweet_berry_bush":1,"minecraft:spruce_log":23,"minecraft:yellow_bed":3,"minecraft:grass":54,"minecraft:oak_log":17,"minecraft:coal_ore":17,"minecraft:gravel":5,"minecraft:dirt":158,"minecraft:smooth_basalt":6,"minecraft:oak_leaves":6,"minecraft:deepslate":23,"minecraft:fern":11}},"DataVersion":3465}