{"stats":{"minecraft:killed":{"hordes:zombie_player":1,"minecraft:drowned":3,"minecraft:pig":1,"hamsters:hamster":1,"minecraft:trader_llama":1,"minecraft:zombie":25,"minecraft:cow":5},"minecraft:used":{"marbledsarsenal:baseball_bat":38,"minecraft:oak_fence":2,"minecraft:stone_sword":98,"minecraft:iron_shovel":25,"minecraft:chest":5,"minecraft:cooked_chicken":2,"minecraft:rotten_flesh":30,"minecraft:stick":6,"minecraft:torch":16,"minecraft:dirt":11,"minecraft:mutton":1,"minecraft:oak_fence_gate":1,"minecraft:beef":10,"minecraft:cooked_beef":1,"minecraft:light_gray_bed":7,"bunker_down:steel_vent":1,"minecraft:glass_bottle":17,"minecraft:stone_pickaxe":157,"minecraft:oak_planks":21,"minecraft:wooden_pickaxe":19,"minecraft:cobblestone_slab":1,"minecraft:sand":3,"minecraft:piston":6,"minecraft:gravel":3,"biomesoplenty:toadstool":2,"minecraft:stone_axe":129,"farmersdelight:cooked_bacon":17,"minecraft:cobblestone":101,"minecraft:potion":35,"minecraft:porkchop":2,"minecraft:cooked_porkchop":1,"minecraft:grindstone":4},"minecraft:broken":{"minecraft:stone_axe":1},"minecraft:mined":{"biomesoplenty:bush":19,"minecraft:grass_block":11,"biomesoplenty:flowering_oak_leaves":4,"minecraft:light_gray_bed":2,"minecraft:tall_seagrass":1,"biomesoplenty:toadstool":2,"minecraft:iron_ore":1,"minecraft:fire":1,"supplementaries:stick":3,"minecraft:cobblestone_slab":1,"minecraft:dirt_path":7,"minecraft:stone":138,"minecraft:crafting_table":2,"minecraft:torch":4,"minecraft:chest":2,"minecraft:tall_grass":3,"minecraft:cobblestone":6,"biomesoplenty:sprout":1,"minecraft:grindstone":4,"minecraft:oak_planks":5,"minecraft:wall_torch":6,"minecraft:seagrass":2,"minecraft:purple_bed":1,"minecraft:lilac":1,"minecraft:spruce_log":27,"biomesoplenty:fir_log":50,"minecraft:grass":23,"minecraft:oak_log":5,"minecraft:coal_ore":9,"biomesoplenty:fir_leaves":4,"minecraft:gravel":11,"minecraft:dirt":6,"minecraft:oak_leaves":3,"minecraft:fern":2,"biomesoplenty:reed":20},"minecraft:custom":{"minecraft:mob_kills":36,"minecraft:interact_with_crafting_table":16,"minecraft:interact_with_campfire":5,"minecraft:leave_game":4,"minecraft:time_since_death":407,"minecraft:climb_one_cm":38181,"minecraft:sprint_one_cm":198591,"minecraft:walk_one_cm":643446,"minecraft:drop":80,"minecraft:talked_to_villager":4,"minecraft:play_time":166450,"minecraft:deaths":9,"minecraft:sneak_time":25495,"minecraft:walk_under_water_one_cm":15978,"minecraft:boat_one_cm":89645,"minecraft:jump":3128,"minecraft:walk_on_water_one_cm":56652,"minecraft:total_world_time":166450,"minecraft:interact_with_furnace":13,"minecraft:traded_with_villager":12,"minecraft:sleep_in_bed":7,"minecraft:time_since_rest":433,"minecraft:damage_taken":3467,"minecraft:damage_dealt":6807,"minecraft:swim_one_cm":9595,"minecraft:fly_one_cm":286530,"minecraft:open_chest":56,"minecraft:crouch_one_cm":106743,"minecraft:fall_one_cm":72320},"minecraft:dropped":{"minecraft:wheat_seeds":8,"minecraft:oak_log":15,"minecraft:glass_bottle":3,"minecraft:cooked_porkchop":3,"minecraft:feather":1,"farmersdelight:cooked_bacon":27,"minecraft:leather":2,"marbledsapi:steel_sheet":1,"minecraft:stick":1,"minecraft:flint":1,"minecraft:dirt":2,"minecraft:torch":2,"minecraft:wooden_axe":1,"minecraft:potion":10,"bunker_down:brittle_pickaxe":1,"minecraft:iron_shovel":1,"marbledsarsenal:baseball_bat":2,"taccraft:flak_vest_helmet":1,"minecraft:stone_axe":1,"flashlight:flashlight":1,"minecraft:stone_sword":1,"minecraft:chicken":2,"minecraft:rotten_flesh":30,"minecraft:oak_planks":8,"cold_sweat:fur_cap":1,"flashlight:smallredstonebattery":1,"minecraft:spruce_log":50,"minecraft:wooden_pickaxe":1,"minecraft:stone_pickaxe":1,"minecraft:beef":2,"farmersdelight:apple_cider":1,"minecraft:egg":1,"cold_sweat:fur_pants":1},"minecraft:killed_by":{"minecraft:drowned":1,"rottencreatures:burned":1,"minecraft:zombie":2,"naturalist:bear":1},"minecraft:picked_up":{"minecraft:crafting_table":1,"cold_sweat:fur_cap":2,"minecraft:chicken":2,"minecraft:lead":4,"minecraft:wooden_pickaxe":3,"minecraft:potion":14,"marbledsapi:steel_sheet":1,"marbledsarsenal:baseball_bat":4,"minecraft:iron_shovel":2,"minecraft:beef":17,"minecraft:cobblestone_slab":2,"minecraft:chest":2,"crittersandcompanions:clam":9,"minecraft:piston":6,"minecraft:egg":2,"minecraft:stick":15,"minecraft:raw_iron":2,"minecraft:oak_fence":1,"minecraft:torch":18,"minecraft:redstone":3,"minecraft:rotten_flesh":76,"minecraft:stone_sword":2,"minecraft:light_gray_bed":9,"minecraft:mutton":1,"minecraft:white_wool":1,"minecraft:cobblestone":139,"minecraft:cooked_beef":1,"taccraft:flak_vest_helmet":4,"cold_sweat:fur_pants":5,"minecraft:feather":1,"minecraft:lilac":2,"taccraft:nylon_stripe":4,"minecraft:leather":3,"bunker_down:steel_vent":1,"biomesoplenty:fir_log":48,"minecraft:flint":1,"minecraft:oak_log":5,"farmersdelight:cooked_bacon":13,"minecraft:dirt":21,"minecraft:wheat_seeds":24,"farmersdelight:apple_cider":2,"minecraft:stone_pickaxe":2,"minecraft:grindstone":4,"minecraft:glass_bottle":13,"minecraft:oak_planks":15,"biomesoplenty:toadstool":2,"minecraft:cooked_porkchop":4,"minecraft:gravel":14,"minecraft:sand":6,"minecraft:spruce_sapling":2,"minecraft:spruce_log":51,"biomesoplenty:flowering_oak_sapling":1,"minecraft:purple_bed":1,"minecraft:stone_axe":3,"minecraft:spruce_sign":1,"minecraft:coal":18},"minecraft:crafted":{"minecraft:oak_planks":20,"minecraft:cooked_chicken":2,"minecraft:furnace":1,"minecraft:stone_pickaxe":3,"minecraft:chest":3,"minecraft:stone_hoe":1,"minecraft:oak_fence":3,"minecraft:emerald":12,"minecraft:spruce_planks":4,"minecraft:wooden_pickaxe":1,"minecraft:stone_axe":5,"minecraft:air":0,"biomesoplenty:fir_planks":192,"minecraft:oak_fence_gate":1,"minecraft:potion":3,"minecraft:stick":412,"minecraft:stone_sword":1}},"DataVersion":3120}