{"stats":{"minecraft:picked_up":{"minecraft:crafting_table":2,"minecraft:jungle_boat":2,"minecraft:leather":2,"minecraft:oak_log":10,"minecraft:dirt":20,"minecraft:raw_copper":3,"minecraft:bone":5,"minecraft:apple":1,"minecraft:kelp":15,"minecraft:iron_ingot":1,"minecraft:beef":2,"minecraft:oak_boat":3,"minecraft:iron_pickaxe":2,"minecraft:bamboo":10,"minecraft:melon_slice":66,"minecraft:furnace":1,"minecraft:stick":3,"minecraft:raw_iron":34,"minecraft:oak_door":14,"minecraft:torch":8,"minecraft:gravel":2,"alexsmobs:animal_dictionary":2,"minecraft:rotten_flesh":9,"minecraft:arrow":2,"minecraft:decorated_pot":1,"minecraft:granite":1,"minecraft:rooted_dirt":17,"minecraft:oak_sapling":2,"minecraft:mutton":2,"minecraft:coal":20,"minecraft:white_wool":1,"minecraft:cobblestone":112},"minecraft:killed_by":{"minecraft:player":1},"minecraft:broken":{"minecraft:stone_pickaxe":1},"minecraft:killed":{"minecraft:spider":1,"minecraft:creeper":2,"minecraft:skeleton":7,"minecraft:sheep":1,"minecraft:zombie":1,"minecraft:drowned":2,"minecraft:cow":1},"minecraft:used":{"minecraft:stone_sword":55,"minecraft:stone_pickaxe":134,"minecraft:wooden_pickaxe":19,"minecraft:rotten_flesh":3,"minecraft:jungle_boat":1,"minecraft:iron_chestplate":1,"minecraft:oak_door":16,"minecraft:torch":9,"minecraft:dirt":17,"minecraft:crafting_table":3,"minecraft:apple":1,"minecraft:melon_slice":63,"minecraft:rooted_dirt":16,"minecraft:iron_pickaxe":10,"minecraft:golden_helmet":1,"minecraft:bamboo":6,"minecraft:stone_axe":44,"minecraft:cobblestone":42,"minecraft:furnace":1,"minecraft:oak_sapling":2,"minecraft:oak_boat":2},"minecraft:custom":{"minecraft:interact_with_furnace":6,"minecraft:mob_kills":15,"minecraft:interact_with_crafting_table":6,"minecraft:open_barrel":3,"minecraft:time_since_death":64130,"minecraft:climb_one_cm":3192,"minecraft:time_since_rest":64156,"minecraft:sprint_one_cm":42365,"minecraft:damage_taken":1430,"minecraft:walk_one_cm":219050,"minecraft:drop":21,"minecraft:damage_dealt":2667,"minecraft:swim_one_cm":116537,"minecraft:fly_one_cm":87063,"minecraft:open_chest":4,"minecraft:crouch_one_cm":7687,"minecraft:play_time":65352,"minecraft:deaths":1,"minecraft:sneak_time":5793,"minecraft:walk_under_water_one_cm":28763,"minecraft:boat_one_cm":334504,"minecraft:jump":907,"minecraft:walk_on_water_one_cm":12657,"minecraft:total_world_time":65352,"minecraft:fall_one_cm":19980},"minecraft:dropped":{"minecraft:kelp":15,"alexsmobs:animal_dictionary":3,"minecraft:rotten_flesh":6,"minecraft:rooted_dirt":1,"minecraft:stick":2,"minecraft:melon_slice":3,"minecraft:bamboo":4,"minecraft:arrow":2,"minecraft:iron_pickaxe":1},"minecraft:crafted":{"minecraft:oak_door":3,"minecraft:oak_planks":40,"minecraft:crafting_table":2,"minecraft:wooden_pickaxe":1,"minecraft:furnace":1,"minecraft:stone_axe":1,"minecraft:air":0,"minecraft:iron_chestplate":1,"minecraft:stick":8,"minecraft:iron_ingot":8,"minecraft:stone_pickaxe":1,"minecraft:stone_sword":1,"minecraft:torch":8},"minecraft:mined":{"minecraft:kelp_plant":1,"minecraft:oak_door":4,"minecraft:crafting_table":2,"minecraft:torch":3,"minecraft:granite":1,"minecraft:decorated_pot":1,"minecraft:grass_block":4,"minecraft:melon":18,"minecraft:copper_ore":1,"minecraft:rooted_dirt":17,"minecraft:furnace":1,"minecraft:iron_ore":27,"minecraft:grass":14,"minecraft:oak_log":10,"minecraft:coal_ore":17,"minecraft:vine":1,"minecraft:gravel":2,"minecraft:dirt":5,"minecraft:stone":109,"minecraft:oak_leaves":6,"minecraft:fern":3}},"DataVersion":3465}