{"stats":{"minecraft:killed_by":{"minecraft:drowned":1,"minecraft:zombie":1,"naturalist:bear":1},"minecraft:crafted":{"minecraft:oak_planks":20,"minecraft:cooked_chicken":2,"minecraft:furnace":1,"minecraft:stone_pickaxe":2,"minecraft:chest":3,"minecraft:stone_hoe":1,"minecraft:oak_fence":3,"minecraft:spruce_planks":4,"minecraft:wooden_pickaxe":1,"minecraft:stone_axe":1,"minecraft:air":0,"minecraft:oak_fence_gate":1,"minecraft:potion":3,"minecraft:stick":20,"minecraft:stone_sword":1},"minecraft:picked_up":{"minecraft:crafting_table":1,"minecraft:chicken":2,"cold_sweat:fur_cap":2,"minecraft:lead":4,"minecraft:wooden_pickaxe":3,"minecraft:potion":11,"marbledsapi:steel_sheet":1,"marbledsarsenal:baseball_bat":4,"minecraft:iron_shovel":2,"minecraft:beef":17,"minecraft:cobblestone_slab":2,"minecraft:piston":6,"crittersandcompanions:clam":9,"minecraft:egg":2,"minecraft:stick":11,"minecraft:raw_iron":2,"minecraft:oak_fence":1,"minecraft:torch":18,"minecraft:redstone":3,"minecraft:rotten_flesh":74,"minecraft:stone_sword":2,"minecraft:light_gray_bed":9,"minecraft:mutton":1,"minecraft:white_wool":1,"minecraft:cobblestone":119,"cold_sweat:fur_pants":5,"minecraft:feather":1,"taccraft:flak_vest_helmet":4,"minecraft:lilac":2,"minecraft:cooked_beef":1,"minecraft:leather":3,"taccraft:nylon_stripe":4,"bunker_down:steel_vent":1,"minecraft:flint":1,"minecraft:oak_log":5,"farmersdelight:cooked_bacon":13,"minecraft:dirt":20,"minecraft:wheat_seeds":23,"farmersdelight:apple_cider":2,"minecraft:stone_pickaxe":2,"minecraft:grindstone":4,"minecraft:glass_bottle":13,"minecraft:oak_planks":15,"biomesoplenty:toadstool":2,"minecraft:cooked_porkchop":4,"minecraft:gravel":14,"minecraft:sand":6,"minecraft:spruce_log":51,"biomesoplenty:flowering_oak_sapling":1,"minecraft:stone_axe":3,"minecraft:coal":18},"minecraft:used":{"marbledsarsenal:baseball_bat":32,"minecraft:oak_fence":2,"minecraft:stone_sword":85,"minecraft:iron_shovel":25,"minecraft:chest":3,"minecraft:cooked_chicken":2,"minecraft:rotten_flesh":28,"minecraft:stick":6,"minecraft:torch":16,"minecraft:dirt":10,"minecraft:mutton":1,"minecraft:oak_fence_gate":1,"minecraft:beef":10,"minecraft:cooked_beef":1,"minecraft:light_gray_bed":7,"bunker_down:steel_vent":1,"minecraft:glass_bottle":15,"minecraft:stone_pickaxe":134,"minecraft:oak_planks":20,"minecraft:wooden_pickaxe":19,"minecraft:cobblestone_slab":1,"minecraft:sand":3,"minecraft:piston":6,"minecraft:gravel":3,"biomesoplenty:toadstool":2,"minecraft:stone_axe":68,"farmersdelight:cooked_bacon":17,"minecraft:cobblestone":89,"minecraft:potion":33,"minecraft:cooked_porkchop":1,"minecraft:porkchop":2,"minecraft:grindstone":4},"minecraft:killed":{"hordes:zombie_player":1,"minecraft:drowned":3,"minecraft:pig":1,"hamsters:hamster":1,"minecraft:trader_llama":1,"minecraft:zombie":24,"minecraft:cow":5},"minecraft:custom":{"minecraft:mob_kills":35,"minecraft:interact_with_crafting_table":13,"minecraft:interact_with_campfire":2,"minecraft:leave_game":3,"minecraft:time_since_death":46613,"minecraft:climb_one_cm":38181,"minecraft:sprint_one_cm":148294,"minecraft:walk_one_cm":517040,"minecraft:drop":79,"minecraft:talked_to_villager":2,"minecraft:play_time":138715,"minecraft:deaths":6,"minecraft:sneak_time":22204,"minecraft:walk_under_water_one_cm":11668,"minecraft:boat_one_cm":89645,"minecraft:jump":2166,"minecraft:walk_on_water_one_cm":54500,"minecraft:total_world_time":138715,"minecraft:interact_with_furnace":13,"minecraft:sleep_in_bed":5,"minecraft:time_since_rest":36885,"minecraft:damage_taken":2692,"minecraft:damage_dealt":5956,"minecraft:swim_one_cm":9595,"minecraft:fly_one_cm":217909,"minecraft:open_chest":27,"minecraft:crouch_one_cm":93248,"minecraft:fall_one_cm":54908},"minecraft:mined":{"biomesoplenty:bush":19,"minecraft:grass_block":10,"biomesoplenty:flowering_oak_leaves":4,"minecraft:light_gray_bed":2,"minecraft:tall_seagrass":1,"biomesoplenty:toadstool":2,"minecraft:iron_ore":1,"minecraft:fire":1,"minecraft:cobblestone_slab":1,"supplementaries:stick":3,"minecraft:dirt_path":7,"minecraft:stone":122,"minecraft:crafting_table":2,"minecraft:torch":4,"minecraft:tall_grass":1,"minecraft:cobblestone":6,"biomesoplenty:sprout":1,"minecraft:grindstone":4,"minecraft:oak_planks":5,"minecraft:wall_torch":6,"minecraft:seagrass":2,"minecraft:lilac":1,"minecraft:spruce_log":27,"minecraft:grass":23,"minecraft:coal_ore":9,"minecraft:oak_log":5,"minecraft:dirt":6,"minecraft:gravel":11,"minecraft:oak_leaves":3,"minecraft:fern":2,"biomesoplenty:reed":20},"minecraft:dropped":{"minecraft:wheat_seeds":7,"minecraft:oak_log":15,"minecraft:glass_bottle":3,"minecraft:cooked_porkchop":3,"minecraft:feather":1,"farmersdelight:cooked_bacon":27,"minecraft:leather":2,"marbledsapi:steel_sheet":1,"minecraft:stick":1,"minecraft:flint":1,"minecraft:dirt":2,"minecraft:torch":2,"minecraft:wooden_axe":1,"minecraft:potion":10,"bunker_down:brittle_pickaxe":1,"minecraft:iron_shovel":1,"marbledsarsenal:baseball_bat":2,"taccraft:flak_vest_helmet":1,"minecraft:stone_axe":1,"flashlight:flashlight":1,"minecraft:stone_sword":1,"minecraft:chicken":2,"minecraft:rotten_flesh":30,"minecraft:oak_planks":8,"cold_sweat:fur_cap":1,"flashlight:smallredstonebattery":1,"minecraft:spruce_log":50,"minecraft:stone_pickaxe":1,"minecraft:beef":2,"minecraft:wooden_pickaxe":1,"farmersdelight:apple_cider":1,"minecraft:egg":1,"cold_sweat:fur_pants":1}},"DataVersion":3120}