{"stats":{"minecraft:picked_up":{"minecraft:raw_iron":2,"minecraft:stick":3,"minecraft:crafting_table":1,"minecraft:jungle_boat":2,"minecraft:leather":2,"minecraft:oak_log":10,"alexsmobs:animal_dictionary":2,"minecraft:dirt":16,"minecraft:apple":1,"minecraft:arrow":2,"minecraft:bone":4,"minecraft:rotten_flesh":1,"minecraft:beef":2,"minecraft:oak_boat":1,"minecraft:bamboo":10,"minecraft:oak_sapling":2,"minecraft:melon_slice":66,"minecraft:mutton":2,"minecraft:white_wool":1,"minecraft:coal":16,"minecraft:cobblestone":22},"minecraft:killed_by":{"minecraft:player":1},"minecraft:killed":{"minecraft:sheep":1,"minecraft:skeleton":6,"minecraft:zombie":1,"minecraft:spider":1,"minecraft:drowned":1,"minecraft:creeper":2,"minecraft:cow":1},"minecraft:used":{"minecraft:apple":1,"minecraft:stone_sword":51,"minecraft:melon_slice":43,"minecraft:stone_pickaxe":21,"minecraft:wooden_pickaxe":19,"minecraft:jungle_boat":1,"minecraft:bamboo":6,"minecraft:rotten_flesh":1,"minecraft:stone_axe":35,"minecraft:dirt":16,"minecraft:cobblestone":6,"minecraft:crafting_table":1,"minecraft:oak_sapling":2},"minecraft:custom":{"minecraft:time_since_rest":28156,"minecraft:sprint_one_cm":21960,"minecraft:damage_taken":1000,"minecraft:walk_one_cm":194798,"minecraft:mob_kills":13,"minecraft:drop":11,"minecraft:damage_dealt":2358,"minecraft:swim_one_cm":7841,"minecraft:interact_with_crafting_table":2,"minecraft:fly_one_cm":46943,"minecraft:crouch_one_cm":3062,"minecraft:play_time":29352,"minecraft:deaths":1,"minecraft:sneak_time":915,"minecraft:walk_under_water_one_cm":5353,"minecraft:boat_one_cm":146135,"minecraft:jump":620,"minecraft:walk_on_water_one_cm":4911,"minecraft:time_since_death":28130,"minecraft:climb_one_cm":2984,"minecraft:total_world_time":29352,"minecraft:fall_one_cm":14623},"minecraft:dropped":{"alexsmobs:animal_dictionary":3,"minecraft:bamboo":4,"minecraft:arrow":2,"minecraft:stick":2},"minecraft:crafted":{"minecraft:oak_planks":24,"minecraft:crafting_table":1,"minecraft:stick":8,"minecraft:wooden_pickaxe":1,"minecraft:stone_pickaxe":1,"minecraft:stone_sword":1,"minecraft:furnace":1,"minecraft:torch":8,"minecraft:stone_axe":1},"minecraft:mined":{"minecraft:iron_ore":2,"minecraft:vine":1,"minecraft:coal_ore":16,"minecraft:crafting_table":1,"minecraft:grass":14,"minecraft:grass_block":2,"minecraft:oak_log":10,"minecraft:melon":18,"minecraft:dirt":3,"minecraft:stone":19,"minecraft:oak_leaves":6,"minecraft:fern":3}},"DataVersion":3465}