{"stats":{"minecraft:killed_by":{"minecraft:zombie":1},"minecraft:crafted":{"minecraft:oak_planks":20,"minecraft:wooden_pickaxe":1,"minecraft:cooked_chicken":2,"minecraft:furnace":1,"minecraft:stone_axe":1,"minecraft:air":0,"minecraft:potion":3,"minecraft:stick":8,"minecraft:stone_pickaxe":1,"minecraft:stone_sword":1},"minecraft:picked_up":{"minecraft:crafting_table":1,"taccraft:flak_vest_helmet":4,"cold_sweat:fur_cap":2,"minecraft:lilac":2,"cold_sweat:fur_pants":5,"minecraft:chicken":2,"taccraft:nylon_stripe":4,"minecraft:leather":1,"minecraft:lead":2,"minecraft:wooden_pickaxe":2,"bunker_down:steel_vent":1,"marbledsapi:steel_sheet":1,"minecraft:potion":6,"minecraft:oak_log":5,"marbledsarsenal:baseball_bat":4,"farmersdelight:cooked_bacon":13,"minecraft:dirt":10,"minecraft:iron_shovel":2,"minecraft:wheat_seeds":16,"farmersdelight:apple_cider":2,"minecraft:stone_pickaxe":2,"minecraft:beef":16,"minecraft:glass_bottle":13,"minecraft:oak_planks":15,"crittersandcompanions:clam":9,"minecraft:piston":6,"minecraft:egg":2,"minecraft:stick":11,"minecraft:raw_iron":2,"minecraft:torch":11,"minecraft:sand":6,"minecraft:redstone":3,"biomesoplenty:flowering_oak_sapling":1,"minecraft:stone_sword":2,"minecraft:light_gray_bed":5,"minecraft:rotten_flesh":68,"minecraft:stone_axe":2,"minecraft:mutton":1,"minecraft:coal":18,"minecraft:white_wool":1,"minecraft:cobblestone":24},"minecraft:used":{"marbledsarsenal:baseball_bat":27,"minecraft:stone_sword":85,"minecraft:stone_pickaxe":24,"minecraft:glass_bottle":15,"minecraft:oak_planks":11,"minecraft:wooden_pickaxe":19,"minecraft:cooked_chicken":2,"minecraft:rotten_flesh":18,"minecraft:torch":12,"minecraft:stick":6,"minecraft:dirt":10,"minecraft:sand":3,"minecraft:mutton":1,"minecraft:piston":2,"farmersdelight:cooked_bacon":17,"minecraft:stone_axe":35,"minecraft:cobblestone":6,"minecraft:potion":30,"minecraft:beef":10,"minecraft:porkchop":2,"minecraft:light_gray_bed":3},"minecraft:killed":{"minecraft:pig":1,"hordes:zombie_player":1,"hamsters:hamster":1,"minecraft:trader_llama":1,"minecraft:zombie":24,"minecraft:drowned":3,"minecraft:cow":4},"minecraft:custom":{"minecraft:interact_with_furnace":10,"minecraft:mob_kills":34,"minecraft:interact_with_crafting_table":7,"minecraft:leave_game":2,"minecraft:time_since_death":5614,"minecraft:climb_one_cm":38181,"minecraft:time_since_rest":5643,"minecraft:sprint_one_cm":81629,"minecraft:damage_taken":2137,"minecraft:walk_one_cm":313925,"minecraft:drop":60,"minecraft:damage_dealt":5720,"minecraft:swim_one_cm":8710,"minecraft:fly_one_cm":143177,"minecraft:open_chest":4,"minecraft:crouch_one_cm":51535,"minecraft:play_time":84695,"minecraft:deaths":4,"minecraft:sneak_time":13083,"minecraft:boat_one_cm":45951,"minecraft:walk_under_water_one_cm":10527,"minecraft:jump":1386,"minecraft:walk_on_water_one_cm":37561,"minecraft:total_world_time":84695,"minecraft:fall_one_cm":40294},"minecraft:mined":{"minecraft:crafting_table":2,"minecraft:torch":4,"biomesoplenty:bush":19,"minecraft:grass_block":3,"biomesoplenty:flowering_oak_leaves":4,"minecraft:tall_grass":1,"minecraft:cobblestone":2,"biomesoplenty:sprout":1,"minecraft:oak_planks":5,"minecraft:wall_torch":3,"minecraft:iron_ore":1,"minecraft:fire":1,"minecraft:lilac":1,"minecraft:grass":13,"minecraft:oak_log":5,"supplementaries:stick":3,"minecraft:coal_ore":9,"minecraft:dirt":6,"minecraft:stone":23,"minecraft:oak_leaves":3},"minecraft:dropped":{"minecraft:stone_axe":1,"minecraft:wheat_seeds":2,"flashlight:flashlight":1,"minecraft:stone_sword":1,"minecraft:oak_log":15,"minecraft:glass_bottle":3,"minecraft:chicken":2,"minecraft:feather":1,"farmersdelight:cooked_bacon":27,"minecraft:rotten_flesh":30,"minecraft:oak_planks":8,"minecraft:leather":2,"marbledsapi:steel_sheet":1,"minecraft:stick":1,"minecraft:dirt":2,"cold_sweat:fur_cap":1,"flashlight:smallredstonebattery":1,"minecraft:wooden_axe":1,"minecraft:potion":6,"minecraft:wooden_pickaxe":1,"minecraft:beef":2,"minecraft:stone_pickaxe":1,"farmersdelight:apple_cider":1,"bunker_down:brittle_pickaxe":1,"marbledsarsenal:baseball_bat":2,"taccraft:flak_vest_helmet":1,"cold_sweat:fur_pants":1,"minecraft:egg":1}},"DataVersion":3120}