{"stats":{"minecraft:custom":{"minecraft:animals_bred":10,"minecraft:interact_with_crafting_table":63,"minecraft:eat_cake_slice":5,"minecraft:leave_game":10,"minecraft:time_since_death":588805,"minecraft:sprint_one_cm":1324930,"minecraft:damage_blocked_by_shield":580,"minecraft:drop":340,"minecraft:talked_to_villager":242,"minecraft:play_time":637968,"minecraft:deaths":1,"minecraft:jump":8996,"minecraft:walk_on_water_one_cm":50961,"minecraft:interact_with_furnace":19,"minecraft:traded_with_villager":392,"minecraft:sleep_in_bed":44,"minecraft:damage_dealt":17864,"minecraft:crouch_one_cm":131975,"minecraft:horse_one_cm":165587,"minecraft:mob_kills":75,"minecraft:climb_one_cm":24058,"minecraft:walk_one_cm":1805195,"minecraft:sneak_time":42962,"minecraft:walk_under_water_one_cm":99054,"minecraft:interact_with_blast_furnace":6,"minecraft:total_world_time":637968,"minecraft:interact_with_grindstone":4,"minecraft:time_since_rest":122,"minecraft:damage_taken":2294,"minecraft:swim_one_cm":165524,"minecraft:fly_one_cm":1722955,"minecraft:open_chest":295,"minecraft:fall_one_cm":152542},"minecraft:dropped":{"minecraft:iron_sword":4,"minecraft:diamond_axe":7,"minecraft:oak_log":1,"minecraft:cookie":126,"minecraft:emerald":16,"minecraft:dirt":980,"minecraft:gravel":9,"minecraft:stone_axe":2,"minecraft:rotten_flesh":20,"minecraft:light_gray_carpet":3,"minecraft:azure_bluet":78,"minecraft:poppy":14,"minecraft:spruce_slab":10,"minecraft:stone_hoe":1,"minecraft:bread":10,"minecraft:oak_slab":4,"minecraft:wheat_seeds":97,"minecraft:mossy_cobblestone":1,"minecraft:diamond_leggings":2,"biomesoplenty:maple_sapling":153,"minecraft:iron_helmet":1,"minecraft:cobblestone":126,"minecraft:spruce_stairs":7,"minecraft:grass_block":1,"minecraft:golden_carrot":21,"minecraft:iron_leggings":1,"minecraft:iron_axe":15,"minecraft:chainmail_leggings":24,"minecraft:iron_shovel":3,"minecraft:sweet_berries":19,"alexsmobs:maggot":10,"minecraft:oak_trapdoor":1,"minecraft:stone_sword":1,"minecraft:raw_copper":2,"minecraft:bowl":6,"minecraft:diamond_hoe":4,"minecraft:stone_shovel":13,"minecraft:white_carpet":9,"minecraft:spruce_fence":1,"minecraft:pumpkin_seeds":5,"minecraft:suspicious_stew":5,"minecraft:cobblestone_slab":4,"minecraft:shield":18,"minecraft:allium":1,"minecraft:diamond_chestplate":1,"minecraft:spruce_trapdoor":6,"minecraft:iron_chestplate":15,"minecraft:diamond_pickaxe":3,"minecraft:oak_sapling":2,"minecraft:redstone_torch":1,"minecraft:spider_eye":2,"minecraft:spruce_log":6,"minecraft:diamond_boots":2,"minecraft:stone_pickaxe":1,"minecraft:wooden_pickaxe":1},"minecraft:used":{"minecraft:iron_shovel":1437,"farmersdelight:cabbage_seeds":4,"minecraft:diamond_hoe":749,"minecraft:poppy":1,"minecraft:ladder":17,"minecraft:chest":17,"minecraft:shield":14,"minecraft:iron_sword":216,"minecraft:glass":20,"minecraft:furnace":6,"farmersdelight:safety_net":2,"minecraft:potato":2,"minecraft:diamond_boots":1,"minecraft:stone_pickaxe":1781,"minecraft:oak_planks":138,"minecraft:wooden_pickaxe":18,"minecraft:composter":3,"minecraft:blue_bed":2,"minecraft:diamond_axe":277,"minecraft:cookie":126,"minecraft:white_wool":2,"minecraft:blast_furnace":3,"minecraft:crossbow":15,"farmersdelight:rice":1,"minecraft:pumpkin_seeds":56,"minecraft:bread":72,"minecraft:gravel":16,"minecraft:grindstone":8,"minecraft:smithing_table":6,"minecraft:bone_meal":12,"minecraft:oak_trapdoor":10,"minecraft:oak_fence":2,"minecraft:stone_sword":32,"minecraft:stone_shovel":6341,"minecraft:spruce_planks":24,"minecraft:stone_hoe":125,"minecraft:torch":124,"minecraft:dirt":3617,"minecraft:spruce_stairs":1,"minecraft:iron_axe":986,"minecraft:golden_carrot":6,"alexsmobs:lobster_bucket":4,"farmersdelight:tomato_seeds":3,"minecraft:iron_leggings":2,"minecraft:wheat_seeds":65,"minecraft:cooked_mutton":2,"minecraft:water_bucket":17,"minecraft:fletching_table":7,"minecraft:cobblestone_slab":3,"minecraft:spruce_fence_gate":1,"minecraft:oak_slab":180,"minecraft:crafting_table":17,"minecraft:red_bed":5,"minecraft:cake":1,"minecraft:spruce_log":3,"minecraft:oak_log":17,"minecraft:diamond_pickaxe":228,"minecraft:apple":1,"minecraft:diamond_shovel":1579,"minecraft:suspicious_stew":5,"minecraft:spruce_trapdoor":6,"minecraft:stone_axe":157,"minecraft:cobblestone":412,"minecraft:purple_bed":13,"minecraft:cooked_porkchop":9,"minecraft:bucket":22,"minecraft:pumpkin_pie":2,"alexsmobs:animal_dictionary":5,"minecraft:diamond_leggings":1,"minecraft:chainmail_leggings":1},"minecraft:broken":{"minecraft:iron_shovel":5,"minecraft:stone_pickaxe":13,"minecraft:diamond_shovel":1,"minecraft:stone_axe":1,"minecraft:stone_shovel":46,"minecraft:iron_axe":3},"minecraft:crafted":{"minecraft:oak_planks":2260,"minecraft:cobblestone_slab":6,"minecraft:diamond_shovel":1,"farmersdelight:rope":4,"minecraft:cooked_mutton":2,"minecraft:suspicious_stew":5,"farmersdelight:safety_net":1,"minecraft:cake":1,"minecraft:glass":20,"minecraft:diamond_helmet":1,"minecraft:diamond_leggings":3,"minecraft:chest":12,"minecraft:stone_hoe":1,"minecraft:oak_fence":3,"minecraft:oak_slab":174,"sophisticatedbackpacks:backpack":1,"minecraft:arrow":48,"minecraft:emerald":253,"minecraft:cooked_porkchop":9,"minecraft:diamond_axe":8,"minecraft:crafting_table":8,"minecraft:spruce_planks":344,"minecraft:wooden_pickaxe":1,"minecraft:iron_helmet":1,"minecraft:smithing_table":1,"minecraft:fletching_table":1,"minecraft:pumpkin_seeds":36,"biomesoplenty:fir_planks":384,"minecraft:spruce_trapdoor":4,"minecraft:iron_chestplate":9,"minecraft:diamond_pickaxe":3,"minecraft:shield":10,"minecraft:stick":5173,"minecraft:iron_ingot":4,"minecraft:stone_sword":1,"minecraft:composter":1,"minecraft:spruce_fence_gate":1,"minecraft:shears":1,"minecraft:golden_carrot":43,"minecraft:cookie":7,"minecraft:stone_shovel":48,"minecraft:diamond_hoe":3,"minecraft:furnace":3,"minecraft:oak_trapdoor":6,"minecraft:iron_axe":11,"minecraft:ladder":9,"minecraft:spruce_slab":12,"minecraft:stone_pickaxe":14,"minecraft:diamond_boots":3,"minecraft:chainmail_leggings":12,"minecraft:red_dye":2,"minecraft:crossbow":1,"minecraft:iron_sword":6,"minecraft:stone_axe":2,"minecraft:bread":70,"minecraft:air":0,"minecraft:iron_shovel":6,"minecraft:torch":104,"minecraft:diamond_chestplate":2},"minecraft:mined":{"minecraft:spruce_planks":10,"minecraft:farmland":3,"minecraft:spruce_trapdoor":6,"minecraft:grass_block":5074,"minecraft:composter":2,"farmersdelight:wild_rice":1,"farmersdelight:rice":1,"minecraft:iron_ore":4,"minecraft:pumpkin":42,"minecraft:fletching_table":6,"minecraft:azure_bluet":31,"minecraft:dirt_path":17,"minecraft:red_bed":5,"minecraft:powder_snow":7,"minecraft:torch":15,"minecraft:blast_furnace":3,"minecraft:chest":5,"farmersdelight:safety_net":2,"minecraft:cobblestone":30,"minecraft:sugar_cane":7,"minecraft:grindstone":9,"minecraft:oak_planks":42,"minecraft:wall_torch":11,"minecraft:wheat":64,"biomesoplenty:maple_leaves":1402,"minecraft:pumpkin_stem":8,"biomesoplenty:fir_log":100,"minecraft:grass":122,"biomesoplenty:clover":257,"minecraft:oak_log":700,"minecraft:sand":20,"minecraft:dirt":4027,"minecraft:oak_leaves":4,"minecraft:attached_pumpkin_stem":3,"minecraft:mossy_cobblestone":1,"biomesoplenty:desert_grass":1,"minecraft:spruce_fence":1,"minecraft:spruce_leaves":45,"biomesoplenty:dead_grass":9,"minecraft:large_fern":4,"minecraft:oak_trapdoor":5,"minecraft:furnace":3,"minecraft:cobblestone_slab":1,"minecraft:packed_ice":5,"biomesoplenty:barley":4,"minecraft:stone":1899,"minecraft:white_wool":2,"minecraft:smithing_table":5,"minecraft:oak_slab":6,"minecraft:light_gray_carpet":3,"minecraft:glass_pane":1,"minecraft:crafting_table":9,"minecraft:copper_ore":8,"biomesoplenty:sprout":5,"biomesoplenty:huge_clover_petal":91,"minecraft:blue_bed":2,"minecraft:spruce_stairs":4,"minecraft:purple_bed":13,"minecraft:sweet_berry_bush":4,"minecraft:ice":1,"minecraft:white_carpet":9,"minecraft:spruce_log":84,"minecraft:coal_ore":52,"biomesoplenty:fir_leaves":32,"minecraft:gravel":105,"minecraft:fern":47},"minecraft:killed":{"minecraft:spider":3,"minecraft:skeleton":5,"alexsmobs:banana_slug":1,"minecraft:pig":8,"minecraft:iron_golem":10,"minecraft:sheep":5,"minecraft:pillager":2,"minecraft:zombie":21,"alexsmobs:fly":11,"minecraft:cow":6,"takesapillage:clay_golem":1,"minecraft:drowned":2},"minecraft:picked_up":{"minecraft:iron_chestplate":14,"minecraft:wheat":46,"minecraft:suspicious_stew":5,"minecraft:smithing_table":5,"minecraft:string":4,"minecraft:raw_copper":28,"minecraft:diamond_leggings":2,"minecraft:spruce_planks":10,"minecraft:redstone_torch":1,"minecraft:cobblestone_slab":1,"minecraft:furnace":3,"minecraft:stick":98,"minecraft:composter":2,"minecraft:torch":45,"minecraft:spruce_stairs":8,"minecraft:porkchop":15,"minecraft:rotten_flesh":20,"minecraft:cobblestone":1948,"farmersdelight:rice":2,"farmersdelight:safety_net":2,"minecraft:potato":1,"biomesoplenty:fir_sapling":2,"biomesoplenty:fir_log":96,"minecraft:flint":11,"minecraft:dirt":9785,"minecraft:bone":2,"minecraft:wheat_seeds":204,"minecraft:grindstone":9,"minecraft:fletching_table":6,"minecraft:oak_planks":42,"minecraft:sand":20,"minecraft:grass_block":1,"minecraft:mossy_cobblestone":1,"minecraft:bone_meal":12,"minecraft:emerald":16,"alexsmobs:maggot":10,"minecraft:oak_sapling":2,"minecraft:light_gray_carpet":3,"minecraft:diamond_pickaxe":3,"minecraft:crafting_table":9,"minecraft:allium":1,"minecraft:azure_bluet":78,"minecraft:ladder":9,"minecraft:shield":18,"minecraft:red_bed":5,"minecraft:oak_trapdoor":5,"minecraft:iron_axe":20,"minecraft:white_carpet":9,"minecraft:iron_shovel":3,"minecraft:beef":11,"minecraft:poppy":20,"minecraft:spruce_slab":5,"minecraft:sugar_cane":22,"minecraft:chest":5,"minecraft:spruce_trapdoor":8,"minecraft:diamond_hoe":4,"minecraft:raw_iron":4,"minecraft:bowl":1,"minecraft:spruce_fence":1,"minecraft:cookie":126,"minecraft:carrot":1,"minecraft:diamond_chestplate":1,"minecraft:arrow":4,"minecraft:stone_shovel":11,"minecraft:diamond_boots":2,"minecraft:mutton":6,"minecraft:white_wool":10,"minecraft:golden_carrot":21,"minecraft:leather":5,"minecraft:oak_log":689,"minecraft:blue_bed":2,"minecraft:apple":15,"minecraft:iron_ingot":40,"minecraft:iron_sword":4,"minecraft:oak_slab":14,"minecraft:pumpkin":41,"minecraft:sweet_berries":19,"minecraft:gravel":94,"minecraft:spruce_sapling":12,"minecraft:blast_furnace":3,"minecraft:spruce_log":89,"minecraft:spider_eye":2,"biomesoplenty:maple_sapling":153,"minecraft:pumpkin_seeds":19,"minecraft:purple_bed":13,"minecraft:stone_axe":1,"minecraft:chainmail_leggings":12,"minecraft:diamond_axe":7,"minecraft:coal":52,"minecraft:ender_pearl":2}},"DataVersion":3465}