{"stats":{"minecraft:crafted":{"minecraft:oak_planks":40,"minecraft:crafting_table":1,"minecraft:stone_axe":1,"minecraft:stick":4,"minecraft:stone_pickaxe":1},"minecraft:killed_by":{"minecraft:drowned":1},"minecraft:killed":{"minecraft:pig":7,"hordes:zombie_player":1,"naturalist:robin":1,"minecraft:sheep":2,"minecraft:skeleton":2,"minecraft:zombie":3,"minecraft:chicken":1},"minecraft:picked_up":{"taccraft:flak_vest_helmet":1,"minecraft:crafting_table":3,"cold_sweat:fur_pants":1,"cold_sweat:fur_cap":1,"minecraft:feather":3,"farmersdelight:rice":2,"minecraft:chicken":2,"taccraft:nylon_stripe":1,"minecraft:leather":4,"bunker_down:steel_vent":1,"marbledsapi:steel_sheet":1,"minecraft:potion":2,"marbledsarsenal:baseball_bat":1,"minecraft:oak_log":10,"farmersdelight:cooked_bacon":9,"bunker_down:steel_block":4,"flashlight:flashlight":2,"minecraft:bone":5,"minecraft:wheat_seeds":1,"farmersdelight:apple_cider":1,"minecraft:iron_ingot":5,"minecraft:stone_pickaxe":1,"minecraft:cobweb":3,"minecraft:redstone_torch":5,"minecraft:iron_nugget":6,"minecraft:glass_bottle":3,"minecraft:sugar_cane":12,"minecraft:oak_planks":34,"minecraft:piston":6,"minecraft:egg":6,"minecraft:stick":2,"bunker_down:underroot_stage_1":12,"minecraft:torch":6,"minecraft:porkchop":36,"farmersdelight:tomato_seeds":8,"minecraft:redstone":21,"minecraft:rotten_flesh":1,"minecraft:arrow":4,"minecraft:light_gray_bed":2,"minecraft:stone_axe":1,"crittersandcompanions:silk":10,"flashlight:smallredstonebattery":2,"minecraft:mutton":6,"minecraft:coal":8,"minecraft:white_wool":4,"minecraft:cobblestone":11},"minecraft:mined":{"minecraft:crafting_table":1,"minecraft:torch":2,"biomesoplenty:bush":1,"minecraft:light_gray_bed":2,"farmersdelight:budding_tomatoes":4,"minecraft:tall_grass":2,"minecraft:cobblestone":2,"minecraft:oak_planks":1,"minecraft:sugar_cane":5,"bunker_down:underroot":3,"minecraft:wall_torch":1,"farmersdelight:rice":1,"minecraft:wheat":2,"bunker_down:steel_vent":1,"minecraft:grass":15,"supplementaries:stick":2,"minecraft:oak_log":6,"crittersandcompanions:silk_cocoon":1,"bunker_down:steel_block":4,"minecraft:stone":5,"minecraft:oak_leaves":3},"minecraft:custom":{"minecraft:mob_kills":16,"minecraft:interact_with_crafting_table":2,"minecraft:leave_game":12,"minecraft:time_since_death":18572,"minecraft:climb_one_cm":31400,"minecraft:time_since_rest":18608,"minecraft:sprint_one_cm":178801,"minecraft:damage_taken":749,"minecraft:walk_one_cm":123015,"minecraft:drop":15,"minecraft:damage_dealt":3439,"minecraft:swim_one_cm":6520,"minecraft:fly_one_cm":312409,"minecraft:open_chest":14,"minecraft:crouch_one_cm":4989,"minecraft:play_time":91445,"minecraft:deaths":2,"minecraft:sneak_time":2917,"minecraft:walk_under_water_one_cm":1717,"minecraft:jump":1416,"minecraft:walk_on_water_one_cm":10728,"minecraft:total_world_time":91445,"minecraft:fall_one_cm":28605},"minecraft:dropped":{"minecraft:wheat_seeds":1,"minecraft:iron_nugget":3,"minecraft:feather":2,"minecraft:chicken":1,"minecraft:cobblestone":1,"minecraft:rotten_flesh":1,"cold_sweat:fur_cap":1,"minecraft:torch":2,"minecraft:light_gray_bed":1,"minecraft:potion":1,"bunker_down:steel_block":1,"minecraft:redstone_torch":5,"bunker_down:underroot_stage_1":6,"bunker_down:brittle_pickaxe":1},"minecraft:used":{"marbledsarsenal:baseball_bat":79,"bunker_down:steel_vent":3,"minecraft:netherite_sword":6,"minecraft:glass_bottle":3,"securitycraft:keypad_chest":1,"minecraft:stone_pickaxe":10,"minecraft:silverfish_spawn_egg":1,"minecraft:wither_skeleton_spawn_egg":1,"minecraft:farmland":4,"minecraft:stick":2,"minecraft:torch":3,"minecraft:skeleton_spawn_egg":3,"minecraft:crafting_table":2,"bunker_down:brittle_pickaxe":2,"farmersdelight:rice":1,"minecraft:creeper_spawn_egg":2,"bunker_down:steel_block":3,"bunker_down:underroot_stage_1":2,"minecraft:light_gray_concrete":2,"taccraft:flak_vest_helmet":1,"minecraft:stone_axe":14,"farmersdelight:cooked_bacon":16,"minecraft:cobblestone":5,"minecraft:potion":15,"farmersdelight:tomato_seeds":4}},"DataVersion":3120}