{"stats":{"minecraft:broken":{"minecraft:iron_shovel":1,"minecraft:iron_boots":2,"minecraft:iron_chestplate":1,"minecraft:iron_leggings":2,"minecraft:stone_pickaxe":1,"minecraft:stone_shovel":10,"minecraft:iron_pickaxe":3,"minecraft:iron_helmet":1,"minecraft:golden_pickaxe":1},"minecraft:killed":{"alexsmobs:hummingbird":1,"minecraft:spider":18,"alexsmobs:murmur":1,"minecraft:skeleton":27,"minecraft:chicken":2,"artifacts:mimic":3,"minecraft:zombie_villager":2,"minecraft:creeper":5,"minecraft:zombie":66,"alexsmobs:fly":1,"minecraft:cow":4,"alexsmobs:raccoon":1,"minecraft:panda":1,"minecraft:drowned":1,"minecraft:bat":1,"alexsmobs:cockroach":1,"minecraft:enderman":6},"minecraft:used":{"minecraft:cherry_sapling":23,"minecraft:iron_shovel":416,"minecraft:decorated_pot":2,"minecraft:shield":51,"minecraft:iron_sword":3,"minecraft:mossy_stone_brick_slab":1,"minecraft:rotten_flesh":50,"minecraft:iron_chestplate":3,"minecraft:jungle_planks":1,"minecraft:carrot":53,"minecraft:axolotl_bucket":6,"minecraft:honey_bottle":2,"minecraft:spruce_boat":4,"minecraft:iron_helmet":2,"minecraft:magma_block":2,"minecraft:oak_sapling":2,"minecraft:furnace":7,"minecraft:cooked_cod":13,"minecraft:oak_chest_boat":5,"minecraft:oak_planks":4,"minecraft:stone_pickaxe":146,"minecraft:blackstone":46,"minecraft:wooden_pickaxe":63,"minecraft:diamond_axe":225,"minecraft:jungle_boat":11,"minecraft:golden_apple":1,"minecraft:glow_berries":31,"minecraft:blast_furnace":1,"waystones:waystone":1,"minecraft:melon_slice":103,"minecraft:bread":48,"minecraft:gravel":37,"minecraft:golden_helmet":1,"minecraft:diamond_sword":518,"minecraft:smithing_table":1,"minecraft:andesite":2,"minecraft:oak_boat":5,"minecraft:stripped_cherry_log":1,"minecraft:coarse_dirt":73,"minecraft:bone_meal":59,"minecraft:golden_pickaxe":10,"minecraft:cherry_boat":8,"minecraft:stone_sword":88,"minecraft:stone_shovel":1457,"minecraft:cooked_salmon":2,"minecraft:torch":210,"minecraft:dirt":900,"minecraft:chipped_anvil":1,"minecraft:cherry_slab":59,"minecraft:iron_axe":70,"minecraft:cherry_trapdoor":19,"minecraft:iron_boots":2,"minecraft:barrel":1,"minecraft:smooth_basalt":4,"minecraft:bamboo":27,"minecraft:golden_carrot":32,"minecraft:soul_soil":1,"alexsmobs:lobster_bucket":2,"minecraft:cooked_beef":8,"minecraft:cobbled_deepslate":104,"minecraft:cherry_log":42,"minecraft:iron_leggings":3,"minecraft:water_bucket":93,"minecraft:cherry_planks":175,"minecraft:green_bed":1,"minecraft:fletching_table":3,"minecraft:mossy_cobblestone":2,"minecraft:crafting_table":30,"minecraft:white_bed":6,"minecraft:cake":1,"minecraft:smoker":2,"minecraft:diamond_pickaxe":162,"minecraft:apple":3,"minecraft:iron_pickaxe":1070,"minecraft:suspicious_stew":6,"minecraft:stone_axe":67,"minecraft:cobblestone":199,"minecraft:bucket":103,"minecraft:pumpkin_pie":1,"minecraft:yellow_bed":1,"minecraft:candle":1,"minecraft:chainmail_leggings":1},"minecraft:dropped":{"minecraft:clay":1,"minecraft:iron_sword":1,"minecraft:moss_block":11,"minecraft:diamond":1,"minecraft:glow_berries":1,"minecraft:jungle_planks":6,"minecraft:rail":9,"minecraft:flint":2,"minecraft:dirt":289,"minecraft:jungle_button":1,"minecraft:jungle_sapling":2,"minecraft:wooden_sword":1,"minecraft:gold_nugget":5,"minecraft:sand":71,"immersive_melodies:triangle":1,"minecraft:iron_pickaxe":3,"minecraft:birch_stairs":1,"minecraft:bone":1,"minecraft:gravel":42,"minecraft:stone_axe":1,"minecraft:blackstone":38,"alexsmobs:animal_dictionary":2,"minecraft:cobbled_deepslate":135,"minecraft:rotten_flesh":35,"minecraft:oak_planks":4,"minecraft:carrot":12,"minecraft:oak_chest_boat":1,"minecraft:gunpowder":1,"minecraft:iron_bars":1,"minecraft:arrow":3,"minecraft:iron_ingot":1,"minecraft:bread":4,"minecraft:wheat_seeds":223,"minecraft:golden_helmet":1,"minecraft:mossy_cobblestone":2,"minecraft:minecart":3,"minecraft:iron_helmet":1,"minecraft:cobblestone":211,"minecraft:hopper_minecart":1,"minecraft:coal":11,"minecraft:golden_carrot":2,"minecraft:ink_sac":1,"minecraft:torch":14,"minecraft:iron_axe":1,"minecraft:jungle_boat":1,"minecraft:chainmail_leggings":3,"minecraft:paper":13,"minecraft:string":6,"minecraft:pink_petals":3,"minecraft:lily_pad":2,"minecraft:dandelion":11,"minecraft:redstone":4,"minecraft:coarse_dirt":40,"minecraft:stone_sword":1,"minecraft:cobblestone_wall":3,"minecraft:bowl":5,"minecraft:tuff":8,"minecraft:stone_shovel":1,"minecraft:chicken":1,"minecraft:cherry_slab":2,"minecraft:spruce_fence":1,"minecraft:suspicious_stew":1,"minecraft:diamond_sword":1,"minecraft:flower_pot":1,"minecraft:allium":2,"minecraft:peony":3,"minecraft:iron_chestplate":1,"minecraft:golden_leggings":3,"minecraft:oak_sapling":2,"minecraft:spider_eye":27,"minecraft:barrel":1,"minecraft:bow":2,"minecraft:stone_pickaxe":1,"minecraft:wooden_pickaxe":2,"minecraft:red_tulip":1,"minecraft:calcite":1,"minecraft:magma_block":5},"minecraft:custom":{"minecraft:interact_with_crafting_table":124,"minecraft:open_barrel":97,"minecraft:eat_cake_slice":8,"minecraft:leave_game":7,"minecraft:time_since_death":44907,"minecraft:sprint_one_cm":1272133,"minecraft:damage_blocked_by_shield":2615,"minecraft:drop":257,"minecraft:talked_to_villager":16,"minecraft:play_time":497621,"minecraft:deaths":6,"minecraft:jump":10675,"minecraft:interact_with_brewingstand":1,"minecraft:walk_on_water_one_cm":96387,"minecraft:interact_with_furnace":80,"minecraft:traded_with_villager":3,"minecraft:interact_with_cartography_table":1,"minecraft:sleep_in_bed":8,"minecraft:waystone_activated":1,"minecraft:damage_dealt":34689,"minecraft:player_kills":4,"minecraft:crouch_one_cm":60270,"minecraft:interact_with_smoker":14,"minecraft:interact_with_smithing_table":1,"minecraft:interact_with_anvil":3,"minecraft:mob_kills":145,"minecraft:climb_one_cm":4560,"minecraft:walk_one_cm":1082461,"minecraft:damage_dealt_absorbed":10,"minecraft:sneak_time":25739,"minecraft:walk_under_water_one_cm":53045,"minecraft:boat_one_cm":1215920,"minecraft:total_world_time":497621,"minecraft:time_since_rest":12558,"minecraft:damage_taken":10485,"minecraft:trigger_trapped_chest":1,"minecraft:swim_one_cm":97736,"minecraft:fly_one_cm":2025943,"minecraft:open_chest":72,"minecraft:fall_one_cm":240412},"minecraft:crafted":{"minecraft:jungle_button":1,"minecraft:oak_planks":32,"minecraft:cherry_slab":60,"minecraft:cherry_boat":2,"sophisticatedbackpacks:smelting_upgrade":1,"minecraft:hopper":3,"minecraft:iron_boots":2,"minecraft:chest":4,"sophisticatedbackpacks:backpack":1,"minecraft:emerald":3,"minecraft:diamond_axe":1,"minecraft:crafting_table":11,"minecraft:spruce_planks":72,"minecraft:jungle_boat":3,"minecraft:wooden_pickaxe":2,"minecraft:iron_helmet":3,"minecraft:fletching_table":1,"minecraft:birch_planks":4,"sophisticatedbackpacks:upgrade_base":1,"minecraft:iron_chestplate":2,"minecraft:shield":1,"sophisticatedbackpacks:diamond_backpack":1,"minecraft:stick":176,"minecraft:iron_ingot":55,"sophisticatedbackpacks:auto_smelting_upgrade":1,"minecraft:iron_pickaxe":4,"minecraft:stone_sword":1,"minecraft:gold_ingot":14,"minecraft:golden_carrot":32,"minecraft:cherry_planks":304,"minecraft:wooden_sword":1,"minecraft:stone_shovel":10,"minecraft:furnace":3,"minecraft:bone_meal":90,"minecraft:cherry_trapdoor":8,"minecraft:iron_axe":1,"minecraft:stone_pickaxe":1,"minecraft:spruce_boat":3,"sophisticatedbackpacks:iron_backpack":1,"minecraft:cooked_beef":8,"minecraft:cooked_cod":6,"minecraft:diamond_sword":1,"minecraft:cooked_salmon":2,"sophisticatedbackpacks:gold_backpack":1,"minecraft:bucket":2,"minecraft:stone_axe":1,"minecraft:bread":3,"minecraft:air":0,"minecraft:jungle_planks":84,"minecraft:oak_boat":3,"minecraft:oak_chest_boat":1,"minecraft:white_wool":6,"minecraft:gold_nugget":261,"minecraft:iron_leggings":2,"minecraft:white_bed":2,"minecraft:torch":192},"minecraft:mined":{"minecraft:spruce_planks":8,"minecraft:white_bed":6,"minecraft:mossy_stone_brick_slab":1,"minecraft:cherry_log":115,"minecraft:jungle_leaves":13,"minecraft:brewing_stand":4,"minecraft:obsidian":19,"minecraft:cherry_trapdoor":11,"minecraft:cave_vines_plant":20,"minecraft:grass_block":1205,"minecraft:jungle_log":20,"minecraft:magma_block":2,"minecraft:glowstone":1,"minecraft:cobbled_deepslate":19,"minecraft:iron_ore":64,"minecraft:fire":48,"minecraft:barrel":19,"minecraft:fletching_table":3,"minecraft:deepslate_lapis_ore":3,"minecraft:cave_vines":46,"minecraft:dirt_path":1,"minecraft:iron_bars":1,"minecraft:green_bed":1,"minecraft:deepslate_redstone_ore":9,"minecraft:blackstone":82,"minecraft:smoker":7,"minecraft:torch":4,"minecraft:blast_furnace":1,"minecraft:calcite":1,"minecraft:melon":19,"minecraft:chest":1,"minecraft:cobblestone":44,"minecraft:sugar_cane":3,"minecraft:oak_planks":24,"minecraft:wall_torch":6,"minecraft:cherry_slab":2,"minecraft:pink_petals":49,"minecraft:skeleton_skull":3,"minecraft:birch_log":1,"minecraft:lilac":1,"minecraft:grass":283,"minecraft:oak_log":8,"minecraft:dirt":321,"minecraft:smooth_basalt":4,"minecraft:oak_leaves":8,"minecraft:deepslate":310,"minecraft:diamond_ore":1,"minecraft:tuff":12,"minecraft:mossy_cobblestone":1,"minecraft:deepslate_diamond_ore":98,"farmersdelight:wild_carrots":5,"minecraft:cherry_sapling":19,"minecraft:stripped_cherry_log":7,"minecraft:decorated_pot":2,"minecraft:soul_campfire":1,"minecraft:spruce_leaves":6,"minecraft:moss_block":1,"minecraft:rooted_dirt":1,"minecraft:large_fern":18,"minecraft:redstone_ore":3,"minecraft:furnace":8,"minecraft:carrots":26,"minecraft:andesite":2,"minecraft:stripped_spruce_log":3,"minecraft:peony":3,"minecraft:bell":2,"minecraft:deepslate_iron_ore":56,"minecraft:vine":2,"minecraft:stone":542,"minecraft:podzol":1,"minecraft:smithing_table":2,"minecraft:glass_pane":2,"minecraft:cherry_planks":25,"minecraft:dandelion":2,"minecraft:crafting_table":20,"minecraft:campfire":7,"minecraft:tall_grass":103,"minecraft:copper_ore":4,"minecraft:lapis_ore":12,"minecraft:deepslate_gold_ore":41,"minecraft:coarse_dirt":217,"minecraft:cobblestone_wall":3,"minecraft:birch_leaves":1,"minecraft:yellow_bed":4,"minecraft:coal_ore":22,"minecraft:cherry_leaves":60,"minecraft:flower_pot":1,"minecraft:gravel":94,"minecraft:cobweb":22,"minecraft:small_dripleaf":1,"minecraft:chipped_anvil":3,"minecraft:gold_ore":20,"minecraft:fern":14},"minecraft:picked_up":{"minecraft:iron_chestplate":1,"minecraft:wheat":5,"minecraft:flower_pot":1,"minecraft:smithing_table":2,"minecraft:diamond_sword":1,"minecraft:brewing_stand":4,"minecraft:string":53,"minecraft:soul_soil":1,"minecraft:raw_copper":21,"minecraft:cherry_boat":6,"minecraft:cobbled_deepslate":379,"minecraft:spruce_planks":7,"minecraft:calcite":1,"minecraft:iron_pickaxe":3,"minecraft:hopper_minecart":3,"minecraft:melon_slice":95,"immersive_melodies:triangle":1,"minecraft:furnace":7,"minecraft:stick":18,"minecraft:torch":56,"minecraft:green_bed":1,"minecraft:golden_axe":1,"minecraft:cherry_log":113,"minecraft:stone_sword":1,"minecraft:rotten_flesh":74,"artifacts:panic_necklace":1,"minecraft:obsidian":19,"minecraft:cod":5,"minecraft:iron_bars":1,"minecraft:cobblestone":529,"minecraft:birch_log":1,"minecraft:furnace_minecart":1,"minecraft:pink_petals":129,"minecraft:magma_block":7,"minecraft:feather":2,"minecraft:cherry_planks":23,"minecraft:andesite":2,"minecraft:jungle_log":21,"minecraft:golden_leggings":2,"minecraft:smoker":6,"minecraft:flint":17,"minecraft:tuff":12,"minecraft:lapis_lazuli":110,"minecraft:dirt":1732,"artifacts:shock_pendant":1,"minecraft:bone":32,"minecraft:chipped_anvil":3,"minecraft:bow":2,"minecraft:wheat_seeds":226,"minecraft:raw_gold":61,"minecraft:bell":2,"minecraft:glowstone_dust":2,"minecraft:fletching_table":3,"minecraft:bamboo":27,"minecraft:moss_block":11,"minecraft:oak_planks":26,"artifacts:rooted_boots":1,"minecraft:sand":43,"minecraft:jungle_planks":4,"minecraft:stripped_spruce_log":3,"minecraft:ink_sac":1,"minecraft:grass_block":2,"alexsmobs:animal_dictionary":1,"minecraft:barrel":26,"minecraft:mossy_cobblestone":4,"minecraft:diamond":105,"minecraft:spruce_boat":1,"waystones:waystone":1,"minecraft:rooted_dirt":1,"minecraft:oak_sapling":4,"minecraft:cherry_slab":1,"minecraft:allium":2,"minecraft:crafting_table":22,"minecraft:charcoal":17,"minecraft:coarse_dirt":241,"minecraft:chicken":1,"minecraft:clay_ball":16,"minecraft:chest_minecart":2,"minecraft:stripped_cherry_log":6,"immersive_melodies:lute":1,"minecraft:iron_axe":1,"minecraft:iron_shovel":1,"minecraft:blackstone":84,"minecraft:candle":1,"minecraft:beef":8,"minecraft:oak_boat":3,"minecraft:jungle_sapling":2,"minecraft:minecart":8,"minecraft:sugar_cane":6,"minecraft:chest":1,"minecraft:cherry_trapdoor":11,"minecraft:raw_iron":159,"minecraft:bowl":1,"minecraft:spruce_fence":2,"minecraft:carrot":93,"minecraft:redstone":39,"minecraft:tnt":1,"minecraft:arrow":25,"minecraft:cooked_cod":2,"minecraft:decorated_pot":2,"minecraft:peony":3,"minecraft:oak_chest_boat":5,"minecraft:gold_ingot":1,"minecraft:glow_berries":19,"minecraft:skeleton_skull":3,"minecraft:rail":18,"minecraft:jungle_boat":9,"minecraft:golden_carrot":2,"minecraft:glow_ink_sac":6,"minecraft:leather":10,"minecraft:oak_log":8,"minecraft:lily_pad":2,"minecraft:jungle_button":1,"minecraft:cobblestone_wall":3,"minecraft:yellow_bed":4,"minecraft:gunpowder":11,"minecraft:iron_ingot":2,"minecraft:stone_pickaxe":1,"artifacts:kitty_slippers":1,"minecraft:iron_sword":1,"minecraft:smooth_basalt":4,"minecraft:dandelion":11,"minecraft:gravel":79,"minecraft:birch_stairs":1,"minecraft:blast_furnace":1,"minecraft:white_bed":6,"minecraft:mossy_stone_brick_slab":1,"minecraft:spider_eye":21,"minecraft:chainmail_leggings":2,"minecraft:iron_helmet":2,"minecraft:cherry_sapling":81,"minecraft:coal":70,"minecraft:ender_pearl":3}},"DataVersion":3465}