{"stats":{"minecraft:crafted":{"minecraft:cookie":7,"minecraft:oak_planks":1452,"minecraft:cobblestone_slab":6,"minecraft:stone_shovel":16,"minecraft:furnace":1,"minecraft:diamond_shovel":1,"minecraft:suspicious_stew":5,"minecraft:cooked_mutton":2,"minecraft:cake":1,"minecraft:diamond_helmet":1,"minecraft:diamond_leggings":3,"minecraft:iron_axe":10,"minecraft:spruce_slab":12,"minecraft:stone_pickaxe":2,"minecraft:chest":6,"minecraft:diamond_boots":3,"minecraft:chainmail_leggings":12,"minecraft:emerald":150,"minecraft:cooked_porkchop":9,"minecraft:crafting_table":3,"minecraft:spruce_planks":284,"minecraft:wooden_pickaxe":1,"minecraft:iron_helmet":1,"minecraft:iron_sword":1,"minecraft:smithing_table":1,"minecraft:fletching_table":1,"minecraft:stone_axe":2,"minecraft:bread":60,"minecraft:air":0,"biomesoplenty:fir_planks":384,"minecraft:iron_chestplate":9,"minecraft:shield":10,"minecraft:stick":3868,"minecraft:iron_ingot":1,"minecraft:stone_sword":1,"minecraft:composter":1,"minecraft:diamond_chestplate":2},"minecraft:picked_up":{"minecraft:crafting_table":6,"minecraft:iron_chestplate":9,"minecraft:allium":1,"minecraft:azure_bluet":75,"minecraft:suspicious_stew":5,"minecraft:smithing_table":3,"minecraft:shield":9,"minecraft:red_bed":4,"minecraft:string":2,"minecraft:iron_axe":7,"minecraft:white_carpet":9,"minecraft:spruce_planks":10,"minecraft:redstone_torch":1,"minecraft:spruce_slab":5,"minecraft:sugar_cane":19,"minecraft:spruce_trapdoor":5,"minecraft:furnace":3,"minecraft:stick":27,"minecraft:raw_iron":1,"minecraft:torch":1,"minecraft:bowl":1,"minecraft:spruce_stairs":8,"minecraft:spruce_fence":1,"minecraft:porkchop":15,"minecraft:cookie":126,"minecraft:rotten_flesh":2,"minecraft:stone_shovel":10,"minecraft:mutton":6,"minecraft:white_wool":7,"minecraft:cobblestone":204,"biomesoplenty:fir_sapling":2,"biomesoplenty:fir_log":96,"minecraft:flint":3,"minecraft:oak_log":406,"minecraft:dirt":3422,"minecraft:apple":5,"minecraft:wheat_seeds":22,"minecraft:grindstone":7,"minecraft:fletching_table":4,"minecraft:oak_planks":12,"minecraft:pumpkin":8,"minecraft:sweet_berries":19,"minecraft:gravel":52,"minecraft:spruce_sapling":5,"minecraft:blast_furnace":2,"minecraft:spruce_log":66,"minecraft:mossy_cobblestone":1,"biomesoplenty:maple_sapling":53,"minecraft:purple_bed":5,"minecraft:stone_axe":1,"minecraft:chainmail_leggings":12,"minecraft:bone_meal":12,"alexsmobs:maggot":1,"minecraft:oak_sapling":2,"minecraft:light_gray_carpet":3,"minecraft:coal":28},"minecraft:dropped":{"minecraft:wheat_seeds":22,"minecraft:oak_log":1,"minecraft:mossy_cobblestone":1,"biomesoplenty:maple_sapling":50,"minecraft:cookie":126,"minecraft:iron_helmet":1,"minecraft:spruce_stairs":7,"minecraft:dirt":104,"minecraft:iron_leggings":1,"minecraft:iron_axe":7,"minecraft:chainmail_leggings":24,"minecraft:stone_axe":2,"minecraft:sweet_berries":19,"alexsmobs:maggot":1,"minecraft:stone_sword":1,"minecraft:bowl":5,"minecraft:stone_shovel":10,"minecraft:white_carpet":9,"minecraft:rotten_flesh":2,"minecraft:light_gray_carpet":3,"minecraft:azure_bluet":71,"minecraft:spruce_fence":1,"minecraft:suspicious_stew":5,"minecraft:cobblestone_slab":3,"minecraft:shield":9,"minecraft:allium":1,"minecraft:spruce_trapdoor":5,"minecraft:iron_chestplate":10,"minecraft:oak_sapling":2,"minecraft:redstone_torch":1,"minecraft:spruce_slab":10,"minecraft:wooden_pickaxe":1},"minecraft:killed":{"alexsmobs:banana_slug":1,"takesapillage:clay_golem":1,"minecraft:pig":8,"minecraft:sheep":5,"alexsmobs:fly":2},"minecraft:broken":{"minecraft:stone_pickaxe":1,"minecraft:iron_axe":2,"minecraft:stone_axe":1,"minecraft:stone_shovel":16},"minecraft:custom":{"minecraft:mob_kills":17,"minecraft:interact_with_crafting_table":16,"minecraft:leave_game":5,"minecraft:time_since_death":167011,"minecraft:sprint_one_cm":501392,"minecraft:walk_one_cm":605324,"minecraft:drop":151,"minecraft:talked_to_villager":124,"minecraft:play_time":216174,"minecraft:deaths":1,"minecraft:sneak_time":16979,"minecraft:walk_under_water_one_cm":5002,"minecraft:jump":3164,"minecraft:walk_on_water_one_cm":10196,"minecraft:total_world_time":216174,"minecraft:interact_with_furnace":7,"minecraft:traded_with_villager":240,"minecraft:sleep_in_bed":15,"minecraft:time_since_rest":4175,"minecraft:damage_taken":1082,"minecraft:damage_dealt":1706,"minecraft:swim_one_cm":39853,"minecraft:fly_one_cm":698475,"minecraft:open_chest":56,"minecraft:crouch_one_cm":60352,"minecraft:fall_one_cm":71991},"minecraft:mined":{"minecraft:spruce_planks":10,"minecraft:mossy_cobblestone":1,"biomesoplenty:desert_grass":1,"minecraft:spruce_trapdoor":3,"minecraft:spruce_fence":1,"minecraft:grass_block":2232,"minecraft:spruce_leaves":44,"biomesoplenty:dead_grass":9,"minecraft:large_fern":4,"minecraft:furnace":3,"minecraft:iron_ore":1,"minecraft:pumpkin":9,"minecraft:fletching_table":4,"minecraft:azure_bluet":30,"minecraft:dirt_path":11,"minecraft:packed_ice":5,"biomesoplenty:barley":4,"minecraft:stone":199,"minecraft:white_wool":2,"minecraft:smithing_table":3,"minecraft:light_gray_carpet":3,"minecraft:glass_pane":1,"minecraft:red_bed":4,"minecraft:powder_snow":7,"minecraft:crafting_table":6,"minecraft:blast_furnace":2,"minecraft:cobblestone":12,"minecraft:oak_planks":12,"biomesoplenty:sprout":5,"biomesoplenty:huge_clover_petal":52,"minecraft:grindstone":7,"minecraft:sugar_cane":6,"minecraft:spruce_stairs":4,"minecraft:purple_bed":5,"minecraft:sweet_berry_bush":4,"minecraft:ice":1,"minecraft:white_carpet":9,"minecraft:spruce_log":66,"biomesoplenty:maple_leaves":412,"biomesoplenty:fir_log":100,"minecraft:grass":55,"biomesoplenty:clover":87,"minecraft:oak_log":410,"minecraft:coal_ore":28,"biomesoplenty:fir_leaves":32,"minecraft:dirt":1293,"minecraft:gravel":57,"minecraft:oak_leaves":4,"minecraft:fern":11},"minecraft:used":{"minecraft:stone_sword":32,"minecraft:stone_shovel":2261,"minecraft:spruce_planks":24,"minecraft:chest":6,"minecraft:iron_sword":6,"minecraft:torch":1,"minecraft:dirt":410,"minecraft:spruce_stairs":1,"minecraft:iron_axe":726,"minecraft:furnace":4,"minecraft:iron_leggings":2,"minecraft:cooked_mutton":2,"minecraft:diamond_boots":1,"minecraft:stone_pickaxe":238,"minecraft:oak_planks":44,"minecraft:wooden_pickaxe":18,"minecraft:composter":1,"minecraft:fletching_table":5,"minecraft:cobblestone_slab":3,"minecraft:cookie":126,"minecraft:white_wool":2,"minecraft:crafting_table":9,"minecraft:red_bed":4,"minecraft:blast_furnace":2,"minecraft:cake":1,"minecraft:spruce_log":1,"minecraft:oak_log":1,"minecraft:apple":1,"minecraft:diamond_shovel":1433,"minecraft:bread":15,"minecraft:suspicious_stew":4,"minecraft:gravel":14,"minecraft:stone_axe":157,"minecraft:cobblestone":23,"minecraft:purple_bed":5,"minecraft:cooked_porkchop":9,"minecraft:grindstone":6,"minecraft:smithing_table":4,"alexsmobs:animal_dictionary":5,"minecraft:diamond_leggings":1,"minecraft:chainmail_leggings":1}},"DataVersion":3465}