{"stats":{"minecraft:custom":{"minecraft:animals_bred":10,"minecraft:interact_with_crafting_table":80,"minecraft:eat_cake_slice":5,"minecraft:leave_game":11,"minecraft:time_since_death":769973,"minecraft:sprint_one_cm":1671847,"minecraft:damage_blocked_by_shield":730,"minecraft:drop":584,"minecraft:talked_to_villager":420,"minecraft:play_time":819136,"minecraft:deaths":1,"minecraft:jump":11591,"minecraft:walk_on_water_one_cm":67226,"minecraft:interact_with_furnace":30,"minecraft:traded_with_villager":876,"minecraft:sleep_in_bed":55,"minecraft:damage_dealt":46304,"minecraft:crouch_one_cm":154393,"minecraft:horse_one_cm":166887,"minecraft:interact_with_smithing_table":1,"minecraft:interact_with_anvil":13,"minecraft:mob_kills":114,"minecraft:damage_dealt_resisted":71,"minecraft:climb_one_cm":25491,"minecraft:walk_one_cm":2387045,"minecraft:damage_dealt_absorbed":96,"minecraft:sneak_time":55737,"minecraft:walk_under_water_one_cm":153362,"minecraft:interact_with_blast_furnace":6,"minecraft:total_world_time":819136,"minecraft:interact_with_grindstone":8,"minecraft:time_since_rest":15514,"minecraft:damage_taken":2478,"minecraft:swim_one_cm":189235,"minecraft:fly_one_cm":2158935,"minecraft:open_chest":462,"minecraft:fall_one_cm":173127},"minecraft:dropped":{"minecraft:iron_sword":6,"minecraft:diamond_axe":13,"minecraft:oak_log":1,"minecraft:cookie":126,"minecraft:emerald":16,"minecraft:dirt":982,"minecraft:bone_meal":2,"minecraft:gravel":9,"minecraft:stone_axe":21,"minecraft:rotten_flesh":36,"minecraft:grindstone":1,"minecraft:diamond_shovel":2,"minecraft:light_gray_carpet":3,"minecraft:azure_bluet":86,"minecraft:poppy":38,"minecraft:ladder":1,"minecraft:spruce_slab":10,"minecraft:stone_hoe":21,"minecraft:bread":220,"minecraft:oak_slab":13,"minecraft:wheat_seeds":109,"minecraft:mossy_cobblestone":1,"minecraft:diamond_leggings":5,"biomesoplenty:maple_sapling":164,"minecraft:oak_fence":1,"minecraft:iron_helmet":1,"minecraft:cobblestone":137,"minecraft:spruce_stairs":7,"minecraft:chainmail_helmet":17,"minecraft:grass_block":1,"minecraft:diorite":41,"minecraft:golden_carrot":26,"minecraft:torch":2,"minecraft:iron_leggings":21,"minecraft:iron_axe":19,"minecraft:chainmail_leggings":32,"minecraft:iron_shovel":11,"minecraft:sweet_berries":19,"alexsmobs:maggot":12,"minecraft:oak_trapdoor":1,"minecraft:stone_sword":1,"minecraft:raw_copper":2,"minecraft:bowl":6,"minecraft:diamond_hoe":4,"minecraft:stone_shovel":13,"minecraft:white_carpet":9,"minecraft:spruce_fence":1,"minecraft:pumpkin_seeds":8,"minecraft:suspicious_stew":5,"minecraft:cobblestone_slab":4,"minecraft:shield":28,"minecraft:allium":1,"minecraft:diamond_chestplate":2,"minecraft:spruce_trapdoor":6,"minecraft:iron_chestplate":23,"minecraft:diamond_pickaxe":3,"minecraft:andesite":7,"minecraft:oak_sapling":2,"minecraft:redstone_torch":1,"minecraft:spider_eye":2,"minecraft:spruce_log":6,"minecraft:diamond_boots":5,"minecraft:bow":11,"minecraft:stone_pickaxe":1,"minecraft:wooden_pickaxe":1},"minecraft:used":{"minecraft:iron_shovel":2076,"minecraft:diamond_hoe":1057,"minecraft:poppy":5,"minecraft:ladder":17,"farmersdelight:cabbage_seeds":91,"minecraft:chest":17,"minecraft:shield":15,"minecraft:iron_sword":547,"minecraft:glass":20,"minecraft:lava_bucket":28,"biomesoplenty:fir_sapling":2,"minecraft:furnace":6,"farmersdelight:safety_net":2,"minecraft:potato":2,"minecraft:diamond_boots":1,"minecraft:stone_pickaxe":1781,"minecraft:oak_planks":143,"minecraft:wooden_pickaxe":18,"minecraft:chainmail_helmet":1,"minecraft:composter":4,"minecraft:blue_bed":4,"minecraft:diamond_axe":861,"minecraft:cookie":126,"minecraft:white_wool":2,"minecraft:blast_furnace":4,"minecraft:crossbow":35,"farmersdelight:rice":7,"minecraft:pumpkin_seeds":74,"sophisticatedbackpacks:backpack":1,"minecraft:bread":72,"minecraft:gravel":16,"minecraft:grindstone":8,"minecraft:smithing_table":7,"minecraft:bone_meal":21,"minecraft:oak_fence":2,"minecraft:oak_trapdoor":10,"minecraft:stone_sword":32,"minecraft:stone_shovel":6341,"minecraft:spruce_planks":24,"minecraft:stone_hoe":125,"minecraft:torch":216,"minecraft:dirt":6403,"minecraft:anvil":1,"minecraft:spruce_stairs":1,"minecraft:diamond_helmet":1,"minecraft:iron_axe":986,"minecraft:golden_carrot":19,"alexsmobs:lobster_bucket":4,"farmersdelight:tomato_seeds":36,"minecraft:pumpkin":78,"minecraft:iron_leggings":2,"minecraft:wheat_seeds":107,"minecraft:cooked_mutton":2,"minecraft:water_bucket":18,"minecraft:fletching_table":9,"minecraft:cobblestone_slab":3,"minecraft:spruce_fence_gate":1,"minecraft:oak_slab":195,"minecraft:crafting_table":18,"minecraft:red_bed":9,"minecraft:white_bed":4,"minecraft:spruce_log":3,"minecraft:cake":1,"minecraft:oak_log":17,"minecraft:diamond_pickaxe":1381,"minecraft:apple":2,"minecraft:diamond_shovel":1583,"minecraft:suspicious_stew":5,"minecraft:spruce_trapdoor":6,"minecraft:stone_axe":157,"minecraft:cobblestone":542,"minecraft:purple_bed":16,"minecraft:cooked_porkchop":9,"minecraft:bucket":52,"minecraft:pumpkin_pie":2,"alexsmobs:animal_dictionary":5,"minecraft:diamond_leggings":1,"minecraft:chainmail_leggings":1},"minecraft:broken":{"minecraft:iron_shovel":8,"minecraft:stone_pickaxe":13,"minecraft:diamond_shovel":1,"minecraft:stone_axe":1,"minecraft:iron_sword":1,"minecraft:stone_shovel":46,"minecraft:iron_axe":3},"minecraft:crafted":{"minecraft:oak_planks":3376,"minecraft:chainmail_helmet":9,"minecraft:cobblestone_slab":6,"minecraft:diamond_shovel":9,"farmersdelight:rope":4,"minecraft:cooked_mutton":6,"minecraft:suspicious_stew":5,"farmersdelight:safety_net":1,"minecraft:cake":1,"minecraft:glass":20,"minecraft:bow":6,"minecraft:diamond_helmet":4,"minecraft:diamond_leggings":6,"minecraft:chest":12,"minecraft:stone_hoe":11,"minecraft:oak_fence":3,"farmersdelight:tomato_seeds":26,"minecraft:oak_slab":174,"sophisticatedbackpacks:backpack":1,"minecraft:arrow":144,"minecraft:emerald":581,"minecraft:cooked_porkchop":9,"minecraft:diamond_axe":20,"minecraft:crafting_table":8,"minecraft:spruce_planks":400,"minecraft:wooden_pickaxe":1,"minecraft:iron_helmet":1,"minecraft:smithing_table":2,"minecraft:fletching_table":2,"minecraft:pumpkin_seeds":56,"sophisticatedbackpacks:upgrade_base":1,"biomesoplenty:fir_planks":384,"minecraft:spruce_trapdoor":4,"minecraft:iron_chestplate":9,"minecraft:diamond_pickaxe":6,"minecraft:shield":17,"minecraft:stick":7221,"minecraft:iron_ingot":4,"minecraft:iron_block":6,"minecraft:stone_sword":1,"minecraft:composter":2,"minecraft:spruce_fence_gate":1,"minecraft:shears":1,"minecraft:golden_carrot":73,"minecraft:cookie":7,"minecraft:stone_shovel":48,"minecraft:diamond_hoe":7,"minecraft:furnace":3,"minecraft:bone_meal":9,"minecraft:oak_trapdoor":6,"minecraft:iron_axe":14,"minecraft:ladder":9,"minecraft:spruce_slab":12,"minecraft:stone_pickaxe":14,"minecraft:diamond_boots":8,"minecraft:chainmail_leggings":16,"minecraft:red_dye":2,"minecraft:crossbow":1,"minecraft:iron_sword":8,"minecraft:red_bed":1,"minecraft:bucket":1,"minecraft:stone_axe":12,"minecraft:bread":210,"minecraft:air":0,"minecraft:iron_shovel":13,"minecraft:iron_leggings":10,"minecraft:anvil":2,"minecraft:white_bed":4,"minecraft:torch":220,"minecraft:diamond_chestplate":8},"minecraft:mined":{"minecraft:spruce_planks":10,"minecraft:white_bed":1,"minecraft:farmland":4,"minecraft:spruce_trapdoor":6,"minecraft:grass_block":5171,"minecraft:composter":2,"farmersdelight:wild_rice":1,"farmersdelight:rice":2,"minecraft:iron_ore":21,"minecraft:pumpkin":328,"minecraft:fletching_table":7,"minecraft:azure_bluet":31,"minecraft:dirt_path":17,"farmersdelight:wild_potatoes":1,"minecraft:red_bed":8,"minecraft:powder_snow":7,"minecraft:torch":28,"minecraft:blast_furnace":4,"minecraft:poppy":2,"minecraft:chest":5,"farmersdelight:safety_net":2,"farmersdelight:cabbages":48,"minecraft:cobblestone":48,"minecraft:sugar_cane":7,"minecraft:grindstone":9,"minecraft:oak_planks":47,"minecraft:wall_torch":12,"minecraft:wheat":64,"biomesoplenty:maple_leaves":1634,"minecraft:pumpkin_stem":8,"biomesoplenty:fir_log":100,"minecraft:grass":157,"biomesoplenty:clover":267,"minecraft:oak_log":920,"minecraft:sand":20,"minecraft:dirt":4589,"minecraft:oak_leaves":4,"minecraft:attached_pumpkin_stem":4,"minecraft:mossy_cobblestone":1,"biomesoplenty:desert_grass":1,"minecraft:spruce_fence":1,"farmersdelight:tomatoes":7,"minecraft:spruce_leaves":47,"biomesoplenty:dead_grass":9,"minecraft:large_fern":4,"minecraft:oak_trapdoor":5,"minecraft:furnace":3,"minecraft:andesite":9,"minecraft:cobblestone_slab":1,"minecraft:packed_ice":5,"biomesoplenty:barley":4,"minecraft:stone":2868,"minecraft:white_wool":2,"minecraft:smithing_table":5,"minecraft:oak_slab":34,"minecraft:light_gray_carpet":3,"minecraft:glass_pane":1,"minecraft:crafting_table":10,"minecraft:copper_ore":16,"biomesoplenty:sprout":5,"biomesoplenty:huge_clover_petal":91,"minecraft:diorite":39,"minecraft:blue_bed":4,"minecraft:spruce_stairs":4,"minecraft:purple_bed":16,"minecraft:sweet_berry_bush":4,"minecraft:ice":1,"minecraft:white_carpet":9,"minecraft:spruce_log":99,"minecraft:coal_ore":134,"biomesoplenty:fir_leaves":32,"minecraft:gravel":118,"minecraft:fern":89},"minecraft:killed":{"minecraft:spider":4,"minecraft:skeleton":6,"alexsmobs:banana_slug":1,"minecraft:pig":8,"minecraft:iron_golem":38,"minecraft:creeper":5,"minecraft:sheep":5,"minecraft:pillager":2,"minecraft:zombie":21,"minecraft:donkey":1,"alexsmobs:terrapin":2,"alexsmobs:fly":12,"minecraft:cow":6,"takesapillage:clay_golem":1,"minecraft:drowned":2},"minecraft:picked_up":{"minecraft:iron_chestplate":14,"minecraft:wheat":46,"minecraft:suspicious_stew":5,"minecraft:smithing_table":5,"minecraft:string":4,"minecraft:raw_copper":63,"minecraft:iron_leggings":10,"minecraft:diamond_leggings":5,"farmersdelight:cabbage":39,"minecraft:spruce_planks":10,"minecraft:redstone_torch":1,"minecraft:cobblestone_slab":1,"farmersdelight:cabbage_seeds":110,"minecraft:furnace":3,"minecraft:stick":107,"minecraft:composter":2,"minecraft:torch":71,"minecraft:spruce_stairs":8,"minecraft:porkchop":15,"minecraft:diorite":46,"minecraft:rotten_flesh":21,"minecraft:cobblestone":2927,"farmersdelight:rice":3,"minecraft:andesite":9,"minecraft:potato":3,"farmersdelight:safety_net":2,"biomesoplenty:fir_sapling":2,"biomesoplenty:fir_log":96,"minecraft:flint":12,"farmersdelight:tomato":35,"minecraft:dirt":10405,"minecraft:bone":3,"minecraft:bow":5,"minecraft:wheat_seeds":216,"minecraft:grindstone":9,"minecraft:fletching_table":7,"minecraft:stone_hoe":10,"minecraft:oak_planks":47,"minecraft:sand":20,"minecraft:grass_block":1,"minecraft:mossy_cobblestone":1,"minecraft:bone_meal":14,"minecraft:chainmail_helmet":8,"minecraft:emerald":16,"alexsmobs:maggot":12,"minecraft:oak_sapling":2,"minecraft:light_gray_carpet":3,"minecraft:diamond_pickaxe":3,"minecraft:crafting_table":10,"minecraft:allium":1,"minecraft:azure_bluet":86,"minecraft:ladder":9,"minecraft:shield":21,"minecraft:red_bed":8,"minecraft:oak_trapdoor":5,"minecraft:iron_axe":21,"minecraft:white_carpet":9,"minecraft:iron_shovel":6,"minecraft:beef":11,"minecraft:poppy":45,"minecraft:spruce_slab":5,"minecraft:sugar_cane":22,"minecraft:chest":5,"minecraft:spruce_trapdoor":8,"minecraft:diamond_hoe":4,"minecraft:raw_iron":21,"minecraft:bowl":1,"minecraft:spruce_fence":1,"farmersdelight:tomato_seeds":7,"minecraft:cookie":126,"minecraft:carrot":1,"minecraft:diamond_chestplate":1,"minecraft:arrow":6,"minecraft:stone_shovel":11,"minecraft:diamond_boots":5,"minecraft:saddle":1,"minecraft:mutton":6,"minecraft:white_wool":14,"minecraft:golden_carrot":21,"minecraft:leather":5,"minecraft:oak_log":912,"minecraft:gunpowder":4,"minecraft:blue_bed":4,"minecraft:apple":16,"minecraft:iron_ingot":151,"minecraft:iron_sword":4,"minecraft:oak_slab":41,"minecraft:pumpkin":326,"minecraft:sweet_berries":19,"minecraft:gravel":106,"minecraft:spruce_sapling":12,"minecraft:blast_furnace":4,"minecraft:white_bed":1,"minecraft:spruce_log":103,"minecraft:spider_eye":2,"biomesoplenty:maple_sapling":164,"minecraft:pumpkin_seeds":20,"minecraft:purple_bed":16,"minecraft:stone_axe":10,"minecraft:chainmail_leggings":16,"minecraft:diamond_axe":10,"minecraft:coal":134,"minecraft:ender_pearl":2}},"DataVersion":3465}