{"stats":{"minecraft:killed":{"minecraft:skeleton":2},"minecraft:picked_up":{"minecraft:arrow":4},"minecraft:custom":{"minecraft:time_since_rest":13244,"minecraft:open_chest":6,"minecraft:crouch_one_cm":1365,"minecraft:sprint_one_cm":30818,"minecraft:play_time":31018,"minecraft:deaths":1,"minecraft:walk_one_cm":26219,"minecraft:sneak_time":1027,"minecraft:mob_kills":2,"minecraft:jump":236,"minecraft:damage_dealt":400,"minecraft:leave_game":8,"minecraft:time_since_death":13192,"minecraft:climb_one_cm":5154,"minecraft:total_world_time":31018,"minecraft:fly_one_cm":102449},"minecraft:used":{"minecraft:creeper_spawn_egg":2,"taccraft:flak_vest_helmet":1,"minecraft:netherite_sword":6,"minecraft:cobblestone":2,"minecraft:skeleton_spawn_egg":3,"securitycraft:keypad_chest":1,"minecraft:silverfish_spawn_egg":1,"minecraft:wither_skeleton_spawn_egg":1}},"DataVersion":3120}