{"stats":{"minecraft:used":{"minecraft:farmland":2,"bunker_down:steel_block":2,"minecraft:stone":2,"minecraft:potato":4,"minecraft:cobweb":5},"minecraft:custom":{"minecraft:jump":26,"minecraft:time_since_rest":5242,"minecraft:crouch_one_cm":46,"minecraft:climb_one_cm":989,"minecraft:sprint_one_cm":4673,"minecraft:play_time":5242,"minecraft:walk_on_water_one_cm":83,"minecraft:time_since_death":5242,"minecraft:walk_one_cm":5871,"minecraft:sneak_time":58,"minecraft:total_world_time":5242,"minecraft:walk_under_water_one_cm":217,"minecraft:fly_one_cm":40438,"minecraft:open_chest":1}},"DataVersion":3120}