{"stats":{"minecraft:picked_up":{"minecraft:iron_chestplate":2,"minecraft:flower_pot":1,"minecraft:anvil":1,"minecraft:suspicious_stew":14,"artifacts:bunny_hoppers":1,"minecraft:smithing_table":5,"minecraft:lead":3,"minecraft:diamond_sword":3,"minecraft:brewing_stand":17,"minecraft:amethyst_block":12,"minecraft:string":77,"minecraft:soul_soil":1,"minecraft:cherry_boat":6,"minecraft:cobbled_deepslate":922,"minecraft:spruce_planks":65,"minecraft:hopper_minecart":5,"minecraft:melon_slice":95,"minecraft:golden_helmet":1,"minecraft:composter":5,"minecraft:green_bed":1,"minecraft:golden_axe":1,"minecraft:cherry_log":173,"minecraft:cauldron":1,"minecraft:stone_sword":1,"farmersdelight:onion":13,"minecraft:iron_bars":1,"minecraft:snowball":155,"minecraft:birch_log":1,"minecraft:furnace_minecart":2,"minecraft:magma_block":7,"minecraft:feather":6,"minecraft:jungle_log":21,"minecraft:smoker":7,"minecraft:flint":153,"minecraft:lantern":4,"artifacts:shock_pendant":1,"securitycraft:reinforced_stone_button":16,"minecraft:chipped_anvil":7,"minecraft:glowstone_dust":3,"minecraft:moss_block":11,"minecraft:stripped_spruce_log":4,"sophisticatedbackpacks:iron_backpack":2,"minecraft:ink_sac":5,"alexsmobs:animal_dictionary":1,"minecraft:barrel":37,"minecraft:white_candle":4,"minecraft:chainmail_helmet":11,"minecraft:bread":2,"alexsmobs:maggot":3,"minecraft:rooted_dirt":23,"minecraft:cherry_slab":79,"minecraft:diamond_pickaxe":1,"sophisticatedbackpacks:gold_backpack":1,"minecraft:mud":1,"minecraft:crafting_table":29,"minecraft:coarse_dirt":992,"minecraft:clay_ball":40,"minecraft:stripped_cherry_log":27,"minecraft:cornflower":2,"minecraft:iron_shovel":1,"minecraft:glass_pane":12,"minecraft:beef":8,"minecraft:poppy":3,"minecraft:jungle_sapling":2,"minecraft:spruce_slab":50,"minecraft:minecart":8,"minecraft:chest":2,"minecraft:cherry_button":2,"minecraft:raw_copper_block":1,"minecraft:egg":2,"minecraft:stone":1,"minecraft:spruce_fence":2,"minecraft:carrot":572,"minecraft:redstone":89,"minecraft:tnt":2,"minecraft:peony":3,"minecraft:cooked_cod":2,"minecraft:decorated_pot":2,"minecraft:beetroot_seeds":1,"minecraft:diamond_boots":1,"minecraft:gold_ingot":1,"minecraft:oak_chest_boat":5,"minecraft:glow_berries":19,"minecraft:white_wool":13,"minecraft:rail":18,"minecraft:oak_log":8,"minecraft:lily_pad":2,"minecraft:jungle_button":2,"mowziesmobs:wrought_axe":1,"minecraft:blue_bed":8,"minecraft:white_banner":8,"minecraft:stone_bricks":1,"minecraft:kelp":3,"minecraft:stone_pickaxe":3,"minecraft:cobweb":11,"minecraft:iron_sword":1,"minecraft:gray_bed":2,"minecraft:smooth_basalt":11,"minecraft:spyglass":1,"minecraft:gravel":1573,"minecraft:birch_stairs":1,"minecraft:spruce_sapling":311,"minecraft:spruce_log":3786,"minecraft:diamond_shovel":4,"minecraft:purple_bed":5,"minecraft:ender_pearl":7,"minecraft:wheat":210,"minecraft:raw_copper":60,"minecraft:smooth_stone":99,"farmersdelight:cabbage":10,"minecraft:calcite":10,"alexsmobs:raccoon_tail":2,"minecraft:iron_pickaxe":6,"immersive_melodies:triangle":1,"farmersdelight:cabbage_seeds":18,"minecraft:furnace":7,"minecraft:tipped_arrow":60,"minecraft:stick":435,"minecraft:torch":234,"minecraft:porkchop":1,"minecraft:pointed_dripstone":2,"minecraft:diorite":51,"minecraft:rotten_flesh":109,"artifacts:panic_necklace":1,"minecraft:cod":5,"minecraft:obsidian":19,"minecraft:cobblestone":2006,"minecraft:enchanting_table":9,"minecraft:pink_petals":132,"minecraft:cherry_planks":93,"minecraft:andesite":274,"minecraft:golden_leggings":2,"alexsmobs:bear_fur":2,"minecraft:tuff":48,"minecraft:dirt":6435,"minecraft:lapis_lazuli":172,"alexsmobs:rocky_shell":1,"minecraft:bone":46,"minecraft:bow":3,"minecraft:wheat_seeds":1063,"minecraft:raw_gold":89,"minecraft:bell":12,"minecraft:grindstone":1,"minecraft:bamboo":27,"minecraft:fletching_table":8,"minecraft:oak_planks":29,"artifacts:rooted_boots":1,"minecraft:jungle_planks":4,"minecraft:sand":101,"minecraft:grass_block":5,"minecraft:cyan_bed":1,"minecraft:mossy_cobblestone":8,"minecraft:sugar":1,"minecraft:diamond":112,"minecraft:spruce_boat":4,"waystones:waystone":23,"minecraft:crossbow":9,"minecraft:bone_meal":10,"minecraft:emerald":13,"alexsmobs:banana_slug_slime":3,"minecraft:oak_sapling":4,"minecraft:charcoal":21,"minecraft:allium":23,"minecraft:azure_bluet":1,"minecraft:chicken":1,"minecraft:chest_minecart":4,"minecraft:shield":25,"minecraft:iron_axe":10,"immersive_melodies:lute":1,"minecraft:cyan_carpet":9,"takesapillage:ravager_horn":2,"minecraft:blackstone":84,"minecraft:candle":8,"minecraft:oak_boat":3,"minecraft:lectern":30,"minecraft:sugar_cane":202,"minecraft:cherry_trapdoor":18,"minecraft:raw_iron":288,"minecraft:bowl":2,"minecraft:cookie":108,"artifacts:snorkel":1,"minecraft:arrow":234,"minecraft:skeleton_skull":6,"minecraft:jungle_boat":14,"minecraft:golden_carrot":2,"minecraft:glow_ink_sac":6,"minecraft:leather":12,"minecraft:gunpowder":26,"minecraft:yellow_bed":15,"minecraft:cobblestone_wall":3,"minecraft:cobblestone_stairs":14,"minecraft:iron_ingot":15,"artifacts:kitty_slippers":2,"sophisticatedbackpacks:diamond_backpack":1,"minecraft:book":33,"minecraft:black_candle":7,"minecraft:dandelion":18,"mowziesmobs:wrought_helmet":1,"minecraft:blast_furnace":2,"minecraft:white_bed":13,"minecraft:mossy_stone_brick_slab":1,"minecraft:spider_eye":26,"minecraft:chainmail_leggings":16,"minecraft:iron_helmet":4,"minecraft:cherry_sapling":88,"minecraft:damaged_anvil":5,"minecraft:coal":172},"minecraft:killed_by":{"minecraft:vindicator":1,"minecraft:vex":5},"minecraft:broken":{"minecraft:iron_boots":3,"minecraft:iron_chestplate":2,"minecraft:iron_leggings":4,"takesapillage:ravager_horn":2,"minecraft:diamond_shovel":2,"minecraft:diamond_pickaxe":1,"minecraft:shield":1,"minecraft:iron_axe":1,"minecraft:iron_pickaxe":3,"minecraft:iron_helmet":2,"minecraft:iron_shovel":2,"minecraft:stone_pickaxe":1,"minecraft:stone_shovel":10,"minecraft:golden_axe":2,"minecraft:golden_pickaxe":1},"minecraft:killed":{"alexsmobs:murmur":1,"minecraft:skeleton":41,"minecraft:chicken":3,"minecraft:cat":1,"alexsmobs:seal":5,"minecraft:iron_golem":2,"minecraft:pillager":35,"minecraft:zombie":102,"takesapillage:archer":6,"minecraft:cow":4,"alexsmobs:raccoon":6,"minecraft:vindicator":11,"alexsmobs:seagull":3,"mowziesmobs:ferrous_wroughtnaut":1,"alexsmobs:rocky_roller":1,"minecraft:wandering_trader":1,"minecraft:enderman":9,"alexsmobs:hummingbird":1,"minecraft:witch":2,"minecraft:spider":31,"alexsmobs:banana_slug":3,"minecraft:silverfish":12,"artifacts:mimic":5,"minecraft:pig":2,"alexsmobs:grizzly_bear":1,"minecraft:zombie_villager":3,"minecraft:creeper":16,"minecraft:sheep":1,"minecraft:trader_llama":2,"alexsmobs:fly":3,"minecraft:vex":19,"takesapillage:legioner":2,"alexsmobs:tasmanian_devil":1,"alexsmobs:sugar_glider":2,"alexsmobs:blue_jay":1,"minecraft:panda":1,"takesapillage:clay_golem":2,"minecraft:drowned":2,"takesapillage:skirmisher":4,"minecraft:bat":2,"alexsmobs:cockroach":1},"minecraft:used":{"minecraft:spruce_slab":172,"minecraft:chest":6,"minecraft:rotten_flesh":51,"securitycraft:keypad_item":2,"minecraft:spruce_boat":8,"minecraft:lava_bucket":74,"minecraft:cherry_button":3,"mowziesmobs:spear":25,"minecraft:bow":28,"minecraft:furnace":9,"minecraft:oak_sapling":2,"minecraft:cooked_cod":19,"minecraft:egg":1,"minecraft:damaged_anvil":4,"minecraft:blackstone":46,"minecraft:wooden_pickaxe":63,"minecraft:composter":7,"minecraft:jungle_boat":15,"minecraft:cookie":3,"minecraft:golden_apple":1,"minecraft:glow_berries":31,"minecraft:blast_furnace":1,"minecraft:cyan_carpet":9,"minecraft:lectern":32,"minecraft:diamond_sword":1033,"minecraft:smithing_table":4,"minecraft:oak_boat":5,"minecraft:enchanting_table":10,"minecraft:stone_sword":88,"minecraft:cooked_salmon":20,"minecraft:torch":531,"minecraft:brewing_stand":13,"minecraft:wheat":6,"minecraft:golden_shovel":158,"minecraft:chipped_anvil":5,"minecraft:iron_axe":540,"minecraft:cherry_slab":282,"minecraft:rooted_dirt":1,"minecraft:barrel":16,"minecraft:smooth_basalt":6,"minecraft:bamboo":27,"minecraft:diamond_chestplate":1,"minecraft:raw_copper_block":1,"minecraft:cobbled_deepslate":334,"minecraft:cherry_log":56,"minecraft:golden_axe":64,"minecraft:wheat_seeds":429,"minecraft:water_bucket":204,"minecraft:cherry_planks":342,"minecraft:fletching_table":9,"minecraft:mossy_cobblestone":2,"minecraft:crafting_table":40,"minecraft:white_bed":16,"minecraft:cake":1,"minecraft:spruce_log":24,"mowziesmobs:wrought_axe":1036,"minecraft:diamond_pickaxe":3142,"minecraft:diamond_shovel":6409,"minecraft:suspicious_stew":9,"minecraft:iron_pickaxe":1070,"minecraft:spruce_sapling":210,"minecraft:cobblestone":743,"minecraft:potion":1,"minecraft:purple_bed":5,"minecraft:candle":1,"minecraft:diamond_leggings":1,"minecraft:cherry_sapling":34,"minecraft:iron_shovel":525,"minecraft:decorated_pot":2,"minecraft:shield":133,"minecraft:iron_sword":58,"minecraft:bell":12,"minecraft:mossy_stone_brick_slab":1,"minecraft:iron_chestplate":4,"minecraft:jungle_planks":1,"minecraft:carrot":259,"minecraft:tuff":1,"minecraft:axolotl_bucket":6,"minecraft:honey_bottle":2,"sophisticatedbackpacks:diamond_backpack":1,"minecraft:lantern":2,"minecraft:iron_helmet":2,"minecraft:magma_block":2,"minecraft:gray_bed":2,"minecraft:skeleton_skull":3,"minecraft:oak_chest_boat":5,"minecraft:diamond_boots":1,"minecraft:stone_pickaxe":146,"minecraft:oak_planks":4,"minecraft:blue_bed":8,"minecraft:diamond_axe":3039,"minecraft:sugar_cane":94,"minecraft:white_wool":1,"minecraft:crossbow":2,"minecraft:shears":34,"waystones:waystone":23,"minecraft:bread":226,"minecraft:melon_slice":103,"minecraft:cyan_bed":1,"minecraft:gravel":744,"minecraft:golden_helmet":1,"minecraft:grindstone":2,"minecraft:andesite":2,"minecraft:stripped_cherry_log":14,"minecraft:coarse_dirt":121,"minecraft:bone_meal":210,"minecraft:golden_pickaxe":10,"minecraft:cherry_boat":8,"sophisticatedbackpacks:iron_backpack":2,"minecraft:stone_shovel":1457,"minecraft:spruce_planks":2,"minecraft:dirt":4027,"minecraft:spyglass":88,"mowziesmobs:wrought_helmet":2,"minecraft:bookshelf":29,"minecraft:cherry_trapdoor":30,"minecraft:iron_boots":2,"minecraft:golden_carrot":46,"minecraft:soul_soil":1,"alexsmobs:lobster_bucket":2,"minecraft:cooked_beef":8,"minecraft:iron_leggings":4,"minecraft:amethyst_block":4,"minecraft:cobblestone_stairs":5,"minecraft:snow_block":6,"minecraft:green_bed":1,"farmersdelight:onion":5,"minecraft:smoker":2,"minecraft:wooden_hoe":41,"minecraft:apple":8,"minecraft:stone_axe":67,"minecraft:pink_petals":129,"minecraft:white_banner":1,"minecraft:bucket":288,"minecraft:yellow_bed":14,"minecraft:pumpkin_pie":1,"takesapillage:ravager_horn":2,"minecraft:smooth_stone":18,"minecraft:chainmail_leggings":1},"minecraft:custom":{"minecraft:interact_with_crafting_table":183,"minecraft:open_barrel":233,"minecraft:bell_ring":119,"minecraft:eat_cake_slice":8,"minecraft:leave_game":10,"minecraft:time_since_death":191178,"minecraft:damage_blocked_by_shield":7655,"minecraft:play_time":1428651,"minecraft:deaths":64,"minecraft:jump":25565,"minecraft:enchant_item":7,"minecraft:interact_with_furnace":105,"minecraft:traded_with_villager":1114,"minecraft:interact_with_cartography_table":1,"minecraft:sleep_in_bed":48,"minecraft:waystone_activated":24,"minecraft:damage_dealt":80547,"minecraft:interact_with_smoker":14,"minecraft:interact_with_smithing_table":6,"minecraft:interact_with_anvil":9,"minecraft:damage_dealt_absorbed":287,"minecraft:sneak_time":68533,"minecraft:interact_with_blast_furnace":4,"minecraft:total_world_time":1428651,"minecraft:time_since_rest":11638,"minecraft:swim_one_cm":219699,"minecraft:fly_one_cm":4923045,"minecraft:open_chest":338,"minecraft:fall_one_cm":512202,"minecraft:sprint_one_cm":3492022,"minecraft:drop":1010,"minecraft:talked_to_villager":641,"minecraft:interact_with_brewingstand":1,"minecraft:walk_on_water_one_cm":212424,"minecraft:player_kills":4,"minecraft:crouch_one_cm":179993,"minecraft:mob_kills":365,"minecraft:damage_dealt_resisted":356,"minecraft:climb_one_cm":4667,"minecraft:walk_one_cm":3347485,"minecraft:walk_under_water_one_cm":150476,"minecraft:boat_one_cm":1731514,"minecraft:raid_trigger":2,"minecraft:interact_with_grindstone":11,"minecraft:damage_taken":36191,"minecraft:trigger_trapped_chest":4},"minecraft:dropped":{"minecraft:clay":1,"minecraft:iron_sword":2,"minecraft:porkchop":1,"minecraft:glass_bottle":1,"minecraft:diamond":1,"minecraft:crafting_table":2,"minecraft:crossbow":9,"minecraft:cookie":252,"minecraft:glow_berries":1,"minecraft:rooted_dirt":27,"minecraft:rail":9,"minecraft:dirt":2295,"minecraft:jungle_sapling":2,"minecraft:wooden_sword":1,"minecraft:gold_nugget":10,"minecraft:sand":71,"minecraft:sugar":1,"minecraft:iron_pickaxe":7,"minecraft:birch_stairs":1,"minecraft:bone":1,"minecraft:stone_axe":1,"minecraft:cobbled_deepslate":459,"alexsmobs:animal_dictionary":2,"minecraft:wheat":4,"farmersdelight:cabbage":2,"minecraft:rotten_flesh":67,"minecraft:oak_planks":4,"minecraft:azure_bluet":1,"minecraft:tipped_arrow":60,"minecraft:spruce_slab":5,"minecraft:glass":6,"minecraft:egg":1,"minecraft:iron_ingot":1,"minecraft:wheat_seeds":682,"minecraft:iron_helmet":12,"minecraft:cobblestone":1046,"minecraft:chainmail_helmet":31,"minecraft:coal":11,"minecraft:ink_sac":1,"minecraft:golden_carrot":2,"minecraft:wooden_hoe":1,"minecraft:cherry_planks":1,"minecraft:diamond_helmet":1,"minecraft:white_banner":1,"minecraft:jungle_boat":1,"minecraft:mud":1,"minecraft:chainmail_leggings":31,"minecraft:paper":13,"minecraft:string":10,"minecraft:lily_pad":6,"minecraft:spruce_sapling":6,"minecraft:stone_sword":1,"minecraft:cobblestone_wall":3,"minecraft:bowl":11,"minecraft:stone_shovel":1,"minecraft:chicken":1,"minecraft:clay_ball":24,"minecraft:cherry_slab":12,"minecraft:spruce_fence":1,"minecraft:pumpkin_seeds":3,"minecraft:suspicious_stew":30,"minecraft:diamond_sword":3,"minecraft:stone":1,"minecraft:flower_pot":1,"minecraft:allium":23,"minecraft:peony":3,"minecraft:spruce_planks":1,"minecraft:diamond_pickaxe":1,"minecraft:spider_eye":33,"minecraft:stone_bricks":2,"minecraft:barrel":1,"minecraft:bow":4,"minecraft:red_tulip":1,"minecraft:magma_block":5,"minecraft:moss_block":11,"minecraft:chest_minecart":2,"minecraft:jungle_planks":6,"minecraft:flint":4,"minecraft:cobblestone_stairs":9,"minecraft:jungle_button":3,"minecraft:cornflower":2,"minecraft:snowball":23,"minecraft:furnace_minecart":1,"immersive_melodies:triangle":1,"minecraft:gravel":798,"minecraft:blackstone":38,"minecraft:spyglass":1,"minecraft:pointed_dripstone":2,"minecraft:cherry_sapling":2,"minecraft:diamond_shovel":4,"minecraft:carrot":87,"minecraft:poppy":2,"minecraft:oak_chest_boat":1,"minecraft:gunpowder":2,"minecraft:beetroot_seeds":1,"minecraft:melon_seeds":2,"minecraft:iron_bars":1,"minecraft:arrow":199,"minecraft:bread":68,"minecraft:golden_helmet":2,"minecraft:mossy_cobblestone":6,"minecraft:minecart":3,"minecraft:amethyst_block":1,"minecraft:hopper_minecart":3,"minecraft:grass_block":3,"minecraft:stick":256,"minecraft:diorite":51,"minecraft:torch":89,"minecraft:iron_leggings":1,"minecraft:iron_axe":20,"minecraft:pink_petals":3,"minecraft:smooth_basalt":5,"minecraft:dandelion":18,"minecraft:redstone":4,"minecraft:kelp":3,"alexsmobs:maggot":3,"minecraft:coarse_dirt":526,"minecraft:raw_copper":23,"minecraft:tuff":47,"minecraft:glass_pane":24,"minecraft:shield":48,"minecraft:iron_chestplate":3,"minecraft:andesite":269,"minecraft:golden_leggings":3,"minecraft:oak_sapling":2,"minecraft:diamond_boots":1,"minecraft:spruce_log":1,"minecraft:stone_pickaxe":14,"minecraft:wooden_pickaxe":2,"minecraft:calcite":10},"minecraft:crafted":{"minecraft:jungle_button":1,"minecraft:chainmail_helmet":20,"waystones:waystone":1,"sophisticatedbackpacks:anvil_upgrade":1,"securitycraft:keypad_item":2,"minecraft:diamond_shovel":6,"sophisticatedbackpacks:crafting_upgrade":1,"minecraft:bookshelf":29,"sophisticatedbackpacks:smelting_upgrade":1,"minecraft:diamond_helmet":1,"minecraft:diamond_leggings":1,"minecraft:tipped_arrow":12,"minecraft:emerald":859,"minecraft:diamond_axe":3,"minecraft:jungle_boat":3,"minecraft:fletching_table":1,"waystones:warp_stone":1,"minecraft:lectern":2,"minecraft:wooden_hoe":1,"minecraft:stone_slab":6,"sophisticatedbackpacks:auto_smelting_upgrade":1,"minecraft:iron_pickaxe":9,"minecraft:gold_ingot":14,"minecraft:golden_carrot":82,"minecraft:stone_shovel":10,"minecraft:spyglass":1,"minecraft:bone_meal":216,"minecraft:cherry_trapdoor":8,"minecraft:spruce_slab":120,"minecraft:stone_pickaxe":12,"minecraft:diamond_boots":1,"minecraft:spruce_boat":4,"minecraft:redstone_block":1,"mowziesmobs:spear":1,"minecraft:chainmail_leggings":14,"minecraft:crossbow":4,"minecraft:enchanting_table":1,"sophisticatedbackpacks:gold_backpack":1,"securitycraft:taser":2,"minecraft:enchanted_book":1,"minecraft:oak_chest_boat":1,"minecraft:iron_leggings":3,"minecraft:white_bed":2,"minecraft:oak_planks":32,"minecraft:cherry_slab":192,"minecraft:cherry_boat":2,"minecraft:stone":27,"minecraft:heavy_weighted_pressure_plate":2,"minecraft:suspicious_stew":18,"securitycraft:laser_block":1,"minecraft:hopper":3,"minecraft:bow":4,"minecraft:iron_boots":2,"minecraft:raw_copper":36,"minecraft:chest":7,"minecraft:stone_bricks":8,"minecraft:arrow":12,"sophisticatedbackpacks:backpack":1,"minecraft:crafting_table":16,"minecraft:spruce_planks":11796,"minecraft:wooden_pickaxe":3,"minecraft:iron_helmet":12,"minecraft:cherry_button":1,"minecraft:birch_planks":4,"sophisticatedbackpacks:upgrade_base":3,"minecraft:apple":40,"minecraft:book":1,"minecraft:iron_chestplate":2,"minecraft:diamond_pickaxe":1,"minecraft:shield":39,"sophisticatedbackpacks:diamond_backpack":2,"minecraft:stick":23361,"minecraft:iron_ingot":55,"minecraft:stone_sword":1,"minecraft:snow_block":6,"minecraft:shears":1,"securitycraft:universal_block_reinforcer_lvl1":1,"minecraft:cherry_planks":524,"minecraft:wooden_sword":1,"minecraft:cookie":8,"minecraft:stone_button":16,"minecraft:furnace":3,"minecraft:glass_pane":16,"minecraft:iron_axe":16,"sophisticatedbackpacks:iron_backpack":1,"minecraft:cooked_beef":8,"minecraft:red_dye":1,"minecraft:cooked_cod":6,"minecraft:diamond_sword":1,"minecraft:cooked_salmon":2,"minecraft:bucket":2,"minecraft:stone_axe":1,"minecraft:bread":243,"minecraft:air":0,"minecraft:jungle_planks":84,"minecraft:oak_boat":3,"minecraft:white_wool":6,"minecraft:gold_nugget":459,"minecraft:torch":424,"minecraft:diamond_chestplate":2},"minecraft:mined":{"minecraft:white_bed":13,"minecraft:cherry_log":175,"minecraft:jungle_leaves":13,"minecraft:obsidian":19,"minecraft:potted_dead_bush":1,"minecraft:stone_brick_wall":1,"minecraft:jungle_log":20,"minecraft:magma_block":2,"minecraft:cobbled_deepslate":34,"minecraft:fire":56,"minecraft:barrel":30,"minecraft:fletching_table":8,"minecraft:deepslate_lapis_ore":13,"minecraft:enchanting_table":9,"minecraft:cave_vines":46,"minecraft:water_cauldron":1,"minecraft:dirt_path":4,"minecraft:blue_orchid":1,"minecraft:deepslate_brick_wall":1,"minecraft:smoker":8,"minecraft:powder_snow":39,"minecraft:torch":75,"minecraft:blast_furnace":2,"minecraft:melon":19,"minecraft:white_candle":1,"minecraft:cyan_bed":1,"minecraft:sugar_cane":82,"minecraft:damaged_anvil":5,"minecraft:amethyst_block":16,"minecraft:cherry_slab":78,"minecraft:skeleton_skull":3,"minecraft:mud":1,"sophisticatedbackpacks:diamond_backpack":1,"minecraft:wheat":205,"minecraft:lilac":1,"minecraft:grass":554,"minecraft:cherry_button":2,"minecraft:smooth_basalt":11,"minecraft:deepslate":848,"minecraft:mossy_cobblestone":4,"farmersdelight:wild_carrots":5,"minecraft:cherry_sapling":24,"farmersdelight:wild_cabbages":18,"minecraft:potted_bamboo":1,"minecraft:moss_block":1,"minecraft:kelp":3,"farmersdelight:wild_onions":6,"minecraft:redstone_ore":3,"minecraft:snow":2,"minecraft:andesite":280,"minecraft:vine":2,"minecraft:white_wool":22,"minecraft:smithing_table":5,"minecraft:glass_pane":2,"minecraft:cherry_planks":95,"minecraft:dandelion":8,"minecraft:cornflower":2,"minecraft:emerald_ore":2,"minecraft:campfire":9,"minecraft:tall_grass":180,"minecraft:copper_ore":15,"minecraft:deepslate_gold_ore":69,"minecraft:diorite":52,"minecraft:purple_bed":5,"minecraft:coarse_dirt":858,"minecraft:trapped_chest":1,"minecraft:cobblestone_wall":3,"minecraft:spruce_log":3792,"minecraft:birch_leaves":5,"minecraft:gravel":1454,"minecraft:cobweb":35,"minecraft:chipped_anvil":7,"minecraft:gold_ore":20,"minecraft:fern":16,"minecraft:infested_stone":5,"minecraft:spruce_planks":65,"minecraft:mossy_stone_brick_slab":1,"minecraft:cobblestone_stairs":15,"minecraft:brewing_stand":17,"minecraft:cherry_trapdoor":18,"minecraft:cave_vines_plant":20,"minecraft:budding_amethyst":1,"minecraft:grass_block":3644,"minecraft:composter":5,"minecraft:smooth_stone":99,"minecraft:glowstone":1,"minecraft:iron_ore":137,"minecraft:anvil":1,"minecraft:azure_bluet":1,"minecraft:skeleton_wall_skull":3,"minecraft:iron_bars":1,"minecraft:black_candle":3,"minecraft:spruce_slab":40,"minecraft:green_bed":2,"minecraft:deepslate_redstone_ore":20,"minecraft:blackstone":82,"minecraft:clay":2,"minecraft:calcite":11,"minecraft:poppy":1,"minecraft:chest":2,"minecraft:cobblestone":357,"minecraft:grindstone":1,"minecraft:oak_planks":29,"minecraft:wall_torch":22,"minecraft:pink_petals":51,"minecraft:seagrass":1,"farmersdelight:sandy_shrub":6,"minecraft:birch_log":1,"minecraft:tnt":2,"minecraft:oak_log":8,"minecraft:sand":64,"minecraft:dirt":2355,"minecraft:raw_copper_block":1,"minecraft:oak_leaves":8,"minecraft:diamond_ore":1,"minecraft:tuff":45,"farmersdelight:onions":2,"minecraft:deepslate_diamond_ore":105,"minecraft:candle":3,"minecraft:stripped_cherry_log":28,"minecraft:glow_lichen":1,"minecraft:decorated_pot":2,"minecraft:soul_campfire":1,"minecraft:spruce_leaves":62,"minecraft:rooted_dirt":12,"minecraft:large_fern":18,"minecraft:spruce_sapling":11,"minecraft:furnace":9,"minecraft:carrots":160,"minecraft:stripped_spruce_log":4,"minecraft:peony":3,"minecraft:bell":11,"minecraft:bookshelf":11,"minecraft:deepslate_iron_ore":114,"minecraft:lantern":3,"minecraft:stone":1729,"minecraft:podzol":22,"minecraft:snow_block":22,"minecraft:crafting_table":27,"minecraft:lectern":30,"minecraft:deepslate_coal_ore":4,"minecraft:lapis_ore":12,"minecraft:blue_bed":8,"farmersdelight:wild_beetroots":1,"minecraft:gray_bed":2,"minecraft:white_wall_banner":1,"minecraft:yellow_bed":15,"minecraft:coal_ore":120,"minecraft:cherry_leaves":67,"minecraft:cyan_carpet":9,"minecraft:flower_pot":1,"minecraft:small_dripleaf":1}},"DataVersion":3465}