{"stats":{"minecraft:picked_up":{"minecraft:iron_chestplate":1,"minecraft:charcoal":13,"minecraft:coarse_dirt":2,"minecraft:crafting_table":18,"minecraft:wheat":5,"minecraft:clay_ball":16,"minecraft:chest_minecart":1,"minecraft:chicken":1,"minecraft:flower_pot":1,"minecraft:smithing_table":1,"minecraft:diamond_sword":1,"minecraft:brewing_stand":1,"minecraft:raw_copper":7,"minecraft:soul_soil":1,"minecraft:string":37,"minecraft:iron_axe":1,"minecraft:blackstone":84,"minecraft:candle":1,"minecraft:cobbled_deepslate":124,"minecraft:beef":8,"minecraft:oak_boat":3,"minecraft:jungle_sapling":2,"minecraft:hopper_minecart":2,"minecraft:iron_pickaxe":3,"minecraft:minecart":6,"minecraft:melon_slice":95,"minecraft:sugar_cane":1,"minecraft:chest":1,"minecraft:furnace":7,"minecraft:raw_iron":123,"minecraft:torch":27,"minecraft:bowl":1,"minecraft:spruce_fence":2,"minecraft:golden_axe":1,"minecraft:redstone":21,"minecraft:tnt":1,"minecraft:cooked_cod":2,"minecraft:arrow":12,"minecraft:rotten_flesh":42,"minecraft:decorated_pot":2,"minecraft:gold_ingot":1,"minecraft:oak_chest_boat":5,"artifacts:panic_necklace":1,"minecraft:rail":18,"minecraft:cod":5,"minecraft:glow_berries":19,"minecraft:birch_log":1,"minecraft:skeleton_skull":3,"minecraft:cobblestone":413,"minecraft:magma_block":7,"minecraft:feather":2,"minecraft:jungle_log":19,"minecraft:leather":10,"minecraft:smoker":6,"minecraft:flint":9,"minecraft:oak_log":4,"minecraft:gunpowder":6,"minecraft:lapis_lazuli":96,"minecraft:dirt":10,"minecraft:bone":14,"minecraft:chipped_anvil":2,"minecraft:bow":1,"minecraft:wheat_seeds":6,"minecraft:raw_gold":38,"minecraft:iron_ingot":1,"artifacts:kitty_slippers":1,"minecraft:bamboo":27,"minecraft:moss_block":11,"minecraft:iron_sword":1,"minecraft:oak_planks":20,"minecraft:smooth_basalt":4,"artifacts:rooted_boots":1,"minecraft:birch_stairs":1,"minecraft:gravel":1,"minecraft:jungle_planks":4,"minecraft:sand":43,"minecraft:stripped_spruce_log":3,"minecraft:ink_sac":1,"minecraft:white_bed":4,"alexsmobs:animal_dictionary":1,"minecraft:mossy_stone_brick_slab":1,"minecraft:spider_eye":13,"minecraft:barrel":21,"minecraft:mossy_cobblestone":2,"minecraft:diamond":92,"minecraft:chainmail_leggings":2,"minecraft:iron_helmet":2,"minecraft:oak_sapling":4,"minecraft:coal":68},"minecraft:broken":{"minecraft:iron_boots":1,"minecraft:iron_leggings":1,"minecraft:stone_pickaxe":1,"minecraft:iron_pickaxe":2},"minecraft:killed":{"minecraft:spider":5,"alexsmobs:murmur":1,"minecraft:skeleton":12,"minecraft:panda":1,"minecraft:chicken":1,"artifacts:mimic":2,"minecraft:creeper":2,"minecraft:zombie":29,"alexsmobs:cockroach":1,"minecraft:cow":4},"minecraft:used":{"minecraft:stone_sword":86,"minecraft:decorated_pot":2,"minecraft:shield":20,"minecraft:mossy_stone_brick_slab":1,"minecraft:rotten_flesh":35,"minecraft:iron_chestplate":2,"minecraft:torch":94,"minecraft:dirt":10,"minecraft:axolotl_bucket":1,"minecraft:chipped_anvil":1,"minecraft:iron_axe":49,"minecraft:iron_helmet":1,"minecraft:iron_boots":2,"minecraft:barrel":1,"minecraft:smooth_basalt":4,"minecraft:bamboo":27,"minecraft:magma_block":2,"minecraft:soul_soil":1,"minecraft:oak_sapling":2,"minecraft:furnace":7,"minecraft:cooked_cod":8,"minecraft:cooked_beef":8,"minecraft:cobbled_deepslate":78,"minecraft:oak_chest_boat":5,"minecraft:iron_leggings":2,"minecraft:water_bucket":74,"minecraft:oak_planks":4,"minecraft:stone_pickaxe":131,"minecraft:blackstone":46,"minecraft:wooden_pickaxe":63,"minecraft:diamond_axe":2,"minecraft:jungle_boat":2,"minecraft:glow_berries":24,"minecraft:crafting_table":20,"minecraft:white_bed":5,"minecraft:smoker":2,"minecraft:bread":7,"minecraft:melon_slice":103,"minecraft:suspicious_stew":4,"minecraft:iron_pickaxe":676,"minecraft:stone_axe":67,"minecraft:diamond_sword":174,"minecraft:cobblestone":182,"minecraft:bucket":76,"minecraft:oak_boat":4,"minecraft:candle":1,"minecraft:chainmail_leggings":1},"minecraft:custom":{"minecraft:interact_with_anvil":1,"minecraft:mob_kills":60,"minecraft:interact_with_crafting_table":87,"minecraft:open_barrel":64,"minecraft:eat_cake_slice":5,"minecraft:leave_game":1,"minecraft:time_since_death":74293,"minecraft:climb_one_cm":3770,"minecraft:sprint_one_cm":478638,"minecraft:walk_one_cm":335245,"minecraft:damage_blocked_by_shield":795,"minecraft:drop":118,"minecraft:damage_dealt_absorbed":10,"minecraft:play_time":196157,"minecraft:deaths":2,"minecraft:sneak_time":16820,"minecraft:walk_under_water_one_cm":26036,"minecraft:boat_one_cm":280626,"minecraft:jump":4195,"minecraft:interact_with_brewingstand":1,"minecraft:walk_on_water_one_cm":33199,"minecraft:total_world_time":196157,"minecraft:interact_with_furnace":75,"minecraft:interact_with_cartography_table":1,"minecraft:sleep_in_bed":1,"minecraft:time_since_rest":74335,"minecraft:damage_taken":4033,"minecraft:trigger_trapped_chest":1,"minecraft:damage_dealt":13748,"minecraft:fly_one_cm":715219,"minecraft:swim_one_cm":49061,"minecraft:open_chest":8,"minecraft:crouch_one_cm":36015,"minecraft:interact_with_smoker":14,"minecraft:fall_one_cm":95820},"minecraft:crafted":{"minecraft:wooden_sword":1,"minecraft:oak_planks":16,"minecraft:furnace":3,"sophisticatedbackpacks:smelting_upgrade":1,"minecraft:hopper":3,"minecraft:iron_boots":2,"minecraft:iron_axe":1,"minecraft:stone_pickaxe":1,"minecraft:chest":4,"minecraft:spruce_boat":1,"sophisticatedbackpacks:iron_backpack":1,"minecraft:cooked_beef":8,"minecraft:cooked_cod":6,"minecraft:diamond_sword":1,"sophisticatedbackpacks:backpack":1,"minecraft:diamond_axe":1,"minecraft:crafting_table":4,"minecraft:spruce_planks":56,"minecraft:jungle_boat":2,"minecraft:wooden_pickaxe":2,"minecraft:iron_helmet":2,"sophisticatedbackpacks:gold_backpack":1,"minecraft:bucket":1,"minecraft:birch_planks":4,"minecraft:stone_axe":1,"sophisticatedbackpacks:upgrade_base":1,"minecraft:air":0,"minecraft:jungle_planks":76,"minecraft:oak_boat":2,"minecraft:oak_chest_boat":1,"minecraft:white_wool":3,"minecraft:iron_chestplate":1,"minecraft:shield":1,"sophisticatedbackpacks:diamond_backpack":1,"minecraft:stick":48,"sophisticatedbackpacks:auto_smelting_upgrade":1,"minecraft:iron_ingot":55,"minecraft:iron_pickaxe":3,"minecraft:stone_sword":1,"minecraft:gold_ingot":14,"minecraft:iron_leggings":2,"minecraft:white_bed":1,"minecraft:torch":80},"minecraft:dropped":{"minecraft:iron_ingot":1,"minecraft:iron_sword":1,"minecraft:moss_block":11,"minecraft:wheat_seeds":6,"minecraft:mossy_cobblestone":2,"minecraft:diamond":1,"minecraft:minecart":3,"minecraft:iron_helmet":1,"minecraft:cobblestone":199,"minecraft:glow_berries":1,"minecraft:hopper_minecart":1,"minecraft:jungle_planks":4,"minecraft:rail":9,"minecraft:coal":11,"minecraft:flint":1,"minecraft:torch":13,"minecraft:ink_sac":1,"minecraft:jungle_sapling":2,"minecraft:wooden_sword":1,"minecraft:iron_axe":1,"minecraft:sand":71,"minecraft:iron_pickaxe":3,"minecraft:chainmail_leggings":3,"minecraft:string":5,"minecraft:birch_stairs":1,"minecraft:gravel":1,"minecraft:stone_axe":1,"minecraft:blackstone":37,"minecraft:cobbled_deepslate":46,"minecraft:stone_sword":1,"alexsmobs:animal_dictionary":2,"minecraft:bowl":5,"minecraft:chicken":1,"minecraft:rotten_flesh":23,"minecraft:oak_planks":1,"minecraft:spruce_fence":1,"minecraft:suspicious_stew":1,"minecraft:diamond_sword":1,"minecraft:oak_chest_boat":1,"minecraft:flower_pot":1,"minecraft:gunpowder":1,"minecraft:iron_chestplate":1,"minecraft:oak_sapling":2,"minecraft:spider_eye":13,"minecraft:barrel":1,"minecraft:arrow":1,"minecraft:bow":1,"minecraft:wooden_pickaxe":2,"minecraft:red_tulip":1,"minecraft:magma_block":5},"minecraft:mined":{"minecraft:white_bed":4,"minecraft:deepslate_diamond_ore":85,"minecraft:mossy_stone_brick_slab":1,"minecraft:jungle_leaves":13,"minecraft:brewing_stand":1,"minecraft:cave_vines_plant":20,"minecraft:grass_block":1,"minecraft:decorated_pot":2,"minecraft:jungle_log":18,"minecraft:soul_campfire":1,"minecraft:spruce_leaves":1,"minecraft:moss_block":1,"minecraft:magma_block":2,"minecraft:furnace":8,"minecraft:fire":41,"minecraft:iron_ore":39,"minecraft:barrel":14,"minecraft:cobbled_deepslate":12,"minecraft:stripped_spruce_log":3,"minecraft:deepslate_lapis_ore":3,"minecraft:vine":1,"minecraft:cave_vines":46,"minecraft:deepslate_iron_ore":45,"minecraft:stone":368,"minecraft:smithing_table":1,"minecraft:podzol":1,"minecraft:deepslate_redstone_ore":7,"minecraft:blackstone":82,"minecraft:smoker":7,"minecraft:crafting_table":16,"minecraft:torch":4,"minecraft:melon":19,"minecraft:chest":1,"minecraft:campfire":5,"minecraft:tall_grass":6,"minecraft:cobblestone":32,"minecraft:deepslate_gold_ore":24,"minecraft:lapis_ore":10,"minecraft:sugar_cane":1,"minecraft:oak_planks":18,"minecraft:wall_torch":6,"minecraft:skeleton_skull":3,"minecraft:coarse_dirt":2,"minecraft:birch_log":1,"minecraft:lilac":1,"minecraft:grass":21,"minecraft:coal_ore":20,"minecraft:oak_log":4,"minecraft:flower_pot":1,"minecraft:gravel":2,"minecraft:dirt":8,"minecraft:cobweb":14,"minecraft:smooth_basalt":4,"minecraft:small_dripleaf":1,"minecraft:chipped_anvil":2,"minecraft:gold_ore":14,"minecraft:oak_leaves":8,"minecraft:deepslate":75}},"DataVersion":3465}