{"stats":{"minecraft:custom":{"minecraft:interact_with_furnace":7,"minecraft:mob_kills":14,"minecraft:interact_with_crafting_table":7,"minecraft:leave_game":4,"minecraft:time_since_death":3980,"minecraft:sleep_in_bed":2,"minecraft:time_since_rest":4049,"minecraft:sprint_one_cm":142570,"minecraft:damage_taken":380,"minecraft:walk_one_cm":82028,"minecraft:drop":7,"minecraft:damage_dealt":1240,"minecraft:swim_one_cm":20441,"minecraft:fly_one_cm":324263,"minecraft:crouch_one_cm":6686,"minecraft:play_time":53143,"minecraft:deaths":1,"minecraft:sneak_time":3947,"minecraft:walk_under_water_one_cm":2692,"minecraft:jump":728,"minecraft:walk_on_water_one_cm":6775,"minecraft:total_world_time":53143,"minecraft:fall_one_cm":11977},"minecraft:dropped":{"minecraft:oak_log":1,"minecraft:white_carpet":9,"minecraft:light_gray_carpet":3,"minecraft:dirt":15,"minecraft:oak_sapling":2,"minecraft:redstone_torch":1,"minecraft:wooden_pickaxe":1},"minecraft:used":{"minecraft:cooked_mutton":2,"minecraft:stone_sword":30,"minecraft:stone_pickaxe":72,"minecraft:wooden_pickaxe":18,"minecraft:white_wool":2,"minecraft:dirt":10,"minecraft:crafting_table":4,"minecraft:red_bed":2,"minecraft:spruce_log":1,"minecraft:stone_axe":153,"minecraft:cobblestone":6,"minecraft:furnace":2,"minecraft:cooked_porkchop":2,"alexsmobs:animal_dictionary":5},"minecraft:broken":{"minecraft:stone_axe":1},"minecraft:crafted":{"minecraft:cooked_porkchop":9,"minecraft:crafting_table":1,"minecraft:spruce_planks":52,"minecraft:wooden_pickaxe":1,"minecraft:furnace":1,"minecraft:stone_axe":2,"minecraft:cooked_mutton":2,"minecraft:air":0,"biomesoplenty:fir_planks":76,"minecraft:shield":1,"minecraft:stick":8,"minecraft:iron_ingot":1,"minecraft:stone_pickaxe":1,"minecraft:stone_sword":1},"minecraft:mined":{"minecraft:light_gray_carpet":3,"minecraft:red_bed":3,"biomesoplenty:desert_grass":1,"minecraft:powder_snow":7,"minecraft:crafting_table":5,"minecraft:grass_block":6,"minecraft:spruce_leaves":38,"biomesoplenty:sprout":5,"biomesoplenty:dead_grass":9,"minecraft:sugar_cane":3,"minecraft:large_fern":1,"minecraft:furnace":3,"minecraft:iron_ore":1,"minecraft:ice":1,"minecraft:white_carpet":9,"minecraft:spruce_log":23,"biomesoplenty:fir_log":100,"minecraft:grass":6,"minecraft:oak_log":1,"minecraft:coal_ore":28,"biomesoplenty:fir_leaves":32,"minecraft:dirt":21,"minecraft:packed_ice":5,"biomesoplenty:barley":4,"minecraft:stone":56,"minecraft:white_wool":2,"minecraft:oak_leaves":4,"minecraft:fern":2},"minecraft:killed":{"minecraft:pig":8,"minecraft:sheep":5,"alexsmobs:banana_slug":1},"minecraft:picked_up":{"minecraft:crafting_table":5,"biomesoplenty:fir_sapling":2,"biomesoplenty:fir_log":96,"minecraft:oak_log":1,"minecraft:dirt":25,"minecraft:red_bed":3,"minecraft:white_carpet":9,"minecraft:redstone_torch":1,"minecraft:sugar_cane":9,"minecraft:furnace":3,"minecraft:stick":8,"minecraft:raw_iron":1,"minecraft:porkchop":15,"minecraft:spruce_sapling":4,"minecraft:spruce_log":23,"minecraft:light_gray_carpet":3,"minecraft:oak_sapling":2,"minecraft:mutton":6,"minecraft:coal":28,"minecraft:white_wool":7,"minecraft:cobblestone":56}},"DataVersion":3465}