{"stats":{"minecraft:mined":{"minecraft:spruce_planks":3,"minecraft:mossy_cobblestone":4,"biomesoplenty:bush":1,"minecraft:grass_block":10,"minecraft:spruce_fence":8,"biomesoplenty:flowering_oak_leaves":1,"minecraft:light_gray_bed":6,"minecraft:redstone_wire":1,"farmersdelight:budding_tomatoes":4,"minecraft:furnace":3,"biomesoplenty:toadstool":17,"minecraft:iron_ore":4,"farmersdelight:rice":1,"minecraft:cobbled_deepslate":2,"minecraft:andesite":3,"bunker_down:steel_vent":1,"supplementaries:stick":2,"minecraft:deepslate_iron_ore":13,"minecraft:cobblestone_slab":17,"minecraft:dirt_path":18,"crittersandcompanions:silk_cocoon":1,"bunker_down:steel_block":5,"minecraft:stone":193,"minecraft:oak_fence":4,"minecraft:crafting_table":10,"minecraft:torch":15,"biomesoplenty:fir_planks":7,"minecraft:tall_grass":2,"minecraft:copper_ore":3,"minecraft:cobblestone":104,"biomesoplenty:sprout":3,"minecraft:lapis_ore":4,"minecraft:sugar_cane":5,"minecraft:oak_planks":12,"minecraft:diorite":5,"bunker_down:underroot":3,"minecraft:wall_torch":14,"supplementaries:urn":4,"minecraft:wheat":3,"minecraft:spruce_log":34,"biomesoplenty:fir_log":11,"minecraft:grass":40,"minecraft:oak_log":20,"biomesoplenty:fir_leaves":56,"minecraft:gravel":43,"minecraft:dirt":34,"minecraft:cobweb":4,"minecraft:spruce_fence_gate":1,"minecraft:piston":6,"minecraft:oak_leaves":7,"minecraft:deepslate":60,"minecraft:fern":3},"minecraft:killed_by":{"minecraft:iron_golem":1,"minecraft:drowned":1},"minecraft:dropped":{"minecraft:iron_ingot":2,"minecraft:iron_sword":1,"minecraft:wheat_seeds":14,"minecraft:mossy_cobblestone":4,"farmersdelight:cooked_bacon":17,"minecraft:feather":4,"minecraft:cobblestone":11,"minecraft:granite":2,"minecraft:copper_ingot":1,"biomesoplenty:fir_sapling":3,"minecraft:spruce_fence_gate":3,"minecraft:stick":2,"minecraft:dirt":28,"minecraft:diorite":139,"minecraft:torch":7,"minecraft:potion":2,"bunker_down:brittle_pickaxe":1,"marbledsarsenal:baseball_bat":1,"taccraft:flak_vest_helmet":1,"minecraft:stone_axe":2,"minecraft:iron_nugget":3,"minecraft:cobbled_deepslate":5,"minecraft:raw_copper":5,"minecraft:chicken":1,"minecraft:rotten_flesh":8,"minecraft:oak_planks":2,"cold_sweat:fur_cap":2,"minecraft:cobblestone_slab":4,"farmersdelight:fried_egg":2,"minecraft:spruce_planks":2,"minecraft:andesite":5,"minecraft:light_gray_bed":1,"bunker_down:steel_block":1,"minecraft:redstone_torch":5,"bunker_down:underroot_stage_1":6,"minecraft:stone_pickaxe":9,"farmersdelight:diamond_knife":1,"cold_sweat:fur_pants":2},"minecraft:broken":{"minecraft:stone_pickaxe":1,"minecraft:iron_pickaxe":1},"minecraft:killed":{"hordes:zombie_player":1,"rottencreatures:burned":1,"naturalist:robin":2,"naturalist:snail":1,"minecraft:skeleton":2,"minecraft:chicken":1,"minecraft:drowned":11,"rottencreatures:undead_miner":2,"minecraft:pig":7,"naturalist:bear":1,"minecraft:sheep":2,"minecraft:zombie":39,"minecraft:donkey":1},"minecraft:custom":{"minecraft:mob_kills":78,"minecraft:interact_with_crafting_table":46,"minecraft:interact_with_campfire":75,"minecraft:damage_dealt_resisted":600,"minecraft:leave_game":18,"minecraft:time_since_death":91584,"minecraft:climb_one_cm":35317,"minecraft:sprint_one_cm":590979,"minecraft:walk_one_cm":683436,"minecraft:drop":98,"minecraft:damage_dealt_absorbed":8,"minecraft:talked_to_villager":30,"minecraft:play_time":347407,"minecraft:sneak_time":34708,"minecraft:deaths":5,"minecraft:walk_under_water_one_cm":3137,"minecraft:boat_one_cm":15863,"minecraft:jump":4933,"minecraft:walk_on_water_one_cm":19629,"minecraft:total_world_time":347407,"minecraft:interact_with_furnace":33,"minecraft:traded_with_villager":10,"minecraft:interact_with_cartography_table":1,"minecraft:interact_with_grindstone":1,"minecraft:sleep_in_bed":4,"minecraft:time_since_rest":36241,"minecraft:damage_taken":3119,"minecraft:damage_dealt":16251,"minecraft:swim_one_cm":14024,"minecraft:fly_one_cm":836488,"minecraft:open_chest":77,"minecraft:crouch_one_cm":80437,"minecraft:fall_one_cm":95610},"minecraft:crafted":{"minecraft:oak_planks":92,"minecraft:cobblestone_slab":24,"minecraft:iron_nugget":9,"minecraft:furnace":2,"minecraft:stone_button":8,"minecraft:stone":8,"securitycraft:keypad_item":1,"minecraft:bone_meal":9,"minecraft:spruce_fence":3,"minecraft:heavy_weighted_pressure_plate":1,"minecraft:bow":1,"minecraft:stone_pickaxe":9,"minecraft:chest":1,"minecraft:spruce_boat":1,"minecraft:stone_hoe":1,"minecraft:oak_fence":3,"farmersdelight:tomato_seeds":4,"minecraft:emerald":6,"sophisticatedbackpacks:backpack":1,"minecraft:crafting_table":4,"minecraft:spruce_planks":204,"minecraft:fletching_table":1,"minecraft:stone_axe":4,"minecraft:air":0,"biomesoplenty:fir_planks":56,"minecraft:potion":4,"minecraft:iron_chestplate":1,"minecraft:stick":248,"minecraft:iron_ingot":15,"minecraft:iron_pickaxe":1,"farmersdelight:diamond_knife":3,"minecraft:spruce_fence_gate":1,"minecraft:torch":8},"minecraft:picked_up":{"minecraft:crafting_table":13,"minecraft:wheat":2,"cold_sweat:fur_cap":2,"minecraft:chicken":2,"minecraft:lead":4,"marbledsapi:steel_sheet":1,"minecraft:potion":59,"marbledsarsenal:baseball_bat":1,"minecraft:string":4,"minecraft:raw_copper":5,"minecraft:iron_shovel":1,"flashlight:flashlight":2,"biomesoplenty:fir_planks":1,"minecraft:cobbled_deepslate":65,"minecraft:beef":2,"minecraft:redstone_torch":5,"minecraft:cobblestone_slab":18,"minecraft:iron_nugget":6,"minecraft:iron_pickaxe":1,"minecraft:sugar_cane":12,"crittersandcompanions:clam":4,"minecraft:piston":11,"minecraft:furnace":4,"minecraft:egg":6,"minecraft:stick":2,"minecraft:raw_iron":18,"minecraft:copper_ingot":1,"minecraft:oak_fence":3,"minecraft:torch":35,"minecraft:spruce_fence":8,"minecraft:porkchop":36,"farmersdelight:tomato_seeds":10,"minecraft:diorite":75,"minecraft:redstone":22,"minecraft:rotten_flesh":27,"farmersdelight:fried_egg":4,"minecraft:arrow":4,"minecraft:light_gray_bed":5,"crittersandcompanions:silk":15,"minecraft:mutton":6,"minecraft:white_wool":4,"minecraft:cobblestone":298,"minecraft:cooked_beef":2,"taccraft:flak_vest_helmet":1,"minecraft:feather":5,"cold_sweat:fur_pants":2,"farmersdelight:rice":2,"minecraft:andesite":6,"taccraft:nylon_stripe":1,"minecraft:leather":7,"biomesoplenty:fir_sapling":3,"biomesoplenty:fir_log":11,"bunker_down:steel_vent":1,"minecraft:flint":4,"minecraft:oak_log":23,"supplementaries:flax_seeds":2,"farmersdelight:cooked_bacon":38,"minecraft:lapis_lazuli":28,"farmersdelight:tomato":4,"minecraft:dirt":49,"bunker_down:steel_block":6,"minecraft:bone":12,"minecraft:apple":1,"minecraft:wheat_seeds":14,"minecraft:rabbit_hide":3,"farmersdelight:apple_cider":2,"minecraft:stone_pickaxe":2,"minecraft:iron_ingot":7,"minecraft:cobweb":3,"minecraft:glass_bottle":5,"minecraft:oak_planks":47,"biomesoplenty:toadstool":14,"minecraft:cooked_porkchop":16,"bunker_down:underroot_stage_1":12,"minecraft:gravel":35,"minecraft:spruce_log":57,"minecraft:mossy_cobblestone":8,"minecraft:spruce_fence_gate":3,"minecraft:diamond":2,"minecraft:spruce_boat":1,"minecraft:stone_axe":1,"minecraft:granite":2,"minecraft:emerald":5,"flashlight:smallredstonebattery":2,"minecraft:coal":15,"minecraft:diamond_pickaxe":1},"minecraft:used":{"minecraft:oak_fence":6,"marbledsarsenal:baseball_bat":293,"minecraft:netherite_sword":6,"minecraft:iron_shovel":65,"securitycraft:keypad_chest":1,"minecraft:silverfish_spawn_egg":1,"minecraft:chest":2,"minecraft:wither_skeleton_spawn_egg":1,"minecraft:farmland":4,"marbledsarsenal:barbed_baseball_bat":99,"minecraft:rotten_flesh":10,"minecraft:stone_hoe":6,"minecraft:iron_chestplate":1,"minecraft:stick":2,"minecraft:torch":31,"minecraft:dirt":20,"minecraft:skeleton_spawn_egg":3,"securitycraft:keypad_item":1,"bunker_down:brittle_pickaxe":2,"minecraft:spruce_fence":8,"minecraft:spruce_boat":1,"taccraft:flak_vest_helmet":1,"minecraft:furnace":5,"minecraft:cooked_beef":1,"farmersdelight:tomato_seeds":10,"minecraft:cobbled_deepslate":39,"minecraft:light_gray_bed":1,"farmersdelight:fried_egg":2,"minecraft:cooked_mutton":2,"bunker_down:steel_vent":3,"minecraft:lead":1,"minecraft:glass_bottle":26,"minecraft:stone_pickaxe":359,"minecraft:oak_planks":17,"biomesoplenty:fir_planks":35,"minecraft:fletching_table":1,"minecraft:spruce_fence_gate":1,"minecraft:cobblestone_slab":35,"minecraft:crafting_table":14,"farmersdelight:rice":1,"minecraft:creeper_spawn_egg":2,"minecraft:piston":11,"bunker_down:steel_block":3,"minecraft:apple":1,"farmersdelight:apple_cider":3,"bunker_down:underroot_stage_1":2,"minecraft:light_gray_concrete":2,"minecraft:iron_pickaxe":71,"minecraft:gravel":25,"minecraft:stone_axe":160,"farmersdelight:cooked_bacon":42,"minecraft:potion":37,"minecraft:cobblestone":303,"minecraft:cooked_porkchop":16,"minecraft:andesite":1,"minecraft:air":1,"minecraft:bone_meal":9}},"DataVersion":3120}