{"stats":{"minecraft:used":{"minecraft:cherry_sapling":5,"minecraft:iron_shovel":362,"minecraft:decorated_pot":2,"minecraft:shield":31,"minecraft:mossy_stone_brick_slab":1,"minecraft:rotten_flesh":40,"minecraft:iron_chestplate":2,"minecraft:carrot":53,"minecraft:axolotl_bucket":5,"minecraft:spruce_boat":4,"minecraft:iron_helmet":1,"minecraft:magma_block":2,"minecraft:oak_sapling":2,"minecraft:furnace":7,"minecraft:cooked_cod":13,"minecraft:oak_chest_boat":5,"minecraft:oak_planks":4,"minecraft:stone_pickaxe":131,"minecraft:blackstone":46,"minecraft:wooden_pickaxe":63,"minecraft:diamond_axe":194,"minecraft:jungle_boat":5,"minecraft:glow_berries":24,"minecraft:melon_slice":103,"minecraft:bread":31,"minecraft:gravel":34,"minecraft:diamond_sword":355,"minecraft:oak_boat":4,"minecraft:stripped_cherry_log":1,"minecraft:coarse_dirt":73,"minecraft:bone_meal":59,"minecraft:cherry_boat":4,"minecraft:stone_sword":86,"minecraft:stone_shovel":1457,"minecraft:cooked_salmon":2,"minecraft:torch":108,"minecraft:dirt":842,"minecraft:chipped_anvil":1,"minecraft:cherry_slab":59,"minecraft:iron_axe":49,"minecraft:cherry_trapdoor":8,"minecraft:iron_boots":2,"minecraft:barrel":1,"minecraft:smooth_basalt":4,"minecraft:bamboo":27,"minecraft:golden_carrot":20,"minecraft:soul_soil":1,"alexsmobs:lobster_bucket":2,"minecraft:cooked_beef":8,"minecraft:cobbled_deepslate":78,"minecraft:cherry_log":42,"minecraft:iron_leggings":2,"minecraft:water_bucket":74,"minecraft:cherry_planks":170,"minecraft:fletching_table":3,"minecraft:mossy_cobblestone":1,"minecraft:crafting_table":25,"minecraft:white_bed":5,"minecraft:cake":1,"minecraft:smoker":2,"minecraft:iron_pickaxe":823,"minecraft:suspicious_stew":6,"minecraft:stone_axe":67,"minecraft:cobblestone":182,"minecraft:bucket":82,"minecraft:pumpkin_pie":1,"minecraft:candle":1,"minecraft:chainmail_leggings":1},"minecraft:crafted":{"minecraft:jungle_button":1,"minecraft:oak_planks":16,"minecraft:cherry_slab":60,"minecraft:cherry_boat":1,"sophisticatedbackpacks:smelting_upgrade":1,"minecraft:hopper":3,"minecraft:iron_boots":2,"minecraft:chest":4,"sophisticatedbackpacks:backpack":1,"minecraft:emerald":3,"minecraft:diamond_axe":1,"minecraft:crafting_table":7,"minecraft:spruce_planks":72,"minecraft:jungle_boat":2,"minecraft:wooden_pickaxe":2,"minecraft:iron_helmet":2,"minecraft:fletching_table":1,"minecraft:birch_planks":4,"sophisticatedbackpacks:upgrade_base":1,"minecraft:iron_chestplate":1,"minecraft:shield":1,"sophisticatedbackpacks:diamond_backpack":1,"minecraft:stick":152,"minecraft:iron_pickaxe":3,"minecraft:iron_ingot":55,"sophisticatedbackpacks:auto_smelting_upgrade":1,"minecraft:stone_sword":1,"minecraft:gold_ingot":14,"minecraft:golden_carrot":32,"minecraft:cherry_planks":232,"minecraft:wooden_sword":1,"minecraft:stone_shovel":10,"minecraft:furnace":3,"minecraft:bone_meal":90,"minecraft:cherry_trapdoor":2,"minecraft:iron_axe":1,"minecraft:stone_pickaxe":1,"minecraft:spruce_boat":3,"sophisticatedbackpacks:iron_backpack":1,"minecraft:cooked_beef":8,"minecraft:cooked_cod":6,"minecraft:diamond_sword":1,"minecraft:cooked_salmon":2,"sophisticatedbackpacks:gold_backpack":1,"minecraft:bucket":2,"minecraft:stone_axe":1,"minecraft:air":0,"minecraft:jungle_planks":76,"minecraft:oak_boat":2,"minecraft:oak_chest_boat":1,"minecraft:white_wool":3,"minecraft:gold_nugget":261,"minecraft:iron_leggings":2,"minecraft:white_bed":1,"minecraft:torch":120},"minecraft:dropped":{"minecraft:iron_sword":1,"minecraft:moss_block":11,"minecraft:diamond":1,"minecraft:glow_berries":1,"minecraft:jungle_planks":4,"minecraft:rail":9,"minecraft:flint":1,"minecraft:dirt":269,"minecraft:jungle_button":1,"minecraft:jungle_sapling":2,"minecraft:wooden_sword":1,"minecraft:gold_nugget":5,"minecraft:sand":71,"immersive_melodies:triangle":1,"minecraft:iron_pickaxe":3,"minecraft:birch_stairs":1,"minecraft:gravel":37,"minecraft:stone_axe":1,"minecraft:blackstone":37,"minecraft:cobbled_deepslate":46,"alexsmobs:animal_dictionary":2,"minecraft:rotten_flesh":31,"minecraft:oak_planks":1,"minecraft:carrot":2,"minecraft:oak_chest_boat":1,"minecraft:gunpowder":1,"minecraft:arrow":3,"minecraft:bread":1,"minecraft:iron_ingot":1,"minecraft:wheat_seeds":181,"minecraft:mossy_cobblestone":2,"minecraft:minecart":3,"minecraft:iron_helmet":1,"minecraft:cobblestone":199,"minecraft:hopper_minecart":1,"minecraft:coal":11,"minecraft:golden_carrot":2,"minecraft:ink_sac":1,"minecraft:torch":13,"minecraft:iron_axe":1,"minecraft:jungle_boat":1,"minecraft:chainmail_leggings":3,"minecraft:string":5,"minecraft:pink_petals":3,"minecraft:lily_pad":2,"minecraft:dandelion":11,"minecraft:redstone":3,"minecraft:coarse_dirt":40,"minecraft:stone_sword":1,"minecraft:bowl":5,"minecraft:stone_shovel":1,"minecraft:chicken":1,"minecraft:spruce_fence":1,"minecraft:suspicious_stew":1,"minecraft:diamond_sword":1,"minecraft:flower_pot":1,"minecraft:peony":2,"minecraft:iron_chestplate":1,"minecraft:oak_sapling":2,"minecraft:spider_eye":15,"minecraft:barrel":1,"minecraft:bow":1,"minecraft:wooden_pickaxe":2,"minecraft:red_tulip":1,"minecraft:calcite":1,"minecraft:magma_block":5},"minecraft:killed":{"alexsmobs:hummingbird":1,"minecraft:spider":16,"alexsmobs:murmur":1,"minecraft:skeleton":15,"minecraft:chicken":2,"artifacts:mimic":2,"minecraft:creeper":4,"minecraft:zombie":48,"alexsmobs:fly":1,"minecraft:cow":4,"minecraft:panda":1,"alexsmobs:cockroach":1,"minecraft:enderman":1},"minecraft:broken":{"minecraft:iron_shovel":1,"minecraft:iron_boots":2,"minecraft:iron_chestplate":1,"minecraft:iron_leggings":2,"minecraft:stone_pickaxe":1,"minecraft:stone_shovel":10,"minecraft:iron_pickaxe":2,"minecraft:iron_helmet":1},"minecraft:custom":{"minecraft:interact_with_crafting_table":113,"minecraft:open_barrel":64,"minecraft:eat_cake_slice":8,"minecraft:leave_game":5,"minecraft:time_since_death":254720,"minecraft:sprint_one_cm":984537,"minecraft:damage_blocked_by_shield":1385,"minecraft:drop":194,"minecraft:talked_to_villager":8,"minecraft:play_time":376584,"minecraft:deaths":2,"minecraft:jump":8291,"minecraft:interact_with_brewingstand":1,"minecraft:walk_on_water_one_cm":51426,"minecraft:interact_with_furnace":80,"minecraft:traded_with_villager":3,"minecraft:interact_with_cartography_table":1,"minecraft:sleep_in_bed":4,"minecraft:damage_dealt":24637,"minecraft:player_kills":4,"minecraft:crouch_one_cm":51182,"minecraft:interact_with_smoker":14,"minecraft:mob_kills":100,"minecraft:interact_with_anvil":3,"minecraft:climb_one_cm":3770,"minecraft:walk_one_cm":903934,"minecraft:damage_dealt_absorbed":10,"minecraft:sneak_time":21974,"minecraft:walk_under_water_one_cm":34970,"minecraft:boat_one_cm":533041,"minecraft:total_world_time":376584,"minecraft:time_since_rest":25284,"minecraft:damage_taken":7449,"minecraft:trigger_trapped_chest":1,"minecraft:swim_one_cm":74393,"minecraft:fly_one_cm":1577250,"minecraft:open_chest":58,"minecraft:fall_one_cm":177492},"minecraft:picked_up":{"minecraft:iron_chestplate":1,"minecraft:wheat":5,"minecraft:flower_pot":1,"minecraft:smithing_table":1,"minecraft:diamond_sword":1,"minecraft:brewing_stand":1,"minecraft:soul_soil":1,"minecraft:string":44,"minecraft:raw_copper":7,"minecraft:cherry_boat":3,"minecraft:cobbled_deepslate":124,"minecraft:spruce_planks":7,"minecraft:calcite":1,"minecraft:iron_pickaxe":3,"minecraft:hopper_minecart":2,"minecraft:melon_slice":95,"immersive_melodies:triangle":1,"minecraft:furnace":7,"minecraft:stick":15,"minecraft:torch":27,"minecraft:golden_axe":1,"minecraft:cherry_log":95,"minecraft:rotten_flesh":56,"artifacts:panic_necklace":1,"minecraft:cod":5,"minecraft:cobblestone":487,"minecraft:birch_log":1,"minecraft:pink_petals":129,"minecraft:magma_block":7,"minecraft:feather":2,"minecraft:cherry_planks":18,"minecraft:jungle_log":19,"minecraft:smoker":6,"minecraft:flint":16,"minecraft:lapis_lazuli":96,"minecraft:dirt":1723,"minecraft:bone":16,"minecraft:chipped_anvil":2,"minecraft:bow":1,"minecraft:wheat_seeds":218,"minecraft:raw_gold":38,"minecraft:fletching_table":2,"minecraft:bamboo":27,"minecraft:moss_block":11,"minecraft:oak_planks":20,"artifacts:rooted_boots":1,"minecraft:jungle_planks":4,"minecraft:sand":43,"minecraft:stripped_spruce_log":3,"minecraft:ink_sac":1,"minecraft:grass_block":2,"alexsmobs:animal_dictionary":1,"minecraft:barrel":21,"minecraft:mossy_cobblestone":3,"minecraft:diamond":92,"minecraft:spruce_boat":1,"minecraft:rooted_dirt":1,"minecraft:oak_sapling":4,"minecraft:cherry_slab":1,"minecraft:charcoal":13,"minecraft:coarse_dirt":186,"minecraft:crafting_table":20,"minecraft:chicken":1,"minecraft:clay_ball":16,"minecraft:chest_minecart":1,"minecraft:stripped_cherry_log":6,"immersive_melodies:lute":1,"minecraft:iron_axe":1,"minecraft:iron_shovel":1,"minecraft:blackstone":84,"minecraft:candle":1,"minecraft:beef":8,"minecraft:oak_boat":3,"minecraft:jungle_sapling":2,"minecraft:minecart":6,"minecraft:sugar_cane":1,"minecraft:chest":1,"minecraft:cherry_trapdoor":6,"minecraft:raw_iron":123,"minecraft:bowl":1,"minecraft:spruce_fence":2,"minecraft:carrot":92,"minecraft:redstone":21,"minecraft:tnt":1,"minecraft:cooked_cod":2,"minecraft:arrow":16,"minecraft:decorated_pot":2,"minecraft:peony":2,"minecraft:oak_chest_boat":5,"minecraft:gold_ingot":1,"minecraft:glow_berries":19,"minecraft:rail":18,"minecraft:skeleton_skull":3,"minecraft:jungle_boat":4,"minecraft:golden_carrot":2,"minecraft:leather":10,"minecraft:oak_log":4,"minecraft:lily_pad":2,"minecraft:jungle_button":1,"minecraft:gunpowder":10,"minecraft:iron_ingot":2,"artifacts:kitty_slippers":1,"minecraft:iron_sword":1,"minecraft:smooth_basalt":4,"minecraft:dandelion":11,"minecraft:gravel":71,"minecraft:birch_stairs":1,"minecraft:white_bed":4,"minecraft:mossy_stone_brick_slab":1,"minecraft:spider_eye":15,"minecraft:chainmail_leggings":2,"minecraft:iron_helmet":2,"minecraft:cherry_sapling":51,"minecraft:coal":70,"minecraft:ender_pearl":1},"minecraft:mined":{"minecraft:spruce_planks":8,"minecraft:white_bed":4,"minecraft:mossy_stone_brick_slab":1,"minecraft:cherry_log":97,"minecraft:jungle_leaves":13,"minecraft:brewing_stand":1,"minecraft:cherry_trapdoor":6,"minecraft:cave_vines_plant":20,"minecraft:grass_block":1202,"minecraft:jungle_log":18,"minecraft:magma_block":2,"minecraft:cobbled_deepslate":12,"minecraft:iron_ore":39,"minecraft:fire":48,"minecraft:barrel":14,"minecraft:fletching_table":2,"minecraft:deepslate_lapis_ore":3,"minecraft:cave_vines":46,"minecraft:dirt_path":1,"minecraft:deepslate_redstone_ore":7,"minecraft:blackstone":82,"minecraft:smoker":7,"minecraft:torch":4,"minecraft:calcite":1,"minecraft:melon":19,"minecraft:chest":1,"minecraft:cobblestone":36,"minecraft:sugar_cane":1,"minecraft:oak_planks":18,"minecraft:wall_torch":6,"minecraft:cherry_slab":2,"minecraft:pink_petals":49,"minecraft:skeleton_skull":3,"minecraft:birch_log":1,"minecraft:lilac":1,"minecraft:grass":234,"minecraft:oak_log":4,"minecraft:dirt":315,"minecraft:smooth_basalt":4,"minecraft:oak_leaves":8,"minecraft:deepslate":75,"minecraft:deepslate_diamond_ore":85,"farmersdelight:wild_carrots":5,"minecraft:stripped_cherry_log":7,"minecraft:decorated_pot":2,"minecraft:soul_campfire":1,"minecraft:spruce_leaves":6,"minecraft:moss_block":1,"minecraft:rooted_dirt":1,"minecraft:large_fern":18,"minecraft:furnace":8,"minecraft:carrots":26,"minecraft:stripped_spruce_log":3,"minecraft:peony":2,"minecraft:deepslate_iron_ore":45,"minecraft:vine":1,"minecraft:stone":505,"minecraft:podzol":1,"minecraft:smithing_table":1,"minecraft:glass_pane":2,"minecraft:cherry_planks":19,"minecraft:dandelion":2,"minecraft:crafting_table":18,"minecraft:campfire":5,"minecraft:tall_grass":60,"minecraft:lapis_ore":10,"minecraft:deepslate_gold_ore":24,"minecraft:coarse_dirt":162,"minecraft:birch_leaves":1,"minecraft:coal_ore":22,"minecraft:cherry_leaves":58,"minecraft:flower_pot":1,"minecraft:gravel":86,"minecraft:cobweb":14,"minecraft:small_dripleaf":1,"minecraft:chipped_anvil":2,"minecraft:gold_ore":14,"minecraft:fern":14}},"DataVersion":3465}