{"stats":{"minecraft:custom":{"minecraft:time_since_rest":17590,"minecraft:interact_with_furnace":2,"minecraft:sprint_one_cm":27596,"minecraft:walk_one_cm":27834,"minecraft:mob_kills":1,"minecraft:drop":1,"minecraft:damage_dealt":80,"minecraft:interact_with_crafting_table":5,"minecraft:fly_one_cm":6906,"minecraft:crouch_one_cm":2917,"minecraft:play_time":17590,"minecraft:sneak_time":1477,"minecraft:jump":72,"minecraft:leave_game":2,"minecraft:time_since_death":17590,"minecraft:total_world_time":17590,"minecraft:fall_one_cm":896},"minecraft:dropped":{"minecraft:wooden_pickaxe":1},"minecraft:used":{"minecraft:stone_sword":2,"minecraft:stone_pickaxe":30,"minecraft:wooden_pickaxe":18,"minecraft:stone_axe":1,"minecraft:dirt":7,"minecraft:crafting_table":2,"minecraft:furnace":1,"alexsmobs:animal_dictionary":2},"minecraft:crafted":{"minecraft:crafting_table":1,"minecraft:spruce_planks":52,"minecraft:stick":4,"minecraft:wooden_pickaxe":1,"minecraft:stone_pickaxe":1,"minecraft:stone_sword":1,"minecraft:furnace":1,"minecraft:stone_axe":1,"minecraft:cooked_mutton":2,"minecraft:air":0},"minecraft:mined":{"minecraft:large_fern":1,"minecraft:spruce_log":13,"minecraft:crafting_table":1,"minecraft:grass_block":3,"minecraft:dirt":15,"minecraft:spruce_leaves":18,"minecraft:stone":48},"minecraft:killed":{"minecraft:sheep":1},"minecraft:picked_up":{"minecraft:stick":3,"minecraft:crafting_table":1,"minecraft:spruce_sapling":1,"minecraft:spruce_log":13,"minecraft:dirt":18,"minecraft:mutton":2,"minecraft:white_wool":1,"minecraft:cobblestone":48}},"DataVersion":3465}