{"stats":{"minecraft:picked_up":{"minecraft:charcoal":7,"minecraft:crafting_table":18,"minecraft:wheat":5,"minecraft:clay_ball":16,"minecraft:chest_minecart":1,"minecraft:chicken":1,"minecraft:flower_pot":1,"minecraft:smithing_table":1,"minecraft:diamond_sword":1,"minecraft:brewing_stand":1,"minecraft:raw_copper":7,"minecraft:soul_soil":1,"minecraft:string":37,"minecraft:iron_axe":1,"minecraft:blackstone":84,"minecraft:candle":1,"minecraft:cobbled_deepslate":124,"minecraft:beef":8,"minecraft:oak_boat":3,"minecraft:jungle_sapling":2,"minecraft:hopper_minecart":2,"minecraft:iron_pickaxe":3,"minecraft:minecart":6,"minecraft:melon_slice":95,"minecraft:sugar_cane":1,"minecraft:chest":1,"minecraft:furnace":6,"minecraft:raw_iron":123,"minecraft:torch":27,"minecraft:golden_axe":1,"minecraft:redstone":21,"minecraft:tnt":1,"minecraft:cooked_cod":2,"minecraft:arrow":12,"minecraft:rotten_flesh":42,"minecraft:gold_ingot":1,"minecraft:oak_chest_boat":5,"artifacts:panic_necklace":1,"minecraft:rail":18,"minecraft:cod":5,"minecraft:glow_berries":19,"minecraft:birch_log":1,"minecraft:skeleton_skull":3,"minecraft:cobblestone":405,"minecraft:magma_block":7,"minecraft:feather":2,"minecraft:jungle_log":19,"minecraft:leather":8,"minecraft:smoker":5,"minecraft:flint":9,"minecraft:oak_log":4,"minecraft:gunpowder":6,"minecraft:lapis_lazuli":96,"minecraft:dirt":10,"minecraft:bone":14,"minecraft:chipped_anvil":1,"minecraft:bow":1,"minecraft:wheat_seeds":6,"minecraft:raw_gold":38,"artifacts:kitty_slippers":1,"minecraft:bamboo":27,"minecraft:moss_block":11,"minecraft:iron_sword":1,"minecraft:oak_planks":18,"minecraft:smooth_basalt":4,"artifacts:rooted_boots":1,"minecraft:gravel":1,"minecraft:jungle_planks":3,"minecraft:sand":43,"minecraft:ink_sac":1,"minecraft:white_bed":4,"alexsmobs:animal_dictionary":1,"minecraft:mossy_stone_brick_slab":1,"minecraft:spider_eye":13,"minecraft:barrel":21,"minecraft:mossy_cobblestone":2,"minecraft:diamond":92,"minecraft:chainmail_leggings":2,"minecraft:iron_helmet":2,"minecraft:oak_sapling":4,"minecraft:coal":66},"minecraft:broken":{"minecraft:stone_pickaxe":1,"minecraft:iron_pickaxe":2},"minecraft:killed":{"minecraft:spider":5,"alexsmobs:murmur":1,"minecraft:skeleton":12,"minecraft:panda":1,"minecraft:chicken":1,"artifacts:mimic":2,"minecraft:creeper":2,"minecraft:zombie":29,"alexsmobs:cockroach":1,"minecraft:cow":4},"minecraft:used":{"minecraft:stone_sword":86,"minecraft:shield":17,"minecraft:mossy_stone_brick_slab":1,"minecraft:rotten_flesh":20,"minecraft:iron_chestplate":1,"minecraft:torch":94,"minecraft:dirt":10,"minecraft:axolotl_bucket":1,"minecraft:iron_axe":41,"minecraft:iron_helmet":1,"minecraft:iron_boots":1,"minecraft:barrel":1,"minecraft:smooth_basalt":4,"minecraft:bamboo":27,"minecraft:magma_block":2,"minecraft:soul_soil":1,"minecraft:oak_sapling":2,"minecraft:furnace":6,"minecraft:cooked_cod":8,"minecraft:cooked_beef":8,"minecraft:cobbled_deepslate":61,"minecraft:oak_chest_boat":5,"minecraft:iron_leggings":1,"minecraft:water_bucket":74,"minecraft:oak_planks":2,"minecraft:stone_pickaxe":131,"minecraft:blackstone":46,"minecraft:wooden_pickaxe":63,"minecraft:jungle_boat":2,"minecraft:glow_berries":24,"minecraft:crafting_table":18,"minecraft:white_bed":4,"minecraft:smoker":2,"minecraft:melon_slice":103,"minecraft:iron_pickaxe":663,"minecraft:stone_axe":67,"minecraft:diamond_sword":157,"minecraft:cobblestone":174,"minecraft:bucket":76,"minecraft:oak_boat":4,"minecraft:candle":1},"minecraft:custom":{"minecraft:mob_kills":60,"minecraft:interact_with_crafting_table":65,"minecraft:open_barrel":44,"minecraft:eat_cake_slice":5,"minecraft:leave_game":1,"minecraft:time_since_death":50293,"minecraft:climb_one_cm":3490,"minecraft:sprint_one_cm":430962,"minecraft:walk_one_cm":289319,"minecraft:damage_blocked_by_shield":700,"minecraft:drop":105,"minecraft:damage_dealt_absorbed":10,"minecraft:play_time":172157,"minecraft:deaths":2,"minecraft:sneak_time":16123,"minecraft:walk_under_water_one_cm":23413,"minecraft:boat_one_cm":280626,"minecraft:jump":3822,"minecraft:interact_with_brewingstand":1,"minecraft:walk_on_water_one_cm":31605,"minecraft:total_world_time":172157,"minecraft:interact_with_furnace":65,"minecraft:interact_with_cartography_table":1,"minecraft:sleep_in_bed":1,"minecraft:time_since_rest":50335,"minecraft:damage_taken":3248,"minecraft:trigger_trapped_chest":1,"minecraft:damage_dealt":12670,"minecraft:fly_one_cm":636994,"minecraft:swim_one_cm":49061,"minecraft:open_chest":8,"minecraft:crouch_one_cm":34690,"minecraft:interact_with_smoker":13,"minecraft:fall_one_cm":90144},"minecraft:dropped":{"minecraft:iron_sword":1,"minecraft:moss_block":11,"minecraft:wheat_seeds":6,"minecraft:mossy_cobblestone":2,"minecraft:diamond":1,"minecraft:minecart":3,"minecraft:iron_helmet":1,"minecraft:cobblestone":199,"minecraft:glow_berries":1,"minecraft:hopper_minecart":1,"minecraft:jungle_planks":3,"minecraft:rail":9,"minecraft:coal":11,"minecraft:flint":1,"minecraft:torch":13,"minecraft:ink_sac":1,"minecraft:jungle_sapling":2,"minecraft:wooden_sword":1,"minecraft:iron_axe":1,"minecraft:sand":56,"minecraft:iron_pickaxe":3,"minecraft:chainmail_leggings":2,"minecraft:string":5,"minecraft:gravel":1,"minecraft:stone_axe":1,"minecraft:blackstone":37,"minecraft:cobbled_deepslate":46,"minecraft:stone_sword":1,"alexsmobs:animal_dictionary":2,"minecraft:chicken":1,"minecraft:rotten_flesh":23,"minecraft:oak_planks":1,"minecraft:diamond_sword":1,"minecraft:oak_chest_boat":1,"minecraft:flower_pot":1,"minecraft:gunpowder":1,"minecraft:oak_sapling":2,"minecraft:spider_eye":13,"minecraft:barrel":1,"minecraft:arrow":1,"minecraft:bow":1,"minecraft:wooden_pickaxe":2,"minecraft:red_tulip":1,"minecraft:magma_block":5},"minecraft:crafted":{"minecraft:wooden_sword":1,"minecraft:oak_planks":16,"minecraft:furnace":3,"minecraft:iron_boots":1,"minecraft:iron_axe":1,"minecraft:stone_pickaxe":1,"minecraft:chest":2,"sophisticatedbackpacks:iron_backpack":1,"minecraft:cooked_beef":8,"minecraft:cooked_cod":6,"minecraft:diamond_sword":1,"sophisticatedbackpacks:backpack":1,"minecraft:crafting_table":3,"minecraft:jungle_boat":2,"minecraft:wooden_pickaxe":2,"minecraft:iron_helmet":1,"sophisticatedbackpacks:gold_backpack":1,"minecraft:bucket":1,"minecraft:birch_planks":4,"minecraft:stone_axe":1,"minecraft:air":0,"minecraft:jungle_planks":76,"minecraft:oak_boat":2,"minecraft:oak_chest_boat":1,"minecraft:white_wool":3,"minecraft:iron_chestplate":1,"minecraft:shield":1,"sophisticatedbackpacks:diamond_backpack":1,"minecraft:stick":44,"minecraft:iron_ingot":51,"minecraft:iron_pickaxe":3,"minecraft:stone_sword":1,"minecraft:gold_ingot":14,"minecraft:iron_leggings":1,"minecraft:white_bed":1,"minecraft:torch":80},"minecraft:mined":{"minecraft:white_bed":4,"minecraft:deepslate_diamond_ore":85,"minecraft:mossy_stone_brick_slab":1,"minecraft:jungle_leaves":13,"minecraft:brewing_stand":1,"minecraft:cave_vines_plant":20,"minecraft:grass_block":1,"minecraft:jungle_log":18,"minecraft:soul_campfire":1,"minecraft:moss_block":1,"minecraft:magma_block":2,"minecraft:furnace":7,"minecraft:fire":41,"minecraft:iron_ore":39,"minecraft:barrel":14,"minecraft:cobbled_deepslate":12,"minecraft:deepslate_lapis_ore":3,"minecraft:vine":1,"minecraft:cave_vines":46,"minecraft:deepslate_iron_ore":45,"minecraft:stone":368,"minecraft:smithing_table":1,"minecraft:podzol":1,"minecraft:deepslate_redstone_ore":7,"minecraft:blackstone":82,"minecraft:smoker":5,"minecraft:crafting_table":16,"minecraft:torch":4,"minecraft:melon":19,"minecraft:chest":1,"minecraft:campfire":2,"minecraft:tall_grass":6,"minecraft:cobblestone":24,"minecraft:deepslate_gold_ore":24,"minecraft:lapis_ore":10,"minecraft:sugar_cane":1,"minecraft:oak_planks":16,"minecraft:wall_torch":6,"minecraft:skeleton_skull":3,"minecraft:birch_log":1,"minecraft:lilac":1,"minecraft:grass":20,"minecraft:coal_ore":20,"minecraft:oak_log":4,"minecraft:flower_pot":1,"minecraft:gravel":2,"minecraft:dirt":8,"minecraft:cobweb":14,"minecraft:smooth_basalt":4,"minecraft:small_dripleaf":1,"minecraft:chipped_anvil":1,"minecraft:gold_ore":14,"minecraft:oak_leaves":8,"minecraft:deepslate":75}},"DataVersion":3465}