{"stats":{"minecraft:crafted":{"minecraft:oak_planks":36,"minecraft:crafting_table":1,"minecraft:stick":4,"minecraft:stone_pickaxe":1,"minecraft:stone_axe":1},"minecraft:killed":{"minecraft:sheep":2,"minecraft:skeleton":2,"minecraft:pig":7,"minecraft:chicken":1},"minecraft:picked_up":{"minecraft:chicken":1,"minecraft:crafting_table":2,"minecraft:stick":2,"minecraft:feather":1,"farmersdelight:rice":1,"minecraft:leather":2,"bunker_down:underroot_stage_1":2,"minecraft:porkchop":18,"farmersdelight:tomato_seeds":4,"minecraft:oak_log":9,"minecraft:bone":2,"flashlight:flashlight":2,"minecraft:arrow":4,"minecraft:light_gray_bed":1,"minecraft:wheat_seeds":1,"crittersandcompanions:silk":5,"minecraft:iron_nugget":3,"flashlight:smallredstonebattery":2,"minecraft:sugar_cane":6,"minecraft:mutton":3,"minecraft:white_wool":2,"minecraft:cobblestone":7,"minecraft:egg":3},"minecraft:mined":{"farmersdelight:rice":1,"minecraft:crafting_table":1,"minecraft:grass":9,"supplementaries:stick":2,"minecraft:oak_log":6,"crittersandcompanions:silk_cocoon":1,"minecraft:light_gray_bed":2,"minecraft:tall_grass":2,"farmersdelight:budding_tomatoes":4,"minecraft:cobblestone":2,"minecraft:sugar_cane":5,"minecraft:oak_leaves":3},"minecraft:custom":{"minecraft:time_since_rest":46782,"minecraft:sprint_one_cm":89255,"minecraft:damage_taken":20,"minecraft:walk_one_cm":76393,"minecraft:mob_kills":12,"minecraft:drop":5,"minecraft:damage_dealt":1331,"minecraft:swim_one_cm":617,"minecraft:interact_with_crafting_table":2,"minecraft:fly_one_cm":171714,"minecraft:open_chest":12,"minecraft:crouch_one_cm":1517,"minecraft:play_time":64556,"minecraft:deaths":1,"minecraft:sneak_time":1175,"minecraft:walk_under_water_one_cm":1140,"minecraft:jump":647,"minecraft:leave_game":11,"minecraft:time_since_death":46730,"minecraft:walk_on_water_one_cm":626,"minecraft:total_world_time":64556,"minecraft:climb_one_cm":20821,"minecraft:fall_one_cm":6850},"minecraft:dropped":{"minecraft:wheat_seeds":1,"minecraft:torch":2,"minecraft:cobblestone":1,"bunker_down:brittle_pickaxe":1},"minecraft:used":{"minecraft:creeper_spawn_egg":2,"marbledsarsenal:baseball_bat":27,"bunker_down:steel_vent":2,"minecraft:netherite_sword":6,"bunker_down:underroot_stage_1":2,"minecraft:light_gray_concrete":2,"minecraft:glass_bottle":1,"securitycraft:keypad_chest":1,"minecraft:silverfish_spawn_egg":1,"minecraft:wither_skeleton_spawn_egg":1,"minecraft:farmland":4,"minecraft:stone_axe":6,"taccraft:flak_vest_helmet":1,"minecraft:stick":2,"farmersdelight:cooked_bacon":4,"minecraft:cobblestone":4,"minecraft:potion":1,"minecraft:skeleton_spawn_egg":3,"minecraft:crafting_table":2,"bunker_down:brittle_pickaxe":2,"farmersdelight:rice":1,"farmersdelight:tomato_seeds":4}},"DataVersion":3120}