{"stats":{"minecraft:custom":{"minecraft:animals_bred":10,"minecraft:interact_with_crafting_table":72,"minecraft:eat_cake_slice":5,"minecraft:leave_game":11,"minecraft:time_since_death":679973,"minecraft:sprint_one_cm":1514314,"minecraft:damage_blocked_by_shield":730,"minecraft:drop":400,"minecraft:talked_to_villager":291,"minecraft:play_time":729136,"minecraft:deaths":1,"minecraft:jump":10351,"minecraft:walk_on_water_one_cm":59153,"minecraft:interact_with_furnace":30,"minecraft:traded_with_villager":572,"minecraft:sleep_in_bed":49,"minecraft:damage_dealt":33244,"minecraft:crouch_one_cm":145519,"minecraft:horse_one_cm":166887,"minecraft:mob_kills":98,"minecraft:climb_one_cm":25491,"minecraft:walk_one_cm":2125251,"minecraft:sneak_time":50377,"minecraft:walk_under_water_one_cm":148236,"minecraft:interact_with_blast_furnace":6,"minecraft:total_world_time":729136,"minecraft:interact_with_grindstone":6,"minecraft:time_since_rest":6325,"minecraft:damage_taken":2420,"minecraft:swim_one_cm":176398,"minecraft:fly_one_cm":1932194,"minecraft:open_chest":372,"minecraft:fall_one_cm":165953},"minecraft:dropped":{"minecraft:iron_sword":4,"minecraft:diamond_axe":10,"minecraft:oak_log":1,"minecraft:cookie":126,"minecraft:emerald":16,"minecraft:dirt":982,"minecraft:gravel":9,"minecraft:stone_axe":2,"minecraft:rotten_flesh":21,"minecraft:light_gray_carpet":3,"minecraft:azure_bluet":86,"minecraft:poppy":18,"minecraft:spruce_slab":10,"minecraft:stone_hoe":1,"minecraft:bread":52,"minecraft:oak_slab":4,"minecraft:wheat_seeds":98,"minecraft:mossy_cobblestone":1,"minecraft:diamond_leggings":2,"biomesoplenty:maple_sapling":158,"minecraft:iron_helmet":1,"minecraft:cobblestone":126,"minecraft:spruce_stairs":7,"minecraft:grass_block":1,"minecraft:golden_carrot":21,"minecraft:iron_leggings":1,"minecraft:iron_axe":15,"minecraft:chainmail_leggings":24,"minecraft:iron_shovel":3,"minecraft:sweet_berries":19,"alexsmobs:maggot":12,"minecraft:oak_trapdoor":1,"minecraft:stone_sword":1,"minecraft:raw_copper":2,"minecraft:bowl":6,"minecraft:diamond_hoe":4,"minecraft:stone_shovel":13,"minecraft:white_carpet":9,"minecraft:spruce_fence":1,"minecraft:pumpkin_seeds":5,"minecraft:suspicious_stew":5,"minecraft:cobblestone_slab":4,"minecraft:shield":18,"minecraft:allium":1,"minecraft:diamond_chestplate":1,"minecraft:spruce_trapdoor":6,"minecraft:iron_chestplate":15,"minecraft:diamond_pickaxe":3,"minecraft:andesite":6,"minecraft:oak_sapling":2,"minecraft:redstone_torch":1,"minecraft:spider_eye":2,"minecraft:spruce_log":6,"minecraft:diamond_boots":2,"minecraft:stone_pickaxe":1,"minecraft:wooden_pickaxe":1},"minecraft:used":{"minecraft:iron_shovel":2072,"minecraft:diamond_hoe":791,"minecraft:poppy":1,"minecraft:ladder":17,"farmersdelight:cabbage_seeds":35,"minecraft:chest":17,"minecraft:shield":15,"minecraft:iron_sword":398,"minecraft:glass":20,"minecraft:furnace":6,"farmersdelight:safety_net":2,"minecraft:potato":2,"minecraft:diamond_boots":1,"minecraft:stone_pickaxe":1781,"minecraft:oak_planks":143,"minecraft:wooden_pickaxe":18,"minecraft:composter":3,"minecraft:blue_bed":4,"minecraft:diamond_axe":683,"minecraft:cookie":126,"minecraft:white_wool":2,"minecraft:blast_furnace":3,"minecraft:crossbow":28,"farmersdelight:rice":1,"minecraft:pumpkin_seeds":57,"minecraft:bread":72,"minecraft:gravel":16,"minecraft:grindstone":8,"minecraft:smithing_table":6,"minecraft:bone_meal":12,"minecraft:oak_fence":2,"minecraft:oak_trapdoor":10,"minecraft:stone_sword":32,"minecraft:stone_shovel":6341,"minecraft:spruce_planks":24,"minecraft:stone_hoe":125,"minecraft:torch":133,"minecraft:dirt":5905,"minecraft:spruce_stairs":1,"minecraft:iron_axe":986,"minecraft:golden_carrot":13,"alexsmobs:lobster_bucket":4,"farmersdelight:tomato_seeds":22,"minecraft:pumpkin":34,"minecraft:iron_leggings":2,"minecraft:wheat_seeds":65,"minecraft:cooked_mutton":2,"minecraft:water_bucket":17,"minecraft:fletching_table":8,"minecraft:cobblestone_slab":3,"minecraft:spruce_fence_gate":1,"minecraft:oak_slab":195,"minecraft:crafting_table":18,"minecraft:red_bed":9,"minecraft:white_bed":4,"minecraft:spruce_log":3,"minecraft:cake":1,"minecraft:oak_log":17,"minecraft:diamond_pickaxe":1043,"minecraft:apple":1,"minecraft:diamond_shovel":1579,"minecraft:suspicious_stew":5,"minecraft:spruce_trapdoor":6,"minecraft:stone_axe":157,"minecraft:cobblestone":466,"minecraft:purple_bed":16,"minecraft:cooked_porkchop":9,"minecraft:bucket":22,"minecraft:pumpkin_pie":2,"alexsmobs:animal_dictionary":5,"minecraft:diamond_leggings":1,"minecraft:chainmail_leggings":1},"minecraft:broken":{"minecraft:iron_shovel":8,"minecraft:stone_pickaxe":13,"minecraft:diamond_shovel":1,"minecraft:stone_axe":1,"minecraft:stone_shovel":46,"minecraft:iron_axe":3},"minecraft:crafted":{"minecraft:oak_planks":2984,"minecraft:cobblestone_slab":6,"minecraft:diamond_shovel":1,"farmersdelight:rope":4,"minecraft:cooked_mutton":6,"minecraft:suspicious_stew":5,"farmersdelight:safety_net":1,"minecraft:cake":1,"minecraft:glass":20,"minecraft:diamond_helmet":1,"minecraft:diamond_leggings":3,"minecraft:chest":12,"minecraft:stone_hoe":1,"minecraft:oak_fence":3,"farmersdelight:tomato_seeds":25,"minecraft:oak_slab":174,"sophisticatedbackpacks:backpack":1,"minecraft:arrow":48,"minecraft:emerald":413,"minecraft:cooked_porkchop":9,"minecraft:diamond_axe":12,"minecraft:crafting_table":8,"minecraft:spruce_planks":400,"minecraft:wooden_pickaxe":1,"minecraft:iron_helmet":1,"minecraft:smithing_table":1,"minecraft:fletching_table":1,"minecraft:pumpkin_seeds":36,"biomesoplenty:fir_planks":384,"minecraft:spruce_trapdoor":4,"minecraft:iron_chestplate":9,"minecraft:diamond_pickaxe":3,"minecraft:shield":10,"minecraft:stick":6453,"minecraft:iron_ingot":4,"minecraft:iron_block":3,"minecraft:stone_sword":1,"minecraft:composter":1,"minecraft:spruce_fence_gate":1,"minecraft:shears":1,"minecraft:golden_carrot":58,"minecraft:cookie":7,"minecraft:stone_shovel":48,"minecraft:diamond_hoe":3,"minecraft:furnace":3,"minecraft:oak_trapdoor":6,"minecraft:iron_axe":11,"minecraft:ladder":9,"minecraft:spruce_slab":12,"minecraft:stone_pickaxe":14,"minecraft:diamond_boots":3,"minecraft:chainmail_leggings":12,"minecraft:red_dye":2,"minecraft:crossbow":1,"minecraft:iron_sword":6,"minecraft:red_bed":1,"minecraft:stone_axe":2,"minecraft:bread":112,"minecraft:air":0,"minecraft:iron_shovel":10,"minecraft:anvil":1,"minecraft:white_bed":4,"minecraft:torch":104,"minecraft:diamond_chestplate":2},"minecraft:mined":{"minecraft:spruce_planks":10,"minecraft:white_bed":1,"minecraft:farmland":3,"minecraft:spruce_trapdoor":6,"minecraft:grass_block":5169,"minecraft:composter":2,"farmersdelight:wild_rice":1,"farmersdelight:rice":1,"minecraft:iron_ore":4,"minecraft:pumpkin":210,"minecraft:fletching_table":7,"minecraft:azure_bluet":31,"minecraft:dirt_path":17,"farmersdelight:wild_potatoes":1,"minecraft:red_bed":8,"minecraft:powder_snow":7,"minecraft:torch":18,"minecraft:blast_furnace":3,"minecraft:chest":5,"farmersdelight:safety_net":2,"farmersdelight:cabbages":16,"minecraft:cobblestone":33,"minecraft:sugar_cane":7,"minecraft:grindstone":9,"minecraft:oak_planks":47,"minecraft:wall_torch":11,"minecraft:wheat":64,"biomesoplenty:maple_leaves":1406,"minecraft:pumpkin_stem":8,"biomesoplenty:fir_log":100,"minecraft:grass":125,"biomesoplenty:clover":264,"minecraft:oak_log":868,"minecraft:sand":20,"minecraft:dirt":4580,"minecraft:oak_leaves":4,"minecraft:attached_pumpkin_stem":4,"minecraft:mossy_cobblestone":1,"biomesoplenty:desert_grass":1,"minecraft:spruce_fence":1,"minecraft:spruce_leaves":47,"biomesoplenty:dead_grass":9,"minecraft:large_fern":4,"minecraft:oak_trapdoor":5,"minecraft:furnace":3,"minecraft:andesite":6,"minecraft:cobblestone_slab":1,"minecraft:packed_ice":5,"biomesoplenty:barley":4,"minecraft:stone":2689,"minecraft:white_wool":2,"minecraft:smithing_table":5,"minecraft:oak_slab":34,"minecraft:light_gray_carpet":3,"minecraft:glass_pane":1,"minecraft:crafting_table":10,"minecraft:copper_ore":16,"biomesoplenty:sprout":5,"biomesoplenty:huge_clover_petal":91,"minecraft:blue_bed":4,"minecraft:spruce_stairs":4,"minecraft:purple_bed":16,"minecraft:sweet_berry_bush":4,"minecraft:ice":1,"minecraft:white_carpet":9,"minecraft:spruce_log":99,"minecraft:coal_ore":52,"biomesoplenty:fir_leaves":32,"minecraft:gravel":118,"minecraft:fern":47},"minecraft:killed":{"minecraft:spider":3,"minecraft:skeleton":5,"alexsmobs:banana_slug":1,"minecraft:pig":8,"minecraft:iron_golem":25,"minecraft:creeper":4,"minecraft:sheep":5,"minecraft:pillager":2,"minecraft:zombie":21,"minecraft:donkey":1,"alexsmobs:terrapin":2,"alexsmobs:fly":12,"minecraft:cow":6,"takesapillage:clay_golem":1,"minecraft:drowned":2},"minecraft:picked_up":{"minecraft:iron_chestplate":14,"minecraft:wheat":46,"minecraft:suspicious_stew":5,"minecraft:smithing_table":5,"minecraft:string":4,"minecraft:raw_copper":63,"minecraft:diamond_leggings":2,"farmersdelight:cabbage":8,"minecraft:spruce_planks":10,"minecraft:redstone_torch":1,"minecraft:cobblestone_slab":1,"farmersdelight:cabbage_seeds":31,"minecraft:furnace":3,"minecraft:stick":100,"minecraft:composter":2,"minecraft:torch":54,"minecraft:spruce_stairs":8,"minecraft:porkchop":15,"minecraft:rotten_flesh":21,"minecraft:cobblestone":2732,"farmersdelight:rice":2,"minecraft:andesite":6,"minecraft:potato":3,"farmersdelight:safety_net":2,"biomesoplenty:fir_sapling":2,"biomesoplenty:fir_log":96,"minecraft:flint":12,"farmersdelight:tomato":25,"minecraft:dirt":10393,"minecraft:bone":2,"minecraft:wheat_seeds":205,"minecraft:grindstone":9,"minecraft:fletching_table":7,"minecraft:oak_planks":47,"minecraft:sand":20,"minecraft:grass_block":1,"minecraft:mossy_cobblestone":1,"minecraft:bone_meal":12,"minecraft:emerald":16,"alexsmobs:maggot":12,"minecraft:oak_sapling":2,"minecraft:light_gray_carpet":3,"minecraft:diamond_pickaxe":3,"minecraft:crafting_table":10,"minecraft:allium":1,"minecraft:azure_bluet":86,"minecraft:ladder":9,"minecraft:shield":18,"minecraft:red_bed":8,"minecraft:oak_trapdoor":5,"minecraft:iron_axe":20,"minecraft:white_carpet":9,"minecraft:iron_shovel":3,"minecraft:beef":11,"minecraft:poppy":30,"minecraft:spruce_slab":5,"minecraft:sugar_cane":22,"minecraft:chest":5,"minecraft:spruce_trapdoor":8,"minecraft:diamond_hoe":4,"minecraft:raw_iron":4,"minecraft:bowl":1,"minecraft:spruce_fence":1,"minecraft:cookie":126,"minecraft:carrot":1,"minecraft:diamond_chestplate":1,"minecraft:arrow":4,"minecraft:stone_shovel":11,"minecraft:diamond_boots":2,"minecraft:saddle":1,"minecraft:mutton":6,"minecraft:white_wool":14,"minecraft:golden_carrot":21,"minecraft:leather":5,"minecraft:oak_log":860,"minecraft:gunpowder":3,"minecraft:blue_bed":4,"minecraft:apple":15,"minecraft:iron_ingot":100,"minecraft:iron_sword":4,"minecraft:oak_slab":41,"minecraft:pumpkin":208,"minecraft:sweet_berries":19,"minecraft:gravel":106,"minecraft:spruce_sapling":12,"minecraft:blast_furnace":3,"minecraft:white_bed":1,"minecraft:spruce_log":103,"minecraft:spider_eye":2,"biomesoplenty:maple_sapling":158,"minecraft:pumpkin_seeds":20,"minecraft:purple_bed":16,"minecraft:stone_axe":1,"minecraft:chainmail_leggings":12,"minecraft:diamond_axe":10,"minecraft:coal":52,"minecraft:ender_pearl":2}},"DataVersion":3465}