{"stats":{"minecraft:mined":{"minecraft:spruce_planks":166,"minecraft:farmland":34,"minecraft:cobblestone_stairs":4,"minecraft:obsidian":5,"minecraft:spruce_trapdoor":76,"minecraft:grass_block":1643,"biomesoplenty:flowering_oak_leaves":1,"minecraft:light_gray_bed":15,"farmersdelight:budding_tomatoes":20,"minecraft:composter":4,"farmersdelight:rice":1,"minecraft:iron_ore":5,"minecraft:cobbled_deepslate":14,"minecraft:fire":1,"minecraft:pumpkin":7,"supplementaries:globe":1,"minecraft:azure_bluet":2,"minecraft:red_tulip":1,"supplementaries:stick":2,"minecraft:water_cauldron":1,"minecraft:dirt_path":206,"minecraft:pink_tulip":1,"minecraft:torch":43,"minecraft:blast_furnace":1,"minecraft:poppy":2,"minecraft:chest":5,"supplementaries:wild_flax":3,"farmersdelight:cabbages":5,"minecraft:cobblestone":227,"minecraft:grindstone":1,"minecraft:sugar_cane":10,"minecraft:oak_planks":54,"bunker_down:underroot":3,"minecraft:wall_torch":20,"farmersdelight:sandy_shrub":6,"minecraft:mud":1,"minecraft:wheat":56,"minecraft:lilac":1,"biomesoplenty:maple_leaves":19,"minecraft:orange_tulip":1,"biomesoplenty:fir_log":11,"minecraft:grass":315,"minecraft:oak_log":46,"minecraft:sand":36,"minecraft:dirt":1540,"minecraft:piston":6,"minecraft:oak_leaves":72,"minecraft:deepslate":60,"minecraft:mossy_cobblestone":21,"vm:vending_machine":1,"farmersdelight:wild_carrots":13,"biomesoplenty:bush":1,"minecraft:spruce_fence":25,"minecraft:redstone_wire":1,"farmersdelight:tomatoes":3,"minecraft:spruce_leaves":9,"minecraft:cartography_table":1,"minecraft:large_fern":2,"minecraft:furnace":3,"minecraft:carrots":6,"biomesoplenty:toadstool":25,"supplementaries:flax":6,"minecraft:andesite":3,"minecraft:stripped_spruce_log":10,"bunker_down:steel_vent":1,"minecraft:potatoes":47,"minecraft:deepslate_iron_ore":13,"minecraft:cobblestone_slab":35,"crittersandcompanions:silk_cocoon":1,"bunker_down:steel_block":5,"minecraft:stone":636,"farmersdelight:cooking_pot":3,"minecraft:glass_pane":10,"minecraft:lily_of_the_valley":15,"minecraft:spruce_door":3,"minecraft:dandelion":3,"minecraft:oak_fence":4,"minecraft:crafting_table":20,"biomesoplenty:fir_planks":9,"minecraft:rose_bush":11,"minecraft:tall_grass":28,"minecraft:copper_ore":3,"biomesoplenty:sprout":156,"minecraft:lapis_ore":4,"minecraft:diorite":5,"minecraft:blue_bed":1,"supplementaries:urn":4,"farmersdelight:wild_beetroots":10,"minecraft:spruce_stairs":2,"minecraft:purple_bed":1,"minecraft:cobblestone_wall":138,"minecraft:sweet_berry_bush":87,"minecraft:spruce_log":283,"minecraft:coal_ore":6,"biomesoplenty:fir_leaves":56,"minecraft:gravel":53,"minecraft:cobweb":4,"minecraft:spruce_fence_gate":1,"minecraft:fern":6},"minecraft:killed_by":{"minecraft:drowned":1,"minecraft:zombie":1,"rottencreatures:undead_miner":1,"minecraft:iron_golem":1,"naturalist:bear":1},"minecraft:dropped":{"minecraft:iron_sword":2,"minecraft:orange_tulip":1,"farmersdelight:cooked_bacon":17,"biomesoplenty:fir_sapling":3,"minecraft:cobblestone_stairs":2,"minecraft:dirt":83,"minecraft:sand":14,"marbledsarsenal:baseball_bat":1,"taccraft:flak_vest_helmet":1,"minecraft:blue_bed":1,"minecraft:gravel":1,"minecraft:white_tulip":1,"minecraft:stone_axe":4,"minecraft:iron_nugget":3,"minecraft:cobbled_deepslate":11,"minecraft:wheat":1,"minecraft:rotten_flesh":51,"minecraft:oak_planks":10,"minecraft:fern":1,"minecraft:azure_bluet":3,"minecraft:poppy":3,"supplementaries:flax_seeds":5,"bunker_down:underroot_stage_1":6,"cold_sweat:fur_pants":2,"minecraft:water_bucket":1,"minecraft:iron_ingot":4,"minecraft:bread":1,"minecraft:wheat_seeds":67,"minecraft:mossy_cobblestone":17,"minecraft:feather":4,"minecraft:cobblestone":23,"minecraft:granite":2,"minecraft:copper_ingot":1,"minecraft:spruce_door":1,"minecraft:spruce_stairs":2,"minecraft:stick":3,"minecraft:spruce_fence_gate":3,"minecraft:diorite":139,"minecraft:torch":7,"marbledsarsenal:barbed_baseball_bat":1,"minecraft:rose_bush":14,"minecraft:potion":2,"minecraft:iron_axe":1,"bunker_down:brittle_pickaxe":1,"minecraft:dandelion":4,"minecraft:sweet_berries":38,"minecraft:cobblestone_wall":3,"minecraft:raw_copper":5,"farmersdelight:cabbage_seeds":2,"minecraft:stone_shovel":7,"minecraft:chicken":2,"farmersdelight:tomato_sauce":16,"sophisticatedbackpacks:backpack":1,"minecraft:spruce_fence":1,"minecraft:lily_of_the_valley":5,"minecraft:diamond_sword":1,"minecraft:cobblestone_slab":16,"cold_sweat:fur_cap":2,"minecraft:potato":9,"farmersdelight:fried_egg":2,"minecraft:spruce_trapdoor":4,"minecraft:spruce_planks":3,"minecraft:andesite":5,"minecraft:light_gray_bed":1,"minecraft:oak_sapling":6,"bunker_down:steel_block":1,"minecraft:redstone_torch":5,"minecraft:spruce_log":1,"minecraft:stone_pickaxe":9,"farmersdelight:tomato":2,"farmersdelight:diamond_knife":2},"minecraft:broken":{"minecraft:iron_shovel":1,"minecraft:stone_pickaxe":1,"minecraft:stone_axe":4,"minecraft:iron_sword":1,"taccraft:flak_vest_helmet":1,"minecraft:stone_shovel":24,"minecraft:iron_pickaxe":2},"minecraft:killed":{"minecraft:zombified_piglin":10,"rottencreatures:burned":1,"naturalist:robin":3,"minecraft:zombie_horse":1,"naturalist:snail":1,"minecraft:skeleton":2,"minecraft:chicken":5,"minecraft:pig":7,"minecraft:zombie_villager":5,"minecraft:sheep":2,"minecraft:zombie":101,"minecraft:donkey":1,"minecraft:cow":1,"hordes:zombie_player":1,"minecraft:drowned":22,"rottencreatures:undead_miner":4,"minecraft:husk":112,"naturalist:bear":2},"minecraft:custom":{"minecraft:animals_bred":8,"minecraft:interact_with_crafting_table":114,"minecraft:bell_ring":133,"minecraft:leave_game":20,"minecraft:time_since_death":249482,"minecraft:sprint_one_cm":2003880,"minecraft:drop":234,"minecraft:talked_to_villager":37,"minecraft:play_time":841247,"minecraft:deaths":8,"minecraft:jump":14526,"minecraft:walk_on_water_one_cm":36507,"minecraft:interact_with_furnace":40,"minecraft:traded_with_villager":12,"minecraft:interact_with_cartography_table":1,"minecraft:sleep_in_bed":27,"minecraft:damage_dealt":60085,"minecraft:crouch_one_cm":234488,"minecraft:mob_kills":318,"minecraft:interact_with_campfire":152,"minecraft:damage_dealt_resisted":1014,"minecraft:climb_one_cm":38282,"minecraft:walk_one_cm":1912424,"minecraft:damage_dealt_absorbed":8,"minecraft:sneak_time":96656,"minecraft:walk_under_water_one_cm":19131,"minecraft:boat_one_cm":393137,"minecraft:interact_with_blast_furnace":2,"minecraft:total_world_time":841247,"minecraft:interact_with_grindstone":2,"minecraft:time_since_rest":53393,"minecraft:damage_taken":8703,"minecraft:swim_one_cm":16623,"minecraft:fly_one_cm":2573736,"minecraft:open_chest":285,"minecraft:fall_one_cm":337674},"minecraft:crafted":{"minecraft:oak_planks":184,"minecraft:cobblestone_slab":48,"minecraft:stone":8,"securitycraft:keypad_item":1,"minecraft:heavy_weighted_pressure_plate":1,"minecraft:bow":1,"farmersdelight:tomato_sauce":1,"minecraft:chest":7,"minecraft:stone_hoe":2,"minecraft:oak_fence":3,"farmersdelight:tomato_seeds":85,"minecraft:cauldron":1,"sophisticatedbackpacks:backpack":1,"minecraft:emerald":6,"minecraft:crafting_table":9,"minecraft:spruce_planks":628,"minecraft:fletching_table":1,"biomesoplenty:fir_planks":56,"minecraft:spruce_trapdoor":2,"minecraft:book":1,"minecraft:iron_chestplate":1,"minecraft:paper":6,"minecraft:charcoal":3,"minecraft:stick":400,"minecraft:iron_ingot":15,"minecraft:iron_pickaxe":1,"minecraft:spruce_fence_gate":1,"minecraft:stone_shovel":30,"minecraft:iron_nugget":9,"minecraft:spruce_button":1,"minecraft:furnace":4,"minecraft:stone_button":8,"minecraft:bone_meal":30,"minecraft:spruce_fence":105,"minecraft:iron_axe":1,"minecraft:spruce_slab":6,"minecraft:stone_pickaxe":10,"minecraft:cobblestone_wall":144,"minecraft:spruce_boat":2,"minecraft:diamond_sword":1,"minecraft:iron_sword":1,"minecraft:bowl":72,"farmersdelight:cooking_pot":1,"minecraft:stone_axe":8,"minecraft:bread":7,"minecraft:air":0,"minecraft:potion":4,"farmersdelight:diamond_knife":3,"minecraft:torch":32},"minecraft:picked_up":{"minecraft:wheat":25,"cold_sweat:fur_cap":2,"minecraft:lead":4,"minecraft:diamond_sword":1,"minecraft:potion":149,"minecraft:golden_sword":1,"minecraft:string":4,"minecraft:raw_copper":7,"flashlight:flashlight":2,"minecraft:beetroot":2,"minecraft:gold_nugget":5,"minecraft:bucket":1,"minecraft:cobbled_deepslate":71,"biomesoplenty:fir_planks":3,"minecraft:spruce_planks":250,"minecraft:white_tulip":1,"minecraft:redstone_torch":5,"minecraft:rose_bush":15,"minecraft:cobblestone_slab":49,"minecraft:iron_pickaxe":1,"farmersdelight:cabbage_seeds":5,"minecraft:furnace":4,"minecraft:stick":11,"farmersdelight:rotten_tomato":15,"minecraft:composter":4,"minecraft:oak_fence":3,"minecraft:torch":97,"minecraft:spruce_stairs":2,"minecraft:porkchop":36,"minecraft:diorite":75,"minecraft:cauldron":1,"farmersdelight:fried_egg":4,"minecraft:rotten_flesh":344,"minecraft:light_gray_bed":14,"minecraft:red_tulip":1,"minecraft:obsidian":4,"minecraft:cobblestone":862,"minecraft:nautilus_shell":2,"minecraft:lilac":1,"cold_sweat:fur_pants":2,"taccraft:flak_vest_helmet":2,"minecraft:feather":12,"minecraft:cooked_beef":2,"farmersdelight:rice":2,"minecraft:water_bucket":2,"minecraft:andesite":6,"taccraft:nylon_stripe":1,"minecraft:potato":130,"bunker_down:steel_vent":1,"biomesoplenty:fir_sapling":3,"biomesoplenty:fir_log":11,"minecraft:flint":4,"supplementaries:flax_seeds":11,"farmersdelight:cooked_bacon":38,"minecraft:lapis_lazuli":28,"farmersdelight:tomato":467,"minecraft:dirt":3187,"minecraft:bone":12,"minecraft:orange_tulip":2,"minecraft:wheat_seeds":181,"minecraft:grindstone":1,"minecraft:stone_hoe":1,"minecraft:oak_planks":91,"biomesoplenty:toadstool":22,"minecraft:cooked_porkchop":16,"minecraft:sand":36,"minecraft:stripped_spruce_log":10,"minecraft:lily_of_the_valley":13,"minecraft:mossy_cobblestone":22,"minecraft:spruce_fence_gate":3,"minecraft:diamond":2,"minecraft:spruce_boat":4,"minecraft:granite":2,"minecraft:bone_meal":17,"minecraft:emerald":5,"flashlight:smallredstonebattery":2,"minecraft:oak_sapling":7,"minecraft:diamond_pickaxe":2,"minecraft:mud":1,"minecraft:crafting_table":22,"minecraft:azure_bluet":5,"minecraft:chicken":7,"minecraft:ladder":2,"farmersdelight:tomato_sauce":6,"marbledsapi:steel_sheet":1,"marbledsarsenal:baseball_bat":1,"farmersdelight:diamond_knife":1,"supplementaries:globe":1,"minecraft:iron_shovel":1,"minecraft:cartography_table":1,"minecraft:beef":3,"minecraft:iron_nugget":6,"minecraft:poppy":6,"minecraft:sugar_cane":22,"minecraft:chest":5,"crittersandcompanions:clam":26,"minecraft:piston":11,"minecraft:spruce_trapdoor":77,"minecraft:egg":63,"minecraft:raw_iron":20,"farmersdelight:minced_beef":4,"minecraft:copper_ingot":2,"sophisticatedbackpacks:backpack":2,"minecraft:spruce_fence":25,"farmersdelight:tomato_seeds":31,"marbledsarsenal:katana":1,"minecraft:carrot":27,"minecraft:redstone":22,"minecraft:arrow":4,"minecraft:stone_shovel":3,"minecraft:beetroot_seeds":10,"crittersandcompanions:silk":15,"minecraft:pink_tulip":2,"minecraft:gold_ingot":1,"minecraft:mutton":6,"minecraft:white_wool":4,"minecraft:leather":9,"minecraft:fern":1,"minecraft:oak_log":44,"minecraft:cobblestone_wall":159,"minecraft:cobblestone_stairs":4,"minecraft:blue_bed":2,"bunker_down:steel_block":6,"farmersdelight:cooking_pot":3,"minecraft:apple":1,"farmersdelight:apple_cider":2,"minecraft:rabbit_hide":3,"minecraft:iron_ingot":10,"minecraft:stone_pickaxe":2,"minecraft:cobweb":3,"minecraft:glass_bottle":5,"minecraft:iron_sword":1,"minecraft:pumpkin":7,"minecraft:sweet_berries":601,"bunker_down:underroot_stage_1":12,"minecraft:dandelion":4,"minecraft:gravel":44,"minecraft:blast_furnace":1,"minecraft:spruce_log":288,"minecraft:spruce_door":6,"minecraft:pumpkin_seeds":4,"minecraft:purple_bed":1,"minecraft:stone_axe":2,"minecraft:baked_potato":8,"minecraft:coal":22,"minecraft:sunflower":1},"minecraft:used":{"minecraft:iron_shovel":146,"minecraft:spruce_slab":1,"minecraft:poppy":4,"minecraft:chest":13,"minecraft:iron_sword":250,"marbledsarsenal:barbed_baseball_bat":168,"minecraft:farmland":4,"minecraft:rotten_flesh":149,"minecraft:iron_chestplate":2,"supplementaries:globe":1,"minecraft:skeleton_spawn_egg":3,"minecraft:lily_of_the_valley":10,"securitycraft:keypad_item":1,"minecraft:carrot":26,"minecraft:azure_bluet":4,"minecraft:stripped_spruce_log":10,"minecraft:milk_bucket":17,"minecraft:spruce_boat":4,"minecraft:lava_bucket":7,"farmersdelight:tomato":20,"farmersdelight:rotten_tomato":9,"taccraft:flak_vest_helmet":1,"farmersdelight:tomato_sauce":57,"minecraft:sweet_berries":563,"minecraft:furnace":7,"minecraft:egg":3,"minecraft:potato":147,"bunker_down:steel_vent":3,"minecraft:spruce_door":3,"minecraft:stone_pickaxe":468,"minecraft:oak_planks":59,"minecraft:orange_tulip":1,"biomesoplenty:fir_planks":35,"minecraft:composter":4,"minecraft:sugar_cane":4,"minecraft:blue_bed":1,"minecraft:sand":8,"farmersdelight:rice":1,"minecraft:creeper_spawn_egg":2,"cold_sweat:fur_pants":1,"bunker_down:steel_block":3,"minecraft:light_gray_concrete":2,"minecraft:bread":14,"minecraft:gravel":26,"minecraft:lilac":1,"supplementaries:flax_seeds":1,"minecraft:diamond_sword":56,"minecraft:andesite":1,"minecraft:air":2,"minecraft:bone_meal":47,"minecraft:oak_fence":6,"marbledsarsenal:baseball_bat":293,"minecraft:netherite_sword":6,"minecraft:rose_bush":15,"farmersdelight:diamond_knife":7,"minecraft:armor_stand":2,"minecraft:stone_shovel":3200,"securitycraft:keypad_chest":1,"minecraft:silverfish_spawn_egg":1,"minecraft:spruce_planks":215,"minecraft:wither_skeleton_spawn_egg":1,"minecraft:stone_hoe":195,"minecraft:stick":2,"minecraft:torch":111,"minecraft:dirt":477,"bunker_down:brittle_pickaxe":2,"minecraft:cobblestone_wall":185,"minecraft:spruce_fence":101,"minecraft:red_tulip":1,"minecraft:iron_axe":189,"minecraft:spruce_button":1,"marbledsarsenal:katana":464,"farmersdelight:cooking_pot":4,"naturalist:bass_bucket":1,"minecraft:cooked_beef":3,"farmersdelight:tomato_seeds":104,"minecraft:cobbled_deepslate":51,"minecraft:light_gray_bed":11,"farmersdelight:fried_egg":2,"minecraft:wheat_seeds":15,"minecraft:cooked_mutton":2,"minecraft:water_bucket":78,"minecraft:pink_tulip":2,"minecraft:lead":1,"minecraft:glass_bottle":51,"minecraft:baked_potato":8,"minecraft:cauldron":2,"minecraft:fletching_table":1,"minecraft:cobblestone_slab":66,"minecraft:spruce_fence_gate":1,"minecraft:crafting_table":27,"minecraft:spruce_log":70,"minecraft:mud":1,"minecraft:piston":11,"minecraft:diamond_pickaxe":470,"farmersdelight:apple_cider":3,"minecraft:apple":1,"bunker_down:underroot_stage_1":2,"minecraft:iron_pickaxe":292,"minecraft:spruce_trapdoor":27,"minecraft:stone_axe":766,"farmersdelight:cooked_bacon":44,"minecraft:cobblestone":307,"minecraft:potion":59,"minecraft:cooked_porkchop":16,"minecraft:bucket":87,"minecraft:dandelion":3}},"DataVersion":3120}