{"stats":{"minecraft:mined":{"minecraft:spruce_planks":20,"minecraft:white_bed":1,"biomesoplenty:glowshroom":2,"minecraft:farmland":4,"minecraft:obsidian":55,"minecraft:spruce_trapdoor":71,"minecraft:granite":55,"minecraft:grass_block":5379,"minecraft:composter":2,"minecraft:hopper":12,"minecraft:iron_ore":82,"farmersdelight:wild_rice":1,"minecraft:barrel":6,"farmersdelight:rice":2,"minecraft:cobbled_deepslate":28,"minecraft:fire":3,"minecraft:pumpkin":392,"minecraft:anvil":1,"minecraft:deepslate_lapis_ore":6,"minecraft:fletching_table":15,"minecraft:azure_bluet":32,"minecraft:dirt_path":17,"farmersdelight:wild_potatoes":1,"minecraft:tripwire":1,"minecraft:red_bed":8,"biomesoplenty:glowworm_silk":13,"minecraft:smoker":4,"minecraft:powder_snow":7,"minecraft:torch":70,"minecraft:blast_furnace":6,"minecraft:poppy":7,"minecraft:chest":44,"farmersdelight:safety_net":2,"minecraft:spruce_wall_sign":28,"farmersdelight:cabbages":90,"minecraft:cobblestone":1572,"minecraft:oak_planks":90,"minecraft:sugar_cane":7,"minecraft:grindstone":9,"minecraft:wall_torch":37,"minecraft:spruce_sign":5,"minecraft:skeleton_skull":3,"minecraft:chain":10,"biomesoplenty:glowworm_silk_strand":4,"minecraft:wheat":64,"minecraft:magenta_bed":1,"biomesoplenty:maple_leaves":1634,"minecraft:pumpkin_stem":8,"minecraft:tnt":1,"biomesoplenty:fir_log":100,"minecraft:grass":161,"biomesoplenty:clover":276,"minecraft:oak_log":920,"minecraft:sand":20,"minecraft:dirt":4767,"minecraft:oak_leaves":4,"minecraft:deepslate":1031,"minecraft:attached_pumpkin_stem":4,"biomesoplenty:glowing_moss_block":1,"minecraft:diamond_ore":1,"minecraft:tuff":3,"minecraft:mossy_cobblestone":3,"minecraft:deepslate_diamond_ore":16,"minecraft:candle":1,"biomesoplenty:desert_grass":1,"minecraft:spruce_fence":1,"farmersdelight:tomatoes":8,"minecraft:spruce_leaves":47,"biomesoplenty:dead_grass":9,"minecraft:large_fern":4,"minecraft:oak_trapdoor":5,"minecraft:furnace":7,"minecraft:andesite":64,"minecraft:bookshelf":2,"minecraft:cobblestone_slab":83,"minecraft:deepslate_iron_ore":40,"minecraft:lantern":3,"minecraft:packed_ice":5,"biomesoplenty:barley":4,"minecraft:stone":3374,"minecraft:white_wool":2,"minecraft:podzol":11,"minecraft:smithing_table":6,"minecraft:oak_slab":43,"minecraft:light_gray_carpet":3,"minecraft:glass_pane":1,"minecraft:crafting_table":14,"minecraft:cobbled_deepslate_wall":1,"minecraft:lectern":15,"minecraft:campfire":6,"minecraft:copper_ore":18,"minecraft:lapis_ore":33,"biomesoplenty:huge_clover_petal":91,"biomesoplenty:sprout":5,"minecraft:deepslate_gold_ore":25,"minecraft:diorite":69,"minecraft:blue_bed":5,"minecraft:spruce_stairs":4,"minecraft:purple_bed":16,"minecraft:trapped_chest":1,"minecraft:white_carpet":9,"minecraft:sweet_berry_bush":4,"minecraft:ice":1,"minecraft:spruce_log":204,"minecraft:gray_bed":4,"minecraft:yellow_bed":13,"minecraft:red_wall_banner":1,"minecraft:coal_ore":134,"biomesoplenty:fir_leaves":32,"minecraft:gravel":128,"minecraft:gold_ore":12,"minecraft:chipped_anvil":1,"minecraft:fern":90},"minecraft:dropped":{"minecraft:iron_sword":6,"minecraft:diamond_axe":13,"minecraft:oak_log":1,"minecraft:golden_pickaxe":1,"minecraft:glass_bottle":10,"minecraft:crafting_table":1,"minecraft:crossbow":12,"minecraft:cookie":126,"minecraft:lantern":11,"minecraft:flint":3,"minecraft:emerald":16,"minecraft:dirt":1198,"minecraft:bone_meal":2,"minecraft:bone":1,"minecraft:gravel":16,"minecraft:stone_axe":21,"minecraft:cobbled_deepslate":856,"minecraft:rotten_flesh":65,"minecraft:grindstone":1,"minecraft:oak_planks":7,"minecraft:diamond_shovel":3,"minecraft:light_gray_carpet":3,"minecraft:golden_shovel":2,"minecraft:azure_bluet":87,"biomesoplenty:glowing_moss_block":1,"minecraft:poppy":56,"minecraft:leather_chestplate":1,"minecraft:charcoal":2,"minecraft:ladder":1,"minecraft:leather_leggings":2,"minecraft:spruce_slab":18,"minecraft:arrow":107,"minecraft:enchanted_book":1,"farmersdelight:tomato_seeds":1,"minecraft:stone_hoe":21,"minecraft:bread":374,"minecraft:oak_slab":17,"minecraft:wheat_seeds":110,"minecraft:mossy_cobblestone":3,"minecraft:diamond_leggings":5,"biomesoplenty:maple_sapling":164,"minecraft:cobbled_deepslate_wall":1,"minecraft:oak_fence":1,"minecraft:iron_helmet":2,"minecraft:cobblestone":715,"minecraft:granite":55,"minecraft:copper_ingot":10,"minecraft:spruce_stairs":7,"minecraft:chainmail_helmet":17,"minecraft:grass_block":1,"minecraft:stick":2,"minecraft:lava_bucket":2,"minecraft:diorite":84,"minecraft:golden_carrot":26,"minecraft:ink_sac":1,"minecraft:torch":5,"minecraft:gray_bed":1,"minecraft:diamond_helmet":4,"minecraft:iron_leggings":22,"minecraft:iron_axe":19,"minecraft:iron_shovel":12,"minecraft:chainmail_leggings":33,"minecraft:spruce_sapling":1,"minecraft:redstone":1,"minecraft:furnace":1,"minecraft:sweet_berries":19,"alexsmobs:maggot":14,"minecraft:oak_trapdoor":1,"minecraft:stone_sword":1,"minecraft:raw_copper":6,"minecraft:bowl":6,"minecraft:diamond_hoe":4,"farmersdelight:cabbage_seeds":4,"minecraft:stone_shovel":13,"minecraft:white_carpet":9,"minecraft:spruce_fence":1,"minecraft:pumpkin_seeds":11,"minecraft:suspicious_stew":5,"minecraft:cobblestone_slab":8,"minecraft:shield":28,"minecraft:allium":1,"minecraft:diamond_chestplate":3,"minecraft:spruce_planks":1,"minecraft:spruce_trapdoor":6,"minecraft:diamond_pickaxe":3,"minecraft:iron_chestplate":26,"minecraft:andesite":63,"minecraft:oak_sapling":2,"minecraft:redstone_torch":1,"minecraft:spider_eye":11,"minecraft:barrel":5,"minecraft:spruce_log":6,"minecraft:diamond_boots":6,"minecraft:bow":30,"minecraft:stone_pickaxe":1,"minecraft:wooden_pickaxe":1,"farmersdelight:tomato":1},"minecraft:killed":{"minecraft:spider":31,"minecraft:skeleton":24,"alexsmobs:banana_slug":1,"artifacts:mimic":4,"minecraft:pig":8,"minecraft:iron_golem":46,"minecraft:creeper":10,"minecraft:sheep":5,"minecraft:pillager":2,"minecraft:donkey":1,"minecraft:zombie":86,"alexsmobs:terrapin":2,"alexsmobs:fly":14,"minecraft:cow":10,"takesapillage:clay_golem":1,"minecraft:drowned":2,"minecraft:bat":1,"minecraft:squid":1,"alexsmobs:catfish":1},"minecraft:picked_up":{"minecraft:iron_chestplate":15,"minecraft:wheat":50,"minecraft:anvil":1,"minecraft:suspicious_stew":5,"minecraft:smithing_table":6,"minecraft:enchanted_book":1,"minecraft:golden_shovel":1,"minecraft:string":56,"minecraft:raw_copper":71,"minecraft:iron_leggings":10,"minecraft:diamond_leggings":5,"minecraft:cobbled_deepslate":1030,"minecraft:bucket":1,"farmersdelight:cabbage":71,"minecraft:spruce_planks":20,"minecraft:redstone_torch":1,"minecraft:cobblestone_slab":87,"farmersdelight:cabbage_seeds":209,"minecraft:furnace":6,"minecraft:stick":116,"minecraft:composter":2,"minecraft:torch":174,"minecraft:spruce_stairs":8,"minecraft:porkchop":15,"minecraft:diorite":84,"minecraft:rotten_flesh":93,"artifacts:panic_necklace":1,"minecraft:obsidian":54,"minecraft:cobblestone":4543,"minecraft:leather_chestplate":1,"minecraft:cooked_beef":22,"farmersdelight:rice":3,"minecraft:andesite":63,"biomesoplenty:glowshroom":1,"farmersdelight:safety_net":2,"minecraft:smoker":4,"minecraft:potato":3,"biomesoplenty:fir_sapling":2,"biomesoplenty:fir_log":96,"minecraft:flint":15,"minecraft:tuff":3,"minecraft:lapis_lazuli":258,"farmersdelight:tomato":36,"minecraft:dirt":10821,"minecraft:lantern":16,"artifacts:shock_pendant":1,"minecraft:bone":35,"minecraft:chipped_anvil":1,"minecraft:bow":12,"minecraft:wheat_seeds":219,"minecraft:cobbled_deepslate_wall":1,"minecraft:raw_gold":36,"minecraft:grindstone":9,"minecraft:diamond_helmet":1,"minecraft:fletching_table":15,"minecraft:stone_hoe":10,"minecraft:oak_planks":144,"minecraft:sand":20,"minecraft:ink_sac":4,"minecraft:grass_block":1,"minecraft:trapped_chest":1,"minecraft:barrel":5,"alexsmobs:animal_dictionary":1,"minecraft:mossy_cobblestone":3,"minecraft:diamond":17,"minecraft:granite":56,"minecraft:bone_meal":40,"minecraft:chainmail_helmet":8,"minecraft:spruce_sign":48,"minecraft:emerald":16,"minecraft:bread":74,"alexsmobs:maggot":14,"minecraft:oak_sapling":2,"minecraft:light_gray_carpet":3,"minecraft:diamond_pickaxe":3,"minecraft:charcoal":2,"minecraft:crafting_table":13,"minecraft:allium":1,"minecraft:azure_bluet":87,"minecraft:ladder":9,"minecraft:golden_pickaxe":1,"minecraft:leather_leggings":2,"minecraft:diamond_horse_armor":1,"minecraft:chain":10,"minecraft:shield":21,"alexsmobs:cooked_catfish":3,"minecraft:oak_trapdoor":5,"minecraft:red_bed":8,"minecraft:iron_axe":21,"minecraft:white_carpet":9,"minecraft:iron_shovel":6,"artifacts:fire_gauntlet":1,"minecraft:beef":11,"minecraft:poppy":72,"minecraft:spruce_slab":11,"minecraft:lectern":15,"minecraft:sugar_cane":22,"minecraft:chest":44,"minecraft:spruce_trapdoor":73,"minecraft:diamond_hoe":5,"minecraft:raw_iron":121,"minecraft:bowl":1,"minecraft:spruce_fence":1,"sophisticatedbackpacks:backpack":2,"farmersdelight:tomato_seeds":8,"minecraft:cookie":126,"minecraft:carrot":2,"minecraft:redstone":1,"minecraft:tnt":1,"minecraft:arrow":17,"minecraft:stone_shovel":11,"minecraft:diamond_chestplate":1,"minecraft:diamond_boots":5,"minecraft:saddle":1,"minecraft:mutton":6,"minecraft:skeleton_skull":1,"minecraft:white_wool":24,"minecraft:golden_carrot":21,"minecraft:glow_ink_sac":3,"minecraft:leather":10,"minecraft:oak_log":912,"minecraft:yellow_bed":11,"minecraft:gunpowder":6,"minecraft:blue_bed":5,"minecraft:apple":16,"biomesoplenty:glowworm_silk":12,"minecraft:iron_ingot":191,"minecraft:gray_bed":1,"minecraft:iron_sword":4,"minecraft:book":6,"minecraft:oak_slab":52,"minecraft:pumpkin":390,"minecraft:sweet_berries":19,"minecraft:gravel":113,"minecraft:lava_bucket":2,"minecraft:spruce_sapling":12,"minecraft:red_banner":1,"minecraft:blast_furnace":6,"minecraft:white_bed":1,"minecraft:spruce_log":206,"artifacts:scarf_of_invisibility":1,"biomesoplenty:glowing_moss_block":1,"minecraft:spider_eye":16,"minecraft:pumpkin_seeds":23,"biomesoplenty:maple_sapling":164,"minecraft:purple_bed":16,"minecraft:stone_axe":10,"minecraft:chainmail_leggings":16,"minecraft:iron_helmet":1,"minecraft:diamond_axe":10,"minecraft:coal":136,"minecraft:hopper":12,"minecraft:ender_pearl":2},"minecraft:used":{"minecraft:iron_shovel":2076,"farmersdelight:cabbage_seeds":134,"minecraft:ladder":17,"minecraft:poppy":5,"minecraft:diamond_hoe":1057,"minecraft:chest":52,"minecraft:shield":26,"minecraft:iron_sword":970,"minecraft:tuff":3,"minecraft:glass":20,"minecraft:lava_bucket":150,"minecraft:lantern":11,"biomesoplenty:fir_sapling":2,"minecraft:furnace":6,"farmersdelight:safety_net":2,"minecraft:potato":2,"minecraft:diamond_boots":1,"minecraft:oak_planks":143,"minecraft:stone_pickaxe":1781,"minecraft:wooden_pickaxe":18,"minecraft:composter":4,"minecraft:chainmail_helmet":1,"minecraft:blue_bed":5,"minecraft:diamond_axe":1292,"minecraft:cookie":324,"minecraft:white_wool":2,"minecraft:blast_furnace":4,"minecraft:crossbow":44,"farmersdelight:rice":7,"minecraft:pumpkin_seeds":74,"sophisticatedbackpacks:backpack":2,"minecraft:bread":73,"minecraft:string":5,"minecraft:lectern":16,"minecraft:gravel":16,"minecraft:grindstone":8,"minecraft:smithing_table":7,"minecraft:bone_meal":30,"minecraft:oak_fence":2,"minecraft:oak_trapdoor":10,"minecraft:stone_sword":32,"minecraft:stone_shovel":6341,"minecraft:spruce_planks":96,"minecraft:stone_hoe":125,"minecraft:torch":531,"minecraft:dirt":6859,"minecraft:anvil":1,"minecraft:hopper":16,"minecraft:spruce_stairs":1,"minecraft:diamond_helmet":2,"minecraft:granite":1,"minecraft:bookshelf":2,"minecraft:iron_axe":986,"minecraft:diamond_chestplate":1,"minecraft:golden_carrot":63,"alexsmobs:lobster_bucket":4,"minecraft:cooked_beef":1,"farmersdelight:tomato_seeds":36,"minecraft:cobbled_deepslate":174,"minecraft:pumpkin":82,"minecraft:iron_leggings":2,"minecraft:wheat_seeds":109,"minecraft:cooked_mutton":2,"minecraft:water_bucket":249,"minecraft:spruce_sign":71,"minecraft:fletching_table":16,"minecraft:spruce_fence_gate":1,"minecraft:cobblestone_slab":514,"minecraft:oak_slab":244,"minecraft:crafting_table":20,"minecraft:red_bed":9,"minecraft:white_bed":6,"minecraft:spruce_log":3,"minecraft:cake":1,"minecraft:oak_log":17,"minecraft:diamond_pickaxe":5012,"minecraft:apple":2,"minecraft:diamond_shovel":1980,"minecraft:suspicious_stew":5,"minecraft:spruce_trapdoor":71,"minecraft:spruce_sapling":8,"minecraft:stone_axe":157,"minecraft:cobblestone":2830,"minecraft:purple_bed":16,"minecraft:cooked_porkchop":9,"minecraft:bucket":406,"minecraft:pumpkin_pie":2,"minecraft:yellow_bed":11,"alexsmobs:animal_dictionary":5,"minecraft:diamond_leggings":1,"minecraft:chainmail_leggings":1},"minecraft:broken":{"minecraft:iron_shovel":8,"minecraft:stone_pickaxe":13,"minecraft:diamond_shovel":1,"minecraft:diamond_pickaxe":1,"minecraft:stone_axe":1,"minecraft:iron_sword":2,"minecraft:stone_shovel":46,"minecraft:iron_axe":3},"minecraft:custom":{"minecraft:animals_bred":19,"minecraft:interact_with_crafting_table":116,"minecraft:open_barrel":16,"minecraft:eat_cake_slice":5,"minecraft:leave_game":14,"minecraft:time_since_death":1175508,"minecraft:sprint_one_cm":2300035,"minecraft:damage_blocked_by_shield":1020,"minecraft:drop":806,"minecraft:talked_to_villager":543,"minecraft:play_time":1224671,"minecraft:deaths":1,"minecraft:jump":16333,"minecraft:walk_on_water_one_cm":210582,"minecraft:interact_with_furnace":31,"minecraft:traded_with_villager":1062,"minecraft:sleep_in_bed":75,"minecraft:damage_dealt":73974,"minecraft:crouch_one_cm":305661,"minecraft:interact_with_smoker":1,"minecraft:interact_with_smithing_table":1,"minecraft:horse_one_cm":166887,"minecraft:interact_with_anvil":21,"minecraft:mob_kills":261,"minecraft:inspect_hopper":1,"minecraft:damage_dealt_resisted":71,"minecraft:climb_one_cm":32069,"minecraft:walk_one_cm":3327531,"minecraft:damage_dealt_absorbed":170,"minecraft:sneak_time":102257,"minecraft:walk_under_water_one_cm":222503,"minecraft:interact_with_blast_furnace":74,"minecraft:total_world_time":1224671,"minecraft:interact_with_grindstone":14,"minecraft:time_since_rest":9191,"minecraft:damage_taken":5382,"minecraft:trigger_trapped_chest":2,"minecraft:swim_one_cm":319184,"minecraft:fly_one_cm":2848805,"minecraft:open_chest":629,"minecraft:fall_one_cm":239482},"minecraft:crafted":{"minecraft:black_dye":3,"minecraft:oak_planks":3576,"minecraft:chainmail_helmet":9,"minecraft:cobblestone_slab":156,"sophisticatedbackpacks:anvil_upgrade":1,"sophisticatedbackpacks:crafting_upgrade":1,"minecraft:diamond_shovel":9,"farmersdelight:rope":4,"minecraft:bookshelf":13,"minecraft:cooked_mutton":6,"minecraft:suspicious_stew":5,"farmersdelight:safety_net":1,"minecraft:cake":1,"sophisticatedbackpacks:smelting_upgrade":1,"minecraft:glass":20,"minecraft:hopper":4,"minecraft:bow":22,"minecraft:diamond_helmet":7,"minecraft:diamond_leggings":6,"minecraft:chest":23,"minecraft:copper_block":15,"minecraft:stone_hoe":11,"minecraft:oak_fence":3,"farmersdelight:tomato_seeds":26,"minecraft:oak_slab":216,"minecraft:emerald":670,"minecraft:arrow":214,"sophisticatedbackpacks:backpack":1,"minecraft:cooked_porkchop":15,"minecraft:diamond_axe":22,"minecraft:crafting_table":10,"minecraft:spruce_planks":684,"minecraft:wooden_pickaxe":1,"minecraft:iron_helmet":1,"minecraft:smithing_table":2,"minecraft:copper_ingot":135,"minecraft:fletching_table":2,"minecraft:gold_block":7,"minecraft:pumpkin_seeds":56,"sophisticatedbackpacks:upgrade_base":5,"biomesoplenty:fir_planks":384,"minecraft:spruce_trapdoor":4,"minecraft:lectern":1,"minecraft:iron_chestplate":9,"minecraft:book":3,"minecraft:diamond_pickaxe":8,"minecraft:shield":17,"sophisticatedbackpacks:diamond_backpack":9,"minecraft:stick":7713,"minecraft:iron_ingot":173,"sophisticatedbackpacks:auto_smelting_upgrade":1,"minecraft:iron_block":13,"minecraft:stone_sword":1,"minecraft:gold_ingot":124,"minecraft:composter":2,"minecraft:spruce_fence_gate":1,"minecraft:shears":2,"minecraft:golden_carrot":73,"minecraft:cookie":205,"minecraft:stone_shovel":48,"minecraft:diamond_hoe":7,"sophisticatedbackpacks:stack_upgrade_tier_1":1,"minecraft:furnace":3,"sophisticatedbackpacks:stack_upgrade_starter_tier":1,"minecraft:bone_meal":9,"minecraft:oak_trapdoor":6,"minecraft:lantern":11,"minecraft:iron_axe":14,"minecraft:ladder":9,"minecraft:spruce_slab":18,"minecraft:stone_pickaxe":14,"minecraft:diamond_boots":8,"minecraft:chainmail_leggings":16,"sophisticatedbackpacks:iron_backpack":1,"minecraft:red_dye":11,"minecraft:crossbow":13,"minecraft:iron_sword":8,"minecraft:red_bed":1,"sophisticatedbackpacks:gold_backpack":1,"minecraft:bucket":1,"minecraft:stone_axe":12,"minecraft:enchanted_book":5,"minecraft:bread":288,"minecraft:air":0,"minecraft:iron_shovel":13,"minecraft:iron_leggings":10,"minecraft:anvil":2,"minecraft:white_bed":5,"minecraft:torch":412,"minecraft:diamond_chestplate":8}},"DataVersion":3465}