{"stats":{"minecraft:mined":{"minecraft:spruce_planks":34,"minecraft:farmland":24,"minecraft:cobblestone_stairs":2,"minecraft:spruce_trapdoor":47,"minecraft:grass_block":1024,"biomesoplenty:flowering_oak_leaves":1,"minecraft:light_gray_bed":12,"farmersdelight:budding_tomatoes":4,"minecraft:composter":2,"farmersdelight:rice":1,"minecraft:iron_ore":5,"minecraft:cobbled_deepslate":14,"minecraft:fire":1,"minecraft:pumpkin":5,"minecraft:azure_bluet":2,"minecraft:red_tulip":1,"supplementaries:stick":2,"minecraft:dirt_path":124,"minecraft:pink_tulip":1,"minecraft:torch":19,"minecraft:poppy":2,"supplementaries:wild_flax":3,"minecraft:cobblestone":124,"minecraft:grindstone":1,"minecraft:sugar_cane":5,"minecraft:oak_planks":20,"bunker_down:underroot":3,"minecraft:wall_torch":17,"minecraft:mud":1,"minecraft:wheat":13,"biomesoplenty:maple_leaves":1,"minecraft:orange_tulip":1,"biomesoplenty:fir_log":11,"minecraft:grass":110,"minecraft:oak_log":34,"minecraft:dirt":1022,"minecraft:piston":6,"minecraft:oak_leaves":52,"minecraft:deepslate":60,"minecraft:mossy_cobblestone":6,"biomesoplenty:bush":1,"minecraft:spruce_fence":8,"minecraft:redstone_wire":1,"minecraft:spruce_leaves":3,"minecraft:large_fern":2,"minecraft:furnace":3,"biomesoplenty:toadstool":25,"minecraft:andesite":3,"bunker_down:steel_vent":1,"minecraft:potatoes":2,"minecraft:deepslate_iron_ore":13,"minecraft:cobblestone_slab":20,"crittersandcompanions:silk_cocoon":1,"bunker_down:steel_block":5,"minecraft:stone":420,"minecraft:glass_pane":1,"minecraft:lily_of_the_valley":15,"minecraft:spruce_door":1,"minecraft:dandelion":3,"minecraft:oak_fence":4,"minecraft:crafting_table":12,"biomesoplenty:fir_planks":9,"minecraft:rose_bush":10,"minecraft:tall_grass":2,"minecraft:copper_ore":3,"biomesoplenty:sprout":110,"minecraft:lapis_ore":4,"minecraft:diorite":5,"supplementaries:urn":4,"minecraft:cobblestone_wall":48,"minecraft:sweet_berry_bush":29,"minecraft:spruce_log":102,"biomesoplenty:fir_leaves":56,"minecraft:gravel":50,"minecraft:cobweb":4,"minecraft:spruce_fence_gate":1,"minecraft:fern":5},"minecraft:killed_by":{"minecraft:drowned":1,"minecraft:iron_golem":1,"naturalist:bear":1},"minecraft:dropped":{"minecraft:iron_sword":2,"minecraft:orange_tulip":1,"farmersdelight:cooked_bacon":17,"biomesoplenty:fir_sapling":3,"minecraft:dirt":51,"marbledsarsenal:baseball_bat":1,"taccraft:flak_vest_helmet":1,"minecraft:stone_axe":4,"minecraft:iron_nugget":3,"minecraft:cobbled_deepslate":11,"minecraft:wheat":1,"minecraft:rotten_flesh":45,"minecraft:oak_planks":10,"minecraft:azure_bluet":3,"minecraft:poppy":3,"bunker_down:underroot_stage_1":6,"cold_sweat:fur_pants":2,"minecraft:water_bucket":1,"minecraft:iron_ingot":4,"minecraft:wheat_seeds":43,"minecraft:mossy_cobblestone":4,"minecraft:feather":4,"minecraft:cobblestone":23,"minecraft:granite":2,"minecraft:copper_ingot":1,"minecraft:stick":3,"minecraft:spruce_fence_gate":3,"minecraft:diorite":139,"minecraft:torch":7,"minecraft:rose_bush":14,"minecraft:potion":2,"minecraft:iron_axe":1,"bunker_down:brittle_pickaxe":1,"minecraft:dandelion":3,"minecraft:sweet_berries":3,"minecraft:cobblestone_wall":3,"minecraft:raw_copper":5,"minecraft:stone_shovel":7,"minecraft:chicken":1,"sophisticatedbackpacks:backpack":1,"minecraft:lily_of_the_valley":5,"minecraft:cobblestone_slab":11,"cold_sweat:fur_cap":2,"minecraft:potato":4,"farmersdelight:fried_egg":2,"minecraft:spruce_trapdoor":3,"minecraft:spruce_planks":3,"minecraft:andesite":5,"minecraft:light_gray_bed":1,"minecraft:oak_sapling":4,"bunker_down:steel_block":1,"minecraft:redstone_torch":5,"minecraft:spruce_log":1,"minecraft:stone_pickaxe":9,"farmersdelight:diamond_knife":1},"minecraft:broken":{"minecraft:iron_shovel":1,"minecraft:stone_pickaxe":1,"minecraft:iron_sword":1,"minecraft:stone_shovel":15,"minecraft:iron_pickaxe":2},"minecraft:killed":{"rottencreatures:burned":1,"naturalist:robin":2,"minecraft:zombie_horse":1,"naturalist:snail":1,"minecraft:skeleton":2,"minecraft:chicken":1,"minecraft:pig":7,"minecraft:zombie_villager":3,"minecraft:sheep":2,"minecraft:zombie":67,"minecraft:donkey":1,"hordes:zombie_player":1,"minecraft:drowned":12,"rottencreatures:undead_miner":2,"minecraft:husk":26,"naturalist:bear":2},"minecraft:custom":{"minecraft:interact_with_crafting_table":68,"minecraft:bell_ring":4,"minecraft:leave_game":20,"minecraft:time_since_death":4696,"minecraft:sprint_one_cm":1010295,"minecraft:drop":171,"minecraft:talked_to_villager":34,"minecraft:play_time":523247,"minecraft:deaths":6,"minecraft:jump":8053,"minecraft:walk_on_water_one_cm":24665,"minecraft:interact_with_furnace":34,"minecraft:traded_with_villager":10,"minecraft:interact_with_cartography_table":1,"minecraft:sleep_in_bed":17,"minecraft:damage_dealt":32418,"minecraft:crouch_one_cm":147398,"minecraft:mob_kills":146,"minecraft:interact_with_campfire":125,"minecraft:damage_dealt_resisted":600,"minecraft:climb_one_cm":37427,"minecraft:walk_one_cm":1120908,"minecraft:damage_dealt_absorbed":8,"minecraft:sneak_time":63482,"minecraft:walk_under_water_one_cm":7201,"minecraft:boat_one_cm":345819,"minecraft:interact_with_blast_furnace":2,"minecraft:total_world_time":523247,"minecraft:interact_with_grindstone":2,"minecraft:time_since_rest":4735,"minecraft:damage_taken":4806,"minecraft:swim_one_cm":15306,"minecraft:fly_one_cm":1342861,"minecraft:open_chest":115,"minecraft:fall_one_cm":174982},"minecraft:crafted":{"minecraft:oak_planks":140,"minecraft:cobblestone_slab":30,"minecraft:stone":8,"securitycraft:keypad_item":1,"minecraft:heavy_weighted_pressure_plate":1,"minecraft:bow":1,"minecraft:chest":1,"minecraft:stone_hoe":1,"minecraft:oak_fence":3,"farmersdelight:tomato_seeds":4,"sophisticatedbackpacks:backpack":1,"minecraft:emerald":6,"minecraft:crafting_table":6,"minecraft:spruce_planks":424,"minecraft:fletching_table":1,"biomesoplenty:fir_planks":56,"minecraft:iron_chestplate":1,"minecraft:stick":300,"minecraft:iron_ingot":15,"minecraft:iron_pickaxe":1,"minecraft:spruce_fence_gate":1,"minecraft:stone_shovel":22,"minecraft:iron_nugget":9,"minecraft:spruce_button":1,"minecraft:furnace":2,"minecraft:stone_button":8,"minecraft:bone_meal":9,"minecraft:spruce_fence":3,"minecraft:iron_axe":1,"minecraft:stone_pickaxe":10,"minecraft:spruce_boat":2,"minecraft:diamond_sword":1,"minecraft:iron_sword":1,"minecraft:stone_axe":5,"minecraft:bread":3,"minecraft:air":0,"minecraft:potion":4,"farmersdelight:diamond_knife":3,"minecraft:torch":8},"minecraft:picked_up":{"minecraft:wheat":12,"cold_sweat:fur_cap":2,"minecraft:lead":4,"minecraft:potion":101,"minecraft:string":4,"minecraft:raw_copper":5,"flashlight:flashlight":2,"minecraft:bucket":1,"minecraft:cobbled_deepslate":71,"biomesoplenty:fir_planks":3,"minecraft:spruce_planks":28,"minecraft:redstone_torch":5,"minecraft:rose_bush":14,"minecraft:cobblestone_slab":24,"minecraft:iron_pickaxe":1,"minecraft:furnace":4,"minecraft:stick":7,"minecraft:composter":2,"minecraft:oak_fence":3,"minecraft:torch":48,"minecraft:porkchop":36,"minecraft:diorite":75,"farmersdelight:fried_egg":4,"minecraft:rotten_flesh":106,"minecraft:light_gray_bed":11,"minecraft:red_tulip":1,"minecraft:cobblestone":524,"cold_sweat:fur_pants":2,"taccraft:flak_vest_helmet":1,"minecraft:feather":5,"minecraft:cooked_beef":2,"farmersdelight:rice":2,"minecraft:water_bucket":1,"minecraft:andesite":6,"taccraft:nylon_stripe":1,"minecraft:potato":9,"bunker_down:steel_vent":1,"biomesoplenty:fir_sapling":3,"biomesoplenty:fir_log":11,"minecraft:flint":4,"supplementaries:flax_seeds":5,"farmersdelight:cooked_bacon":38,"minecraft:lapis_lazuli":28,"farmersdelight:tomato":4,"minecraft:dirt":1930,"minecraft:bone":12,"minecraft:orange_tulip":2,"minecraft:wheat_seeds":81,"minecraft:grindstone":1,"minecraft:oak_planks":59,"biomesoplenty:toadstool":22,"minecraft:cooked_porkchop":16,"minecraft:lily_of_the_valley":13,"minecraft:mossy_cobblestone":8,"minecraft:spruce_fence_gate":3,"minecraft:diamond":2,"minecraft:spruce_boat":2,"minecraft:granite":2,"minecraft:bone_meal":2,"minecraft:emerald":5,"flashlight:smallredstonebattery":2,"minecraft:oak_sapling":4,"minecraft:diamond_pickaxe":1,"minecraft:mud":1,"minecraft:crafting_table":14,"minecraft:azure_bluet":4,"minecraft:chicken":2,"marbledsapi:steel_sheet":1,"marbledsarsenal:baseball_bat":1,"minecraft:iron_shovel":1,"minecraft:beef":2,"minecraft:iron_nugget":6,"minecraft:poppy":5,"minecraft:sugar_cane":12,"crittersandcompanions:clam":5,"minecraft:piston":11,"minecraft:spruce_trapdoor":49,"minecraft:egg":7,"minecraft:raw_iron":19,"minecraft:copper_ingot":1,"sophisticatedbackpacks:backpack":1,"minecraft:spruce_fence":8,"farmersdelight:tomato_seeds":10,"minecraft:redstone":22,"minecraft:arrow":4,"minecraft:stone_shovel":1,"crittersandcompanions:silk":15,"minecraft:pink_tulip":1,"minecraft:mutton":6,"minecraft:white_wool":4,"minecraft:leather":7,"minecraft:oak_log":35,"minecraft:cobblestone_wall":54,"minecraft:cobblestone_stairs":2,"bunker_down:steel_block":6,"minecraft:apple":1,"farmersdelight:apple_cider":2,"minecraft:rabbit_hide":3,"minecraft:iron_ingot":8,"minecraft:stone_pickaxe":2,"minecraft:cobweb":3,"minecraft:glass_bottle":5,"minecraft:iron_sword":1,"minecraft:pumpkin":5,"minecraft:sweet_berries":122,"bunker_down:underroot_stage_1":12,"minecraft:dandelion":3,"minecraft:gravel":42,"minecraft:spruce_log":113,"minecraft:spruce_door":1,"minecraft:pumpkin_seeds":4,"minecraft:stone_axe":2,"minecraft:baked_potato":8,"minecraft:coal":15,"minecraft:sunflower":1},"minecraft:used":{"minecraft:iron_shovel":146,"minecraft:chest":2,"minecraft:iron_sword":250,"marbledsarsenal:barbed_baseball_bat":163,"minecraft:farmland":4,"minecraft:rotten_flesh":52,"minecraft:iron_chestplate":1,"minecraft:skeleton_spawn_egg":3,"minecraft:lily_of_the_valley":8,"securitycraft:keypad_item":1,"minecraft:spruce_boat":2,"minecraft:lava_bucket":3,"taccraft:flak_vest_helmet":1,"minecraft:sweet_berries":94,"minecraft:furnace":5,"minecraft:potato":14,"bunker_down:steel_vent":3,"minecraft:spruce_door":1,"minecraft:stone_pickaxe":468,"minecraft:oak_planks":59,"minecraft:orange_tulip":1,"biomesoplenty:fir_planks":35,"minecraft:composter":2,"farmersdelight:rice":1,"minecraft:creeper_spawn_egg":2,"cold_sweat:fur_pants":1,"bunker_down:steel_block":3,"minecraft:light_gray_concrete":2,"minecraft:bread":11,"minecraft:gravel":25,"minecraft:andesite":1,"minecraft:air":2,"minecraft:bone_meal":10,"minecraft:oak_fence":6,"marbledsarsenal:baseball_bat":293,"minecraft:netherite_sword":6,"minecraft:armor_stand":2,"minecraft:stone_shovel":2040,"securitycraft:keypad_chest":1,"minecraft:silverfish_spawn_egg":1,"minecraft:spruce_planks":77,"minecraft:wither_skeleton_spawn_egg":1,"minecraft:stone_hoe":16,"minecraft:stick":2,"minecraft:torch":42,"minecraft:dirt":277,"bunker_down:brittle_pickaxe":2,"minecraft:cobblestone_wall":43,"minecraft:spruce_fence":8,"minecraft:red_tulip":1,"minecraft:iron_axe":189,"minecraft:spruce_button":1,"minecraft:cooked_beef":2,"farmersdelight:tomato_seeds":10,"minecraft:cobbled_deepslate":51,"minecraft:light_gray_bed":7,"farmersdelight:fried_egg":2,"minecraft:wheat_seeds":10,"minecraft:cooked_mutton":2,"minecraft:water_bucket":27,"minecraft:pink_tulip":1,"minecraft:lead":1,"minecraft:glass_bottle":41,"minecraft:baked_potato":8,"minecraft:fletching_table":1,"minecraft:cobblestone_slab":40,"minecraft:spruce_fence_gate":1,"minecraft:crafting_table":17,"minecraft:spruce_log":19,"minecraft:mud":1,"minecraft:piston":11,"farmersdelight:apple_cider":3,"minecraft:apple":1,"bunker_down:underroot_stage_1":2,"minecraft:iron_pickaxe":292,"minecraft:spruce_trapdoor":3,"minecraft:stone_axe":252,"farmersdelight:cooked_bacon":42,"minecraft:cobblestone":303,"minecraft:potion":48,"minecraft:cooked_porkchop":16,"minecraft:bucket":31}},"DataVersion":3120}