{"stats":{"minecraft:killed_by":{"minecraft:drowned":1},"minecraft:crafted":{"minecraft:oak_planks":92,"minecraft:cobblestone_slab":12,"minecraft:iron_nugget":9,"minecraft:furnace":1,"minecraft:stone_button":8,"minecraft:stone":8,"securitycraft:keypad_item":1,"minecraft:heavy_weighted_pressure_plate":1,"minecraft:bow":1,"minecraft:stone_pickaxe":2,"minecraft:chest":1,"minecraft:oak_fence":3,"sophisticatedbackpacks:backpack":1,"minecraft:emerald":6,"minecraft:crafting_table":2,"minecraft:spruce_planks":204,"minecraft:fletching_table":1,"minecraft:stone_axe":2,"minecraft:air":0,"biomesoplenty:fir_planks":12,"minecraft:potion":4,"minecraft:stick":220,"minecraft:iron_ingot":1},"minecraft:picked_up":{"minecraft:crafting_table":6,"minecraft:chicken":2,"cold_sweat:fur_cap":2,"minecraft:lead":1,"minecraft:potion":22,"marbledsapi:steel_sheet":1,"marbledsarsenal:baseball_bat":1,"minecraft:string":4,"flashlight:flashlight":2,"minecraft:iron_shovel":1,"minecraft:redstone_torch":5,"minecraft:cobblestone_slab":2,"minecraft:iron_nugget":6,"minecraft:sugar_cane":12,"minecraft:piston":11,"crittersandcompanions:clam":4,"minecraft:egg":6,"minecraft:furnace":4,"minecraft:stick":2,"minecraft:copper_ingot":1,"minecraft:oak_fence":1,"minecraft:torch":18,"minecraft:porkchop":36,"farmersdelight:tomato_seeds":8,"minecraft:redstone":22,"minecraft:light_gray_bed":3,"minecraft:arrow":4,"minecraft:rotten_flesh":22,"crittersandcompanions:silk":10,"minecraft:mutton":6,"minecraft:white_wool":4,"minecraft:cobblestone":114,"taccraft:flak_vest_helmet":1,"minecraft:feather":5,"cold_sweat:fur_pants":2,"farmersdelight:rice":2,"minecraft:leather":5,"taccraft:nylon_stripe":1,"bunker_down:steel_vent":1,"minecraft:flint":4,"minecraft:oak_log":23,"farmersdelight:cooked_bacon":36,"minecraft:dirt":2,"bunker_down:steel_block":6,"minecraft:bone":5,"minecraft:apple":1,"minecraft:wheat_seeds":2,"farmersdelight:apple_cider":2,"minecraft:stone_pickaxe":2,"minecraft:iron_ingot":5,"minecraft:cobweb":3,"minecraft:glass_bottle":5,"minecraft:oak_planks":44,"minecraft:cooked_porkchop":7,"bunker_down:underroot_stage_1":12,"minecraft:gravel":35,"minecraft:spruce_log":51,"minecraft:stone_axe":1,"flashlight:smallredstonebattery":2,"minecraft:coal":14},"minecraft:used":{"marbledsarsenal:baseball_bat":293,"minecraft:oak_fence":4,"minecraft:netherite_sword":6,"minecraft:iron_shovel":28,"securitycraft:keypad_chest":1,"minecraft:silverfish_spawn_egg":1,"minecraft:wither_skeleton_spawn_egg":1,"marbledsarsenal:barbed_baseball_bat":5,"minecraft:farmland":4,"minecraft:rotten_flesh":5,"minecraft:stick":2,"minecraft:torch":11,"minecraft:dirt":1,"minecraft:skeleton_spawn_egg":3,"securitycraft:keypad_item":1,"bunker_down:brittle_pickaxe":2,"taccraft:flak_vest_helmet":1,"minecraft:furnace":4,"farmersdelight:tomato_seeds":4,"minecraft:cooked_mutton":1,"bunker_down:steel_vent":3,"minecraft:glass_bottle":21,"minecraft:stone_pickaxe":99,"minecraft:oak_planks":14,"minecraft:fletching_table":1,"minecraft:cobblestone_slab":8,"minecraft:crafting_table":6,"farmersdelight:rice":1,"minecraft:creeper_spawn_egg":2,"minecraft:piston":11,"bunker_down:steel_block":3,"farmersdelight:apple_cider":3,"minecraft:apple":1,"bunker_down:underroot_stage_1":2,"minecraft:light_gray_concrete":2,"minecraft:gravel":25,"minecraft:stone_axe":96,"farmersdelight:cooked_bacon":40,"minecraft:cobblestone":62,"minecraft:potion":26,"minecraft:air":1},"minecraft:broken":{"minecraft:stone_pickaxe":1},"minecraft:killed":{"hordes:zombie_player":1,"naturalist:robin":2,"naturalist:snail":1,"minecraft:skeleton":2,"minecraft:chicken":1,"minecraft:drowned":7,"minecraft:pig":7,"minecraft:sheep":2,"minecraft:zombie":28,"minecraft:donkey":1},"minecraft:custom":{"minecraft:mob_kills":58,"minecraft:interact_with_crafting_table":23,"minecraft:interact_with_campfire":24,"minecraft:leave_game":14,"minecraft:time_since_death":49570,"minecraft:climb_one_cm":34688,"minecraft:sprint_one_cm":250202,"minecraft:walk_one_cm":303603,"minecraft:drop":33,"minecraft:talked_to_villager":25,"minecraft:play_time":166174,"minecraft:deaths":3,"minecraft:sneak_time":15006,"minecraft:walk_under_water_one_cm":1717,"minecraft:jump":2341,"minecraft:walk_on_water_one_cm":13163,"minecraft:total_world_time":166174,"minecraft:interact_with_furnace":18,"minecraft:traded_with_villager":7,"minecraft:interact_with_grindstone":1,"minecraft:sleep_in_bed":1,"minecraft:time_since_rest":29698,"minecraft:damage_taken":1581,"minecraft:damage_dealt":12407,"minecraft:swim_one_cm":6520,"minecraft:fly_one_cm":402769,"minecraft:open_chest":30,"minecraft:crouch_one_cm":30987,"minecraft:fall_one_cm":43100},"minecraft:mined":{"biomesoplenty:bush":1,"biomesoplenty:flowering_oak_leaves":1,"minecraft:light_gray_bed":3,"minecraft:redstone_wire":1,"farmersdelight:budding_tomatoes":4,"minecraft:furnace":3,"farmersdelight:rice":1,"bunker_down:steel_vent":1,"supplementaries:stick":2,"minecraft:cobblestone_slab":3,"crittersandcompanions:silk_cocoon":1,"bunker_down:steel_block":5,"minecraft:stone":48,"minecraft:oak_fence":2,"minecraft:crafting_table":3,"minecraft:torch":10,"minecraft:tall_grass":2,"minecraft:cobblestone":34,"biomesoplenty:sprout":3,"minecraft:sugar_cane":5,"minecraft:oak_planks":9,"bunker_down:underroot":3,"minecraft:wall_torch":4,"minecraft:wheat":2,"minecraft:spruce_log":26,"minecraft:grass":22,"minecraft:oak_log":20,"minecraft:gravel":43,"minecraft:dirt":3,"minecraft:cobweb":4,"minecraft:piston":6,"minecraft:oak_leaves":7},"minecraft:dropped":{"minecraft:wheat_seeds":2,"minecraft:feather":4,"farmersdelight:cooked_bacon":17,"minecraft:cobblestone":1,"minecraft:copper_ingot":1,"minecraft:torch":2,"minecraft:potion":1,"bunker_down:brittle_pickaxe":1,"taccraft:flak_vest_helmet":1,"minecraft:iron_nugget":3,"minecraft:chicken":1,"minecraft:rotten_flesh":8,"minecraft:oak_planks":2,"cold_sweat:fur_cap":2,"minecraft:light_gray_bed":1,"bunker_down:steel_block":1,"minecraft:redstone_torch":5,"bunker_down:underroot_stage_1":6,"minecraft:stone_pickaxe":1,"cold_sweat:fur_pants":2}},"DataVersion":3120}