{"stats":{"minecraft:custom":{"minecraft:animals_bred":14,"minecraft:interact_with_crafting_table":89,"minecraft:open_barrel":16,"minecraft:eat_cake_slice":5,"minecraft:leave_game":11,"minecraft:time_since_death":889973,"minecraft:sprint_one_cm":1860174,"minecraft:damage_blocked_by_shield":1020,"minecraft:drop":734,"minecraft:talked_to_villager":460,"minecraft:play_time":939136,"minecraft:deaths":1,"minecraft:jump":12856,"minecraft:walk_on_water_one_cm":71553,"minecraft:interact_with_furnace":30,"minecraft:traded_with_villager":963,"minecraft:sleep_in_bed":57,"minecraft:damage_dealt":58670,"minecraft:crouch_one_cm":179962,"minecraft:interact_with_smoker":1,"minecraft:horse_one_cm":166887,"minecraft:interact_with_smithing_table":1,"minecraft:interact_with_anvil":15,"minecraft:mob_kills":174,"minecraft:damage_dealt_resisted":71,"minecraft:climb_one_cm":27683,"minecraft:walk_one_cm":2649063,"minecraft:damage_dealt_absorbed":170,"minecraft:sneak_time":64894,"minecraft:walk_under_water_one_cm":154543,"minecraft:interact_with_blast_furnace":8,"minecraft:total_world_time":939136,"minecraft:interact_with_grindstone":8,"minecraft:time_since_rest":9423,"minecraft:damage_taken":3218,"minecraft:trigger_trapped_chest":2,"minecraft:swim_one_cm":190322,"minecraft:fly_one_cm":2317834,"minecraft:open_chest":485,"minecraft:fall_one_cm":190776},"minecraft:dropped":{"minecraft:iron_sword":6,"minecraft:diamond_axe":13,"minecraft:oak_log":1,"minecraft:golden_pickaxe":1,"minecraft:glass_bottle":10,"minecraft:crossbow":12,"minecraft:cookie":126,"minecraft:emerald":16,"minecraft:dirt":1038,"minecraft:bone_meal":2,"minecraft:bone":1,"minecraft:gravel":9,"minecraft:stone_axe":21,"minecraft:cobbled_deepslate":856,"minecraft:rotten_flesh":65,"minecraft:grindstone":1,"minecraft:oak_planks":6,"minecraft:diamond_shovel":3,"minecraft:light_gray_carpet":3,"minecraft:golden_shovel":2,"minecraft:azure_bluet":87,"biomesoplenty:glowing_moss_block":1,"minecraft:poppy":38,"minecraft:charcoal":2,"minecraft:ladder":1,"minecraft:leather_leggings":1,"minecraft:spruce_slab":10,"minecraft:arrow":107,"farmersdelight:tomato_seeds":1,"minecraft:stone_hoe":21,"minecraft:bread":338,"minecraft:oak_slab":13,"minecraft:wheat_seeds":109,"minecraft:mossy_cobblestone":3,"minecraft:diamond_leggings":5,"minecraft:cobbled_deepslate_wall":1,"biomesoplenty:maple_sapling":164,"minecraft:oak_fence":1,"minecraft:iron_helmet":2,"minecraft:cobblestone":506,"minecraft:granite":55,"minecraft:copper_ingot":10,"minecraft:spruce_stairs":7,"minecraft:chainmail_helmet":17,"minecraft:grass_block":1,"minecraft:lava_bucket":2,"minecraft:diorite":84,"minecraft:golden_carrot":26,"minecraft:torch":5,"minecraft:gray_bed":1,"minecraft:iron_leggings":22,"minecraft:iron_axe":19,"minecraft:chainmail_leggings":33,"minecraft:iron_shovel":12,"minecraft:furnace":1,"minecraft:sweet_berries":19,"alexsmobs:maggot":12,"minecraft:oak_trapdoor":1,"minecraft:stone_sword":1,"minecraft:raw_copper":2,"minecraft:bowl":6,"minecraft:diamond_hoe":4,"farmersdelight:cabbage_seeds":4,"minecraft:stone_shovel":13,"minecraft:white_carpet":9,"minecraft:spruce_fence":1,"minecraft:pumpkin_seeds":11,"minecraft:suspicious_stew":5,"minecraft:cobblestone_slab":4,"minecraft:shield":28,"minecraft:allium":1,"minecraft:diamond_chestplate":2,"minecraft:spruce_trapdoor":6,"minecraft:iron_chestplate":26,"minecraft:diamond_pickaxe":3,"minecraft:andesite":63,"minecraft:oak_sapling":2,"minecraft:barrel":5,"minecraft:redstone_torch":1,"minecraft:spider_eye":6,"minecraft:spruce_log":6,"minecraft:diamond_boots":5,"minecraft:bow":30,"minecraft:stone_pickaxe":1,"minecraft:wooden_pickaxe":1,"farmersdelight:tomato":1},"minecraft:used":{"minecraft:iron_shovel":2076,"minecraft:diamond_hoe":1057,"minecraft:poppy":5,"minecraft:ladder":17,"farmersdelight:cabbage_seeds":134,"minecraft:chest":17,"minecraft:shield":23,"minecraft:iron_sword":735,"minecraft:tuff":3,"minecraft:glass":20,"minecraft:lava_bucket":96,"biomesoplenty:fir_sapling":2,"minecraft:furnace":6,"farmersdelight:safety_net":2,"minecraft:potato":2,"minecraft:diamond_boots":1,"minecraft:stone_pickaxe":1781,"minecraft:oak_planks":143,"minecraft:wooden_pickaxe":18,"minecraft:chainmail_helmet":1,"minecraft:composter":4,"minecraft:blue_bed":4,"minecraft:diamond_axe":985,"minecraft:cookie":324,"minecraft:white_wool":2,"minecraft:blast_furnace":4,"minecraft:crossbow":35,"farmersdelight:rice":7,"minecraft:pumpkin_seeds":74,"sophisticatedbackpacks:backpack":1,"minecraft:bread":72,"minecraft:gravel":16,"minecraft:grindstone":8,"minecraft:smithing_table":7,"minecraft:bone_meal":21,"minecraft:oak_fence":2,"minecraft:oak_trapdoor":10,"minecraft:stone_sword":32,"minecraft:stone_shovel":6341,"minecraft:spruce_planks":24,"minecraft:stone_hoe":125,"minecraft:torch":411,"minecraft:dirt":6403,"minecraft:anvil":1,"minecraft:spruce_stairs":1,"minecraft:diamond_helmet":1,"minecraft:granite":1,"minecraft:iron_axe":986,"minecraft:golden_carrot":31,"alexsmobs:lobster_bucket":4,"farmersdelight:tomato_seeds":36,"minecraft:cobbled_deepslate":156,"minecraft:pumpkin":78,"minecraft:iron_leggings":2,"minecraft:wheat_seeds":107,"minecraft:cooked_mutton":2,"minecraft:water_bucket":23,"minecraft:fletching_table":16,"minecraft:cobblestone_slab":3,"minecraft:spruce_fence_gate":1,"minecraft:oak_slab":195,"minecraft:crafting_table":19,"minecraft:red_bed":9,"minecraft:white_bed":4,"minecraft:spruce_log":3,"minecraft:cake":1,"minecraft:oak_log":17,"minecraft:diamond_pickaxe":3153,"minecraft:apple":2,"minecraft:diamond_shovel":1600,"minecraft:suspicious_stew":5,"minecraft:spruce_trapdoor":6,"minecraft:stone_axe":157,"minecraft:cobblestone":652,"minecraft:purple_bed":16,"minecraft:cooked_porkchop":9,"minecraft:bucket":125,"minecraft:pumpkin_pie":2,"alexsmobs:animal_dictionary":5,"minecraft:diamond_leggings":1,"minecraft:chainmail_leggings":1},"minecraft:broken":{"minecraft:iron_shovel":8,"minecraft:stone_pickaxe":13,"minecraft:diamond_shovel":1,"minecraft:stone_axe":1,"minecraft:iron_sword":1,"minecraft:stone_shovel":46,"minecraft:iron_axe":3},"minecraft:crafted":{"minecraft:oak_planks":3380,"minecraft:chainmail_helmet":9,"minecraft:cobblestone_slab":6,"sophisticatedbackpacks:anvil_upgrade":1,"sophisticatedbackpacks:crafting_upgrade":1,"minecraft:diamond_shovel":9,"farmersdelight:rope":4,"minecraft:cooked_mutton":6,"minecraft:suspicious_stew":5,"farmersdelight:safety_net":1,"minecraft:cake":1,"minecraft:glass":20,"minecraft:bow":22,"minecraft:diamond_helmet":4,"minecraft:diamond_leggings":6,"minecraft:chest":12,"minecraft:stone_hoe":11,"minecraft:oak_fence":3,"farmersdelight:tomato_seeds":26,"minecraft:oak_slab":174,"sophisticatedbackpacks:backpack":1,"minecraft:arrow":214,"minecraft:emerald":606,"minecraft:cooked_porkchop":9,"minecraft:diamond_axe":20,"minecraft:crafting_table":8,"minecraft:spruce_planks":400,"minecraft:wooden_pickaxe":1,"minecraft:iron_helmet":1,"minecraft:smithing_table":2,"minecraft:fletching_table":2,"minecraft:pumpkin_seeds":56,"sophisticatedbackpacks:upgrade_base":3,"biomesoplenty:fir_planks":384,"minecraft:spruce_trapdoor":4,"minecraft:iron_chestplate":9,"minecraft:diamond_pickaxe":6,"minecraft:shield":17,"minecraft:stick":7253,"minecraft:iron_ingot":22,"minecraft:iron_block":6,"minecraft:stone_sword":1,"minecraft:composter":2,"minecraft:spruce_fence_gate":1,"minecraft:shears":2,"minecraft:golden_carrot":73,"minecraft:cookie":205,"minecraft:stone_shovel":48,"minecraft:diamond_hoe":7,"minecraft:furnace":3,"minecraft:bone_meal":9,"minecraft:oak_trapdoor":6,"minecraft:iron_axe":14,"minecraft:ladder":9,"minecraft:spruce_slab":12,"minecraft:stone_pickaxe":14,"minecraft:diamond_boots":8,"minecraft:chainmail_leggings":16,"sophisticatedbackpacks:iron_backpack":1,"minecraft:red_dye":2,"minecraft:crossbow":13,"minecraft:iron_sword":8,"minecraft:red_bed":1,"sophisticatedbackpacks:gold_backpack":1,"minecraft:bucket":1,"minecraft:stone_axe":12,"minecraft:bread":288,"minecraft:air":0,"minecraft:iron_shovel":13,"minecraft:iron_leggings":10,"minecraft:anvil":2,"minecraft:white_bed":4,"minecraft:torch":364,"minecraft:diamond_chestplate":8},"minecraft:mined":{"biomesoplenty:glowshroom":2,"minecraft:spruce_planks":10,"minecraft:white_bed":1,"minecraft:farmland":4,"minecraft:spruce_trapdoor":6,"minecraft:granite":55,"minecraft:grass_block":5174,"minecraft:composter":2,"minecraft:fire":1,"minecraft:cobbled_deepslate":22,"farmersdelight:wild_rice":1,"farmersdelight:rice":2,"minecraft:iron_ore":82,"minecraft:barrel":6,"minecraft:pumpkin":389,"minecraft:anvil":1,"minecraft:deepslate_lapis_ore":6,"minecraft:fletching_table":15,"minecraft:azure_bluet":32,"minecraft:dirt_path":17,"farmersdelight:wild_potatoes":1,"biomesoplenty:glowworm_silk":13,"minecraft:red_bed":8,"minecraft:smoker":4,"minecraft:powder_snow":7,"minecraft:torch":31,"minecraft:blast_furnace":6,"minecraft:poppy":2,"minecraft:chest":11,"farmersdelight:safety_net":2,"farmersdelight:cabbages":90,"minecraft:cobblestone":74,"minecraft:sugar_cane":7,"minecraft:grindstone":9,"minecraft:oak_planks":68,"minecraft:wall_torch":17,"minecraft:skeleton_skull":3,"minecraft:chain":10,"biomesoplenty:glowworm_silk_strand":4,"minecraft:wheat":64,"minecraft:magenta_bed":1,"biomesoplenty:maple_leaves":1634,"minecraft:pumpkin_stem":8,"minecraft:tnt":1,"biomesoplenty:fir_log":100,"minecraft:grass":157,"biomesoplenty:clover":267,"minecraft:oak_log":920,"minecraft:sand":20,"minecraft:dirt":4614,"minecraft:oak_leaves":4,"minecraft:deepslate":1019,"biomesoplenty:glowing_moss_block":1,"minecraft:attached_pumpkin_stem":4,"minecraft:diamond_ore":1,"minecraft:tuff":3,"minecraft:mossy_cobblestone":3,"minecraft:deepslate_diamond_ore":16,"minecraft:candle":1,"biomesoplenty:desert_grass":1,"minecraft:spruce_fence":1,"farmersdelight:tomatoes":8,"minecraft:spruce_leaves":47,"biomesoplenty:dead_grass":9,"minecraft:large_fern":4,"minecraft:oak_trapdoor":5,"minecraft:furnace":6,"minecraft:andesite":64,"minecraft:deepslate_iron_ore":40,"minecraft:cobblestone_slab":1,"minecraft:lantern":2,"minecraft:packed_ice":5,"biomesoplenty:barley":4,"minecraft:stone":3199,"minecraft:white_wool":2,"minecraft:smithing_table":6,"minecraft:oak_slab":34,"minecraft:light_gray_carpet":3,"minecraft:glass_pane":1,"minecraft:cobbled_deepslate_wall":1,"minecraft:crafting_table":14,"minecraft:campfire":6,"minecraft:copper_ore":16,"minecraft:deepslate_gold_ore":25,"minecraft:lapis_ore":33,"biomesoplenty:sprout":5,"biomesoplenty:huge_clover_petal":91,"minecraft:diorite":69,"minecraft:blue_bed":4,"minecraft:spruce_stairs":4,"minecraft:purple_bed":16,"minecraft:trapped_chest":1,"minecraft:sweet_berry_bush":4,"minecraft:ice":1,"minecraft:gray_bed":4,"minecraft:white_carpet":9,"minecraft:spruce_log":99,"minecraft:red_wall_banner":1,"minecraft:yellow_bed":3,"minecraft:coal_ore":134,"biomesoplenty:fir_leaves":32,"minecraft:gravel":118,"minecraft:chipped_anvil":1,"minecraft:gold_ore":12,"minecraft:fern":89},"minecraft:killed":{"minecraft:spider":10,"minecraft:skeleton":24,"alexsmobs:banana_slug":1,"artifacts:mimic":4,"minecraft:pig":8,"minecraft:iron_golem":38,"minecraft:creeper":7,"minecraft:sheep":5,"minecraft:pillager":2,"minecraft:zombie":46,"minecraft:donkey":1,"alexsmobs:terrapin":2,"alexsmobs:fly":12,"minecraft:cow":6,"takesapillage:clay_golem":1,"minecraft:drowned":2,"minecraft:bat":1},"minecraft:picked_up":{"minecraft:iron_chestplate":15,"minecraft:wheat":50,"minecraft:anvil":1,"minecraft:suspicious_stew":5,"minecraft:smithing_table":6,"minecraft:golden_shovel":1,"minecraft:string":15,"minecraft:raw_copper":63,"minecraft:iron_leggings":10,"minecraft:diamond_leggings":5,"minecraft:cobbled_deepslate":1012,"minecraft:bucket":1,"farmersdelight:cabbage":71,"minecraft:spruce_planks":10,"minecraft:redstone_torch":1,"minecraft:cobblestone_slab":1,"farmersdelight:cabbage_seeds":209,"minecraft:furnace":5,"minecraft:stick":112,"minecraft:composter":2,"minecraft:torch":84,"minecraft:spruce_stairs":8,"minecraft:porkchop":15,"minecraft:diorite":84,"minecraft:rotten_flesh":41,"artifacts:panic_necklace":1,"minecraft:cobblestone":3291,"minecraft:cooked_beef":11,"farmersdelight:rice":3,"minecraft:andesite":63,"biomesoplenty:glowshroom":1,"minecraft:smoker":4,"minecraft:potato":3,"farmersdelight:safety_net":2,"biomesoplenty:fir_sapling":2,"biomesoplenty:fir_log":96,"minecraft:flint":12,"minecraft:tuff":3,"minecraft:lapis_lazuli":258,"farmersdelight:tomato":36,"minecraft:dirt":10461,"minecraft:lantern":4,"artifacts:shock_pendant":1,"minecraft:bone":35,"minecraft:chipped_anvil":1,"minecraft:bow":12,"minecraft:cobbled_deepslate_wall":1,"minecraft:wheat_seeds":216,"minecraft:raw_gold":36,"minecraft:grindstone":9,"minecraft:fletching_table":15,"minecraft:stone_hoe":10,"minecraft:oak_planks":122,"minecraft:sand":20,"minecraft:grass_block":1,"minecraft:trapped_chest":1,"minecraft:barrel":5,"minecraft:mossy_cobblestone":3,"minecraft:diamond":17,"minecraft:granite":56,"minecraft:bone_meal":40,"minecraft:bread":74,"minecraft:chainmail_helmet":8,"minecraft:emerald":16,"alexsmobs:maggot":12,"minecraft:oak_sapling":2,"minecraft:light_gray_carpet":3,"minecraft:charcoal":2,"minecraft:diamond_pickaxe":3,"minecraft:crafting_table":13,"minecraft:allium":1,"minecraft:azure_bluet":87,"minecraft:ladder":9,"minecraft:golden_pickaxe":1,"minecraft:leather_leggings":1,"minecraft:diamond_horse_armor":1,"minecraft:chain":10,"minecraft:shield":21,"minecraft:red_bed":8,"minecraft:oak_trapdoor":5,"minecraft:iron_axe":21,"minecraft:white_carpet":9,"minecraft:iron_shovel":6,"artifacts:fire_gauntlet":1,"minecraft:beef":11,"minecraft:poppy":45,"minecraft:spruce_slab":5,"minecraft:sugar_cane":22,"minecraft:chest":11,"minecraft:spruce_trapdoor":8,"minecraft:diamond_hoe":4,"minecraft:raw_iron":121,"minecraft:bowl":1,"sophisticatedbackpacks:backpack":2,"minecraft:spruce_fence":1,"farmersdelight:tomato_seeds":8,"minecraft:cookie":126,"minecraft:carrot":1,"minecraft:tnt":1,"minecraft:diamond_chestplate":1,"minecraft:arrow":17,"minecraft:stone_shovel":11,"minecraft:diamond_boots":5,"minecraft:saddle":1,"minecraft:mutton":6,"minecraft:skeleton_skull":1,"minecraft:white_wool":18,"minecraft:golden_carrot":21,"minecraft:glow_ink_sac":3,"minecraft:leather":5,"minecraft:oak_log":912,"minecraft:yellow_bed":1,"minecraft:gunpowder":6,"minecraft:blue_bed":4,"minecraft:apple":16,"biomesoplenty:glowworm_silk":12,"minecraft:iron_ingot":151,"minecraft:gray_bed":1,"minecraft:iron_sword":4,"minecraft:oak_slab":41,"minecraft:pumpkin":387,"minecraft:sweet_berries":19,"minecraft:lava_bucket":2,"minecraft:gravel":106,"minecraft:red_banner":1,"minecraft:spruce_sapling":12,"minecraft:blast_furnace":6,"minecraft:white_bed":1,"minecraft:spruce_log":103,"biomesoplenty:glowing_moss_block":1,"artifacts:scarf_of_invisibility":1,"minecraft:spider_eye":6,"biomesoplenty:maple_sapling":164,"minecraft:pumpkin_seeds":23,"minecraft:purple_bed":16,"minecraft:stone_axe":10,"minecraft:chainmail_leggings":16,"minecraft:iron_helmet":1,"minecraft:diamond_axe":10,"minecraft:coal":136,"minecraft:ender_pearl":2}},"DataVersion":3465}