{"stats":{"minecraft:crafted":{"minecraft:oak_planks":136,"minecraft:stone_shovel":11,"minecraft:cobblestone_slab":24,"minecraft:iron_nugget":9,"minecraft:furnace":2,"minecraft:stone_button":8,"minecraft:stone":8,"securitycraft:keypad_item":1,"minecraft:bone_meal":9,"minecraft:spruce_fence":3,"minecraft:heavy_weighted_pressure_plate":1,"minecraft:bow":1,"minecraft:iron_axe":1,"minecraft:stone_pickaxe":9,"minecraft:chest":1,"minecraft:spruce_boat":1,"minecraft:stone_hoe":1,"minecraft:oak_fence":3,"farmersdelight:tomato_seeds":4,"minecraft:emerald":6,"sophisticatedbackpacks:backpack":1,"minecraft:crafting_table":5,"minecraft:spruce_planks":300,"minecraft:iron_sword":1,"minecraft:fletching_table":1,"minecraft:stone_axe":4,"minecraft:bread":3,"minecraft:air":0,"biomesoplenty:fir_planks":56,"minecraft:potion":4,"minecraft:iron_chestplate":1,"minecraft:stick":272,"minecraft:iron_ingot":15,"minecraft:iron_pickaxe":1,"farmersdelight:diamond_knife":3,"minecraft:spruce_fence_gate":1,"minecraft:torch":8},"minecraft:killed":{"hordes:zombie_player":1,"rottencreatures:burned":1,"naturalist:robin":2,"minecraft:zombie_horse":1,"naturalist:snail":1,"minecraft:skeleton":2,"minecraft:chicken":1,"minecraft:drowned":11,"rottencreatures:undead_miner":2,"minecraft:pig":7,"minecraft:zombie_villager":2,"naturalist:bear":1,"minecraft:sheep":2,"minecraft:zombie":54,"minecraft:donkey":1},"minecraft:custom":{"minecraft:mob_kills":99,"minecraft:interact_with_crafting_table":54,"minecraft:interact_with_campfire":79,"minecraft:damage_dealt_resisted":600,"minecraft:leave_game":19,"minecraft:time_since_death":157156,"minecraft:climb_one_cm":36038,"minecraft:sprint_one_cm":770431,"minecraft:walk_one_cm":833992,"minecraft:drop":140,"minecraft:damage_dealt_absorbed":8,"minecraft:talked_to_villager":34,"minecraft:play_time":412979,"minecraft:sneak_time":45737,"minecraft:deaths":5,"minecraft:walk_under_water_one_cm":3910,"minecraft:boat_one_cm":15863,"minecraft:jump":6314,"minecraft:interact_with_blast_furnace":2,"minecraft:walk_on_water_one_cm":20283,"minecraft:total_world_time":412979,"minecraft:interact_with_furnace":33,"minecraft:traded_with_villager":10,"minecraft:interact_with_cartography_table":1,"minecraft:interact_with_grindstone":2,"minecraft:sleep_in_bed":8,"minecraft:time_since_rest":1840,"minecraft:damage_taken":3682,"minecraft:damage_dealt":23480,"minecraft:swim_one_cm":14925,"minecraft:fly_one_cm":1054126,"minecraft:open_chest":87,"minecraft:crouch_one_cm":107367,"minecraft:fall_one_cm":134833},"minecraft:picked_up":{"minecraft:crafting_table":13,"minecraft:wheat":10,"minecraft:azure_bluet":3,"cold_sweat:fur_cap":2,"minecraft:chicken":2,"minecraft:lead":4,"marbledsapi:steel_sheet":1,"minecraft:potion":59,"marbledsarsenal:baseball_bat":1,"minecraft:string":4,"minecraft:raw_copper":5,"minecraft:iron_shovel":1,"flashlight:flashlight":2,"minecraft:bucket":1,"minecraft:cobbled_deepslate":65,"biomesoplenty:fir_planks":3,"minecraft:spruce_planks":12,"minecraft:beef":2,"minecraft:rose_bush":14,"minecraft:redstone_torch":5,"minecraft:cobblestone_slab":18,"minecraft:iron_nugget":6,"minecraft:poppy":2,"minecraft:iron_pickaxe":1,"minecraft:sugar_cane":12,"crittersandcompanions:clam":4,"minecraft:piston":11,"minecraft:furnace":4,"minecraft:egg":6,"minecraft:stick":4,"minecraft:raw_iron":19,"minecraft:copper_ingot":1,"minecraft:oak_fence":3,"minecraft:torch":37,"minecraft:spruce_fence":8,"minecraft:porkchop":36,"farmersdelight:tomato_seeds":10,"minecraft:diorite":75,"minecraft:redstone":22,"farmersdelight:fried_egg":4,"minecraft:arrow":4,"minecraft:stone_shovel":1,"minecraft:light_gray_bed":9,"minecraft:rotten_flesh":54,"crittersandcompanions:silk":15,"minecraft:pink_tulip":1,"minecraft:mutton":6,"minecraft:white_wool":4,"minecraft:cobblestone":397,"taccraft:flak_vest_helmet":1,"cold_sweat:fur_pants":2,"minecraft:feather":5,"minecraft:cooked_beef":2,"farmersdelight:rice":2,"minecraft:potato":7,"minecraft:water_bucket":1,"minecraft:andesite":6,"taccraft:nylon_stripe":1,"minecraft:leather":7,"bunker_down:steel_vent":1,"biomesoplenty:fir_sapling":3,"biomesoplenty:fir_log":11,"minecraft:flint":4,"minecraft:cobblestone_wall":1,"minecraft:oak_log":34,"supplementaries:flax_seeds":2,"farmersdelight:cooked_bacon":38,"minecraft:lapis_lazuli":28,"farmersdelight:tomato":4,"minecraft:dirt":525,"bunker_down:steel_block":6,"minecraft:bone":12,"minecraft:apple":1,"minecraft:wheat_seeds":52,"minecraft:rabbit_hide":3,"farmersdelight:apple_cider":2,"minecraft:iron_ingot":7,"minecraft:stone_pickaxe":2,"minecraft:cobweb":3,"minecraft:glass_bottle":5,"minecraft:oak_planks":57,"biomesoplenty:toadstool":14,"minecraft:cooked_porkchop":16,"bunker_down:underroot_stage_1":12,"minecraft:dandelion":3,"minecraft:gravel":37,"minecraft:spruce_log":81,"minecraft:lily_of_the_valley":13,"minecraft:spruce_door":1,"minecraft:mossy_cobblestone":8,"minecraft:spruce_fence_gate":3,"minecraft:diamond":2,"minecraft:spruce_boat":1,"minecraft:stone_axe":2,"minecraft:granite":2,"minecraft:bone_meal":1,"minecraft:emerald":5,"flashlight:smallredstonebattery":2,"minecraft:baked_potato":4,"minecraft:oak_sapling":4,"minecraft:coal":15,"minecraft:diamond_pickaxe":1},"minecraft:killed_by":{"minecraft:iron_golem":1,"minecraft:drowned":1},"minecraft:mined":{"minecraft:spruce_planks":17,"minecraft:mossy_cobblestone":6,"biomesoplenty:bush":1,"minecraft:grass_block":224,"minecraft:spruce_fence":8,"biomesoplenty:flowering_oak_leaves":1,"minecraft:light_gray_bed":10,"minecraft:redstone_wire":1,"farmersdelight:budding_tomatoes":4,"minecraft:furnace":3,"minecraft:fire":1,"biomesoplenty:toadstool":17,"minecraft:iron_ore":5,"farmersdelight:rice":1,"minecraft:cobbled_deepslate":2,"minecraft:andesite":3,"bunker_down:steel_vent":1,"minecraft:azure_bluet":2,"minecraft:potatoes":2,"supplementaries:stick":2,"minecraft:dirt_path":24,"minecraft:cobblestone_slab":17,"minecraft:deepslate_iron_ore":13,"crittersandcompanions:silk_cocoon":1,"minecraft:pink_tulip":1,"bunker_down:steel_block":5,"minecraft:stone":277,"minecraft:glass_pane":1,"minecraft:lily_of_the_valley":15,"minecraft:dandelion":3,"minecraft:oak_fence":4,"minecraft:crafting_table":10,"minecraft:torch":17,"biomesoplenty:fir_planks":9,"minecraft:poppy":2,"minecraft:rose_bush":10,"minecraft:copper_ore":3,"minecraft:tall_grass":2,"minecraft:cobblestone":120,"biomesoplenty:sprout":57,"minecraft:lapis_ore":4,"minecraft:oak_planks":18,"minecraft:sugar_cane":5,"minecraft:diorite":5,"bunker_down:underroot":3,"minecraft:wall_torch":14,"supplementaries:urn":4,"minecraft:wheat":12,"minecraft:sweet_berry_bush":1,"minecraft:spruce_log":59,"biomesoplenty:fir_log":11,"minecraft:grass":69,"minecraft:oak_log":31,"biomesoplenty:fir_leaves":56,"minecraft:gravel":45,"minecraft:dirt":319,"minecraft:cobweb":4,"minecraft:spruce_fence_gate":1,"minecraft:piston":6,"minecraft:oak_leaves":43,"minecraft:deepslate":60,"minecraft:fern":3},"minecraft:used":{"minecraft:oak_fence":6,"marbledsarsenal:baseball_bat":293,"minecraft:netherite_sword":6,"minecraft:iron_shovel":146,"securitycraft:keypad_chest":1,"minecraft:stone_shovel":394,"minecraft:chest":2,"minecraft:silverfish_spawn_egg":1,"minecraft:spruce_planks":61,"minecraft:iron_sword":106,"minecraft:wither_skeleton_spawn_egg":1,"minecraft:farmland":4,"marbledsarsenal:barbed_baseball_bat":125,"minecraft:rotten_flesh":15,"minecraft:stone_hoe":6,"minecraft:stick":2,"minecraft:iron_chestplate":1,"minecraft:torch":34,"minecraft:lily_of_the_valley":8,"minecraft:skeleton_spawn_egg":3,"minecraft:dirt":101,"securitycraft:keypad_item":1,"bunker_down:brittle_pickaxe":2,"minecraft:spruce_fence":8,"minecraft:spruce_boat":1,"minecraft:lava_bucket":1,"minecraft:iron_axe":73,"taccraft:flak_vest_helmet":1,"minecraft:sweet_berries":7,"minecraft:furnace":5,"minecraft:potato":3,"minecraft:cooked_beef":2,"farmersdelight:tomato_seeds":10,"minecraft:cobbled_deepslate":51,"minecraft:light_gray_bed":6,"farmersdelight:fried_egg":2,"minecraft:water_bucket":6,"minecraft:wheat_seeds":10,"minecraft:cooked_mutton":2,"bunker_down:steel_vent":3,"minecraft:pink_tulip":1,"minecraft:spruce_door":1,"minecraft:lead":1,"minecraft:stone_pickaxe":359,"minecraft:glass_bottle":26,"minecraft:baked_potato":4,"minecraft:oak_planks":59,"biomesoplenty:fir_planks":35,"minecraft:fletching_table":1,"minecraft:spruce_fence_gate":1,"minecraft:cobblestone_slab":35,"minecraft:crafting_table":16,"farmersdelight:rice":1,"minecraft:spruce_log":19,"minecraft:creeper_spawn_egg":2,"minecraft:piston":11,"bunker_down:steel_block":3,"minecraft:apple":1,"farmersdelight:apple_cider":3,"bunker_down:underroot_stage_1":2,"minecraft:light_gray_concrete":2,"minecraft:bread":11,"minecraft:iron_pickaxe":176,"minecraft:gravel":25,"minecraft:stone_axe":236,"farmersdelight:cooked_bacon":42,"minecraft:potion":42,"minecraft:cobblestone":303,"minecraft:cooked_porkchop":16,"minecraft:bucket":8,"minecraft:andesite":1,"minecraft:air":1,"minecraft:bone_meal":10},"minecraft:dropped":{"minecraft:water_bucket":1,"minecraft:iron_ingot":4,"minecraft:iron_sword":1,"minecraft:wheat_seeds":42,"minecraft:mossy_cobblestone":4,"farmersdelight:cooked_bacon":17,"minecraft:feather":4,"minecraft:cobblestone":23,"minecraft:granite":2,"minecraft:copper_ingot":1,"biomesoplenty:fir_sapling":3,"minecraft:spruce_fence_gate":3,"minecraft:stick":2,"minecraft:dirt":30,"minecraft:diorite":139,"minecraft:torch":7,"minecraft:rose_bush":14,"minecraft:potion":2,"bunker_down:brittle_pickaxe":1,"marbledsarsenal:baseball_bat":1,"taccraft:flak_vest_helmet":1,"minecraft:dandelion":3,"minecraft:cobblestone_wall":1,"minecraft:stone_axe":4,"minecraft:iron_nugget":3,"minecraft:cobbled_deepslate":5,"minecraft:raw_copper":5,"minecraft:stone_shovel":7,"minecraft:wheat":1,"minecraft:chicken":1,"minecraft:rotten_flesh":17,"minecraft:oak_planks":10,"minecraft:azure_bluet":3,"minecraft:lily_of_the_valley":5,"minecraft:potato":4,"cold_sweat:fur_cap":2,"minecraft:cobblestone_slab":4,"farmersdelight:fried_egg":2,"minecraft:spruce_planks":3,"minecraft:andesite":5,"minecraft:light_gray_bed":1,"minecraft:oak_sapling":4,"bunker_down:steel_block":1,"minecraft:redstone_torch":5,"bunker_down:underroot_stage_1":6,"minecraft:stone_pickaxe":9,"farmersdelight:diamond_knife":1,"cold_sweat:fur_pants":2},"minecraft:broken":{"minecraft:iron_shovel":1,"minecraft:stone_pickaxe":1,"minecraft:iron_pickaxe":1,"minecraft:stone_shovel":3}},"DataVersion":3120}