{"stats":{"minecraft:used":{"minecraft:stone_pickaxe":12,"minecraft:wooden_pickaxe":3,"minecraft:stone_axe":1,"farmersdelight:onion":8,"minecraft:dirt":6,"minecraft:crafting_table":1,"alexsmobs:animal_dictionary":1},"minecraft:picked_up":{"minecraft:crafting_table":1,"minecraft:allium":26,"minecraft:oak_log":3,"minecraft:dirt":8,"minecraft:wheat_seeds":1,"farmersdelight:onion":14,"minecraft:poppy":1,"minecraft:cobblestone":15},"minecraft:mined":{"farmersdelight:wild_onions":14,"minecraft:crafting_table":1,"minecraft:grass":4,"minecraft:grass_block":2,"minecraft:oak_log":3,"minecraft:poppy":1,"minecraft:dirt_path":1,"minecraft:dirt":6,"minecraft:stone":15,"minecraft:oak_leaves":10},"minecraft:custom":{"minecraft:time_since_rest":3108,"minecraft:sprint_one_cm":30043,"minecraft:damage_taken":20,"minecraft:walk_one_cm":28946,"minecraft:drop":5,"minecraft:interact_with_crafting_table":3,"minecraft:fly_one_cm":46607,"minecraft:crouch_one_cm":845,"minecraft:play_time":3108,"minecraft:sneak_time":128,"minecraft:jump":318,"minecraft:leave_game":4,"minecraft:time_since_death":3108,"minecraft:total_world_time":7417,"minecraft:fall_one_cm":4424},"minecraft:crafted":{"minecraft:oak_planks":12,"minecraft:crafting_table":1,"minecraft:stick":8,"minecraft:wooden_pickaxe":1,"minecraft:stone_pickaxe":1,"minecraft:stone_sword":1,"minecraft:stone_axe":1},"minecraft:dropped":{"minecraft:wheat_seeds":1,"minecraft:allium":26,"minecraft:wooden_pickaxe":1}},"DataVersion":3465}