{"stats":{"minecraft:killed_by":{"minecraft:drowned":1},"minecraft:crafted":{"minecraft:oak_planks":92,"minecraft:crafting_table":1,"minecraft:furnace":1,"minecraft:stone_axe":1,"minecraft:air":0,"minecraft:potion":4,"minecraft:stick":4,"minecraft:stone_pickaxe":1},"minecraft:picked_up":{"minecraft:crafting_table":5,"taccraft:flak_vest_helmet":1,"cold_sweat:fur_cap":2,"minecraft:feather":5,"cold_sweat:fur_pants":2,"farmersdelight:rice":2,"minecraft:chicken":2,"taccraft:nylon_stripe":1,"minecraft:leather":5,"bunker_down:steel_vent":1,"marbledsapi:steel_sheet":1,"minecraft:potion":6,"minecraft:oak_log":23,"marbledsarsenal:baseball_bat":1,"farmersdelight:cooked_bacon":36,"minecraft:string":4,"bunker_down:steel_block":6,"flashlight:flashlight":2,"minecraft:bone":5,"minecraft:apple":1,"minecraft:wheat_seeds":2,"farmersdelight:apple_cider":2,"minecraft:iron_ingot":5,"minecraft:stone_pickaxe":2,"minecraft:cobweb":3,"minecraft:redstone_torch":5,"minecraft:iron_nugget":6,"minecraft:glass_bottle":5,"minecraft:sugar_cane":12,"minecraft:oak_planks":42,"minecraft:piston":11,"minecraft:furnace":4,"minecraft:egg":6,"minecraft:stick":2,"bunker_down:underroot_stage_1":12,"minecraft:torch":15,"minecraft:porkchop":36,"farmersdelight:tomato_seeds":8,"minecraft:redstone":22,"minecraft:arrow":4,"minecraft:light_gray_bed":3,"minecraft:rotten_flesh":7,"minecraft:stone_axe":1,"crittersandcompanions:silk":10,"flashlight:smallredstonebattery":2,"minecraft:mutton":6,"minecraft:coal":14,"minecraft:white_wool":4,"minecraft:cobblestone":56},"minecraft:used":{"minecraft:netherite_sword":6,"marbledsarsenal:baseball_bat":189,"bunker_down:steel_vent":3,"securitycraft:keypad_chest":1,"minecraft:stone_pickaxe":36,"minecraft:glass_bottle":20,"minecraft:oak_planks":14,"minecraft:silverfish_spawn_egg":1,"minecraft:wither_skeleton_spawn_egg":1,"minecraft:farmland":4,"minecraft:stick":2,"minecraft:torch":8,"minecraft:skeleton_spawn_egg":3,"minecraft:crafting_table":4,"bunker_down:brittle_pickaxe":2,"farmersdelight:rice":1,"minecraft:creeper_spawn_egg":2,"minecraft:piston":11,"bunker_down:steel_block":3,"minecraft:apple":1,"farmersdelight:apple_cider":3,"bunker_down:underroot_stage_1":2,"minecraft:light_gray_concrete":2,"farmersdelight:cooked_bacon":38,"minecraft:stone_axe":70,"taccraft:flak_vest_helmet":1,"minecraft:cobblestone":45,"minecraft:potion":25,"minecraft:furnace":4,"minecraft:air":1,"farmersdelight:tomato_seeds":4},"minecraft:killed":{"minecraft:pig":7,"hordes:zombie_player":1,"naturalist:robin":2,"naturalist:snail":1,"minecraft:sheep":2,"minecraft:skeleton":2,"minecraft:donkey":1,"minecraft:zombie":15,"minecraft:chicken":1,"minecraft:drowned":2},"minecraft:custom":{"minecraft:interact_with_furnace":11,"minecraft:mob_kills":35,"minecraft:interact_with_crafting_table":3,"minecraft:leave_game":13,"minecraft:time_since_death":6321,"minecraft:climb_one_cm":34688,"minecraft:time_since_rest":6357,"minecraft:sprint_one_cm":205970,"minecraft:damage_taken":1328,"minecraft:walk_one_cm":192575,"minecraft:drop":31,"minecraft:damage_dealt":8392,"minecraft:swim_one_cm":6520,"minecraft:fly_one_cm":357738,"minecraft:open_chest":16,"minecraft:crouch_one_cm":22319,"minecraft:play_time":122925,"minecraft:sneak_time":10849,"minecraft:deaths":3,"minecraft:walk_under_water_one_cm":1717,"minecraft:jump":1838,"minecraft:walk_on_water_one_cm":10728,"minecraft:total_world_time":122925,"minecraft:fall_one_cm":36667},"minecraft:mined":{"minecraft:crafting_table":2,"minecraft:torch":8,"biomesoplenty:bush":1,"biomesoplenty:flowering_oak_leaves":1,"minecraft:light_gray_bed":3,"minecraft:redstone_wire":1,"farmersdelight:budding_tomatoes":4,"minecraft:tall_grass":2,"minecraft:cobblestone":17,"biomesoplenty:sprout":3,"minecraft:oak_planks":9,"minecraft:sugar_cane":5,"minecraft:wall_torch":4,"bunker_down:underroot":3,"minecraft:furnace":3,"farmersdelight:rice":1,"minecraft:wheat":2,"bunker_down:steel_vent":1,"minecraft:grass":22,"supplementaries:stick":2,"minecraft:oak_log":20,"crittersandcompanions:silk_cocoon":1,"minecraft:dirt":2,"minecraft:cobweb":4,"bunker_down:steel_block":5,"minecraft:stone":5,"minecraft:piston":6,"minecraft:oak_leaves":7},"minecraft:dropped":{"minecraft:wheat_seeds":2,"minecraft:iron_nugget":3,"minecraft:cobblestone":1,"farmersdelight:cooked_bacon":17,"minecraft:chicken":1,"minecraft:feather":4,"minecraft:rotten_flesh":7,"minecraft:oak_planks":2,"cold_sweat:fur_cap":2,"minecraft:torch":2,"minecraft:light_gray_bed":1,"bunker_down:steel_block":1,"minecraft:potion":1,"minecraft:redstone_torch":5,"bunker_down:underroot_stage_1":6,"minecraft:stone_pickaxe":1,"bunker_down:brittle_pickaxe":1,"taccraft:flak_vest_helmet":1,"cold_sweat:fur_pants":2}},"DataVersion":3120}