{"stats":{"minecraft:broken":{"minecraft:iron_shovel":1,"minecraft:iron_boots":2,"minecraft:iron_chestplate":1,"minecraft:iron_leggings":2,"minecraft:stone_pickaxe":1,"minecraft:stone_shovel":10,"minecraft:iron_pickaxe":3,"minecraft:iron_helmet":1,"minecraft:golden_pickaxe":1},"minecraft:killed":{"alexsmobs:hummingbird":1,"minecraft:spider":18,"alexsmobs:murmur":1,"minecraft:skeleton":31,"minecraft:chicken":2,"artifacts:mimic":3,"minecraft:zombie_villager":2,"minecraft:creeper":7,"minecraft:pillager":3,"minecraft:zombie":72,"alexsmobs:fly":1,"minecraft:cow":4,"alexsmobs:raccoon":1,"minecraft:panda":1,"minecraft:drowned":1,"minecraft:bat":1,"alexsmobs:cockroach":1,"minecraft:enderman":6},"minecraft:used":{"minecraft:cherry_sapling":30,"minecraft:iron_shovel":416,"minecraft:spruce_slab":16,"minecraft:decorated_pot":2,"minecraft:shield":52,"minecraft:iron_sword":58,"minecraft:mossy_stone_brick_slab":1,"minecraft:rotten_flesh":50,"minecraft:iron_chestplate":3,"minecraft:jungle_planks":1,"minecraft:carrot":53,"minecraft:axolotl_bucket":6,"minecraft:honey_bottle":2,"minecraft:spruce_boat":4,"minecraft:iron_helmet":2,"minecraft:magma_block":2,"minecraft:oak_sapling":2,"minecraft:furnace":9,"minecraft:cooked_cod":19,"minecraft:skeleton_skull":3,"minecraft:oak_chest_boat":5,"minecraft:oak_planks":4,"minecraft:stone_pickaxe":146,"minecraft:blackstone":46,"minecraft:wooden_pickaxe":63,"minecraft:diamond_axe":225,"minecraft:jungle_boat":12,"minecraft:cookie":3,"minecraft:golden_apple":1,"minecraft:glow_berries":31,"minecraft:blast_furnace":1,"waystones:waystone":1,"minecraft:melon_slice":103,"minecraft:bread":52,"minecraft:gravel":38,"minecraft:golden_helmet":1,"minecraft:diamond_sword":518,"minecraft:smithing_table":2,"minecraft:andesite":2,"minecraft:oak_boat":5,"minecraft:stripped_cherry_log":1,"minecraft:coarse_dirt":73,"minecraft:bone_meal":87,"minecraft:golden_pickaxe":10,"minecraft:cherry_boat":8,"minecraft:enchanting_table":1,"minecraft:stone_sword":88,"minecraft:stone_shovel":1457,"minecraft:cooked_salmon":4,"minecraft:torch":219,"minecraft:brewing_stand":4,"minecraft:dirt":910,"minecraft:golden_shovel":148,"minecraft:chipped_anvil":1,"minecraft:cherry_slab":59,"minecraft:iron_axe":167,"minecraft:cherry_trapdoor":19,"minecraft:iron_boots":2,"minecraft:barrel":9,"minecraft:smooth_basalt":4,"minecraft:bamboo":27,"minecraft:golden_carrot":32,"minecraft:soul_soil":1,"alexsmobs:lobster_bucket":2,"minecraft:cooked_beef":8,"minecraft:cobbled_deepslate":104,"minecraft:cherry_log":42,"minecraft:iron_leggings":3,"minecraft:water_bucket":94,"minecraft:cherry_planks":181,"minecraft:green_bed":1,"minecraft:fletching_table":6,"minecraft:mossy_cobblestone":2,"farmersdelight:onion":5,"minecraft:crafting_table":32,"minecraft:white_bed":8,"minecraft:spruce_log":1,"minecraft:cake":1,"minecraft:smoker":2,"minecraft:diamond_pickaxe":164,"minecraft:apple":3,"minecraft:iron_pickaxe":1070,"minecraft:suspicious_stew":6,"minecraft:spruce_sapling":8,"minecraft:pink_petals":128,"minecraft:stone_axe":67,"minecraft:cobblestone":199,"minecraft:bucket":104,"minecraft:pumpkin_pie":1,"minecraft:yellow_bed":3,"minecraft:candle":1,"minecraft:chainmail_leggings":1},"minecraft:dropped":{"minecraft:clay":1,"minecraft:iron_sword":1,"minecraft:moss_block":11,"minecraft:diamond":1,"minecraft:glow_berries":1,"minecraft:chest_minecart":2,"minecraft:jungle_planks":6,"minecraft:rail":9,"minecraft:flint":2,"minecraft:dirt":290,"minecraft:jungle_button":3,"minecraft:jungle_sapling":2,"minecraft:wooden_sword":1,"minecraft:gold_nugget":5,"minecraft:furnace_minecart":1,"minecraft:sand":71,"immersive_melodies:triangle":1,"minecraft:iron_pickaxe":3,"minecraft:birch_stairs":1,"minecraft:bone":1,"minecraft:gravel":44,"minecraft:stone_axe":1,"minecraft:blackstone":38,"alexsmobs:animal_dictionary":2,"minecraft:cobbled_deepslate":146,"minecraft:rotten_flesh":35,"minecraft:oak_planks":4,"minecraft:carrot":12,"minecraft:oak_chest_boat":1,"minecraft:gunpowder":1,"minecraft:iron_bars":1,"minecraft:arrow":3,"minecraft:iron_ingot":1,"minecraft:bread":4,"minecraft:wheat_seeds":237,"minecraft:golden_helmet":1,"minecraft:mossy_cobblestone":2,"minecraft:minecart":3,"minecraft:iron_helmet":1,"minecraft:cobblestone":213,"minecraft:hopper_minecart":3,"minecraft:coal":11,"minecraft:golden_carrot":2,"minecraft:ink_sac":1,"minecraft:torch":14,"minecraft:iron_axe":1,"minecraft:jungle_boat":1,"minecraft:chainmail_leggings":3,"minecraft:paper":13,"minecraft:string":6,"minecraft:pink_petals":3,"minecraft:lily_pad":2,"minecraft:dandelion":13,"minecraft:redstone":4,"minecraft:coarse_dirt":43,"minecraft:stone_sword":1,"minecraft:cobblestone_wall":3,"minecraft:bowl":5,"minecraft:tuff":12,"minecraft:stone_shovel":1,"minecraft:chicken":1,"minecraft:cherry_slab":2,"minecraft:spruce_fence":1,"minecraft:suspicious_stew":1,"minecraft:diamond_sword":1,"minecraft:flower_pot":1,"minecraft:allium":12,"minecraft:peony":3,"minecraft:iron_chestplate":1,"minecraft:golden_leggings":3,"minecraft:oak_sapling":2,"minecraft:spider_eye":27,"minecraft:barrel":1,"minecraft:bow":2,"minecraft:stone_pickaxe":1,"minecraft:wooden_pickaxe":2,"minecraft:red_tulip":1,"minecraft:calcite":1,"minecraft:magma_block":5},"minecraft:custom":{"minecraft:interact_with_crafting_table":130,"minecraft:open_barrel":104,"minecraft:eat_cake_slice":8,"minecraft:leave_game":7,"minecraft:time_since_death":80907,"minecraft:sprint_one_cm":1373668,"minecraft:damage_blocked_by_shield":2675,"minecraft:drop":286,"minecraft:talked_to_villager":28,"minecraft:play_time":533621,"minecraft:deaths":6,"minecraft:jump":11496,"minecraft:interact_with_brewingstand":1,"minecraft:walk_on_water_one_cm":96805,"minecraft:enchant_item":3,"minecraft:interact_with_furnace":80,"minecraft:traded_with_villager":3,"minecraft:interact_with_cartography_table":1,"minecraft:sleep_in_bed":9,"minecraft:waystone_activated":1,"minecraft:damage_dealt":37569,"minecraft:player_kills":4,"minecraft:crouch_one_cm":61119,"minecraft:interact_with_smoker":14,"minecraft:interact_with_smithing_table":1,"minecraft:interact_with_anvil":5,"minecraft:mob_kills":163,"minecraft:climb_one_cm":4560,"minecraft:walk_one_cm":1185492,"minecraft:damage_dealt_absorbed":10,"minecraft:sneak_time":25921,"minecraft:walk_under_water_one_cm":53045,"minecraft:boat_one_cm":1215920,"minecraft:interact_with_blast_furnace":1,"minecraft:total_world_time":533621,"minecraft:time_since_rest":7927,"minecraft:damage_taken":11086,"minecraft:trigger_trapped_chest":1,"minecraft:swim_one_cm":97736,"minecraft:fly_one_cm":2222583,"minecraft:open_chest":92,"minecraft:fall_one_cm":256891},"minecraft:crafted":{"minecraft:jungle_button":1,"minecraft:oak_planks":32,"minecraft:cherry_slab":60,"minecraft:cherry_boat":2,"sophisticatedbackpacks:smelting_upgrade":1,"minecraft:hopper":3,"minecraft:iron_boots":2,"minecraft:chest":4,"sophisticatedbackpacks:backpack":1,"minecraft:emerald":3,"minecraft:diamond_axe":1,"minecraft:crafting_table":12,"minecraft:spruce_planks":72,"minecraft:jungle_boat":3,"minecraft:wooden_pickaxe":2,"minecraft:iron_helmet":3,"minecraft:fletching_table":1,"minecraft:birch_planks":4,"sophisticatedbackpacks:upgrade_base":1,"minecraft:book":1,"minecraft:iron_chestplate":2,"minecraft:shield":1,"sophisticatedbackpacks:diamond_backpack":1,"minecraft:stick":176,"minecraft:iron_ingot":55,"sophisticatedbackpacks:auto_smelting_upgrade":1,"minecraft:iron_pickaxe":5,"minecraft:stone_sword":1,"minecraft:gold_ingot":14,"minecraft:golden_carrot":32,"minecraft:cherry_planks":304,"minecraft:wooden_sword":1,"minecraft:stone_shovel":10,"minecraft:furnace":3,"minecraft:bone_meal":150,"minecraft:cherry_trapdoor":8,"minecraft:iron_axe":1,"minecraft:spruce_slab":42,"minecraft:stone_pickaxe":1,"minecraft:spruce_boat":3,"sophisticatedbackpacks:iron_backpack":1,"minecraft:cooked_beef":8,"minecraft:cooked_cod":6,"minecraft:diamond_sword":1,"minecraft:enchanting_table":1,"minecraft:cooked_salmon":2,"sophisticatedbackpacks:gold_backpack":1,"minecraft:bucket":2,"minecraft:stone_axe":1,"minecraft:bread":3,"minecraft:air":0,"minecraft:jungle_planks":84,"minecraft:oak_boat":3,"minecraft:oak_chest_boat":1,"minecraft:white_wool":6,"minecraft:gold_nugget":261,"minecraft:iron_leggings":2,"minecraft:white_bed":2,"minecraft:torch":192},"minecraft:mined":{"minecraft:spruce_planks":8,"minecraft:white_bed":6,"minecraft:mossy_stone_brick_slab":1,"minecraft:cherry_log":115,"minecraft:jungle_leaves":13,"minecraft:brewing_stand":4,"minecraft:obsidian":19,"minecraft:cherry_trapdoor":11,"minecraft:cave_vines_plant":20,"minecraft:grass_block":1327,"minecraft:jungle_log":20,"minecraft:magma_block":2,"minecraft:glowstone":1,"minecraft:cobbled_deepslate":19,"minecraft:iron_ore":64,"minecraft:fire":48,"minecraft:barrel":21,"minecraft:fletching_table":5,"minecraft:deepslate_lapis_ore":3,"minecraft:enchanting_table":1,"minecraft:skeleton_wall_skull":3,"minecraft:cave_vines":46,"minecraft:dirt_path":2,"minecraft:iron_bars":1,"minecraft:spruce_slab":7,"minecraft:green_bed":1,"minecraft:deepslate_redstone_ore":9,"minecraft:blackstone":82,"minecraft:smoker":7,"minecraft:torch":4,"minecraft:blast_furnace":1,"minecraft:calcite":1,"minecraft:melon":19,"minecraft:chest":1,"minecraft:cobblestone":44,"minecraft:sugar_cane":3,"minecraft:oak_planks":24,"minecraft:wall_torch":6,"minecraft:cherry_slab":2,"minecraft:pink_petals":50,"minecraft:skeleton_skull":3,"minecraft:birch_log":1,"minecraft:lilac":1,"minecraft:grass":367,"minecraft:oak_log":8,"minecraft:dirt":334,"minecraft:smooth_basalt":4,"minecraft:oak_leaves":8,"minecraft:deepslate":310,"minecraft:diamond_ore":1,"minecraft:tuff":12,"minecraft:mossy_cobblestone":1,"minecraft:deepslate_diamond_ore":98,"farmersdelight:wild_carrots":5,"minecraft:cherry_sapling":22,"minecraft:stripped_cherry_log":13,"minecraft:decorated_pot":2,"minecraft:soul_campfire":1,"minecraft:spruce_leaves":6,"minecraft:moss_block":1,"minecraft:rooted_dirt":1,"minecraft:large_fern":18,"farmersdelight:wild_onions":6,"minecraft:redstone_ore":3,"minecraft:furnace":8,"minecraft:carrots":26,"minecraft:andesite":2,"minecraft:stripped_spruce_log":3,"minecraft:peony":3,"minecraft:bell":2,"minecraft:deepslate_iron_ore":56,"minecraft:vine":2,"minecraft:stone":542,"minecraft:podzol":1,"minecraft:smithing_table":2,"minecraft:glass_pane":2,"minecraft:cherry_planks":32,"minecraft:dandelion":4,"minecraft:crafting_table":21,"minecraft:campfire":7,"minecraft:tall_grass":134,"minecraft:copper_ore":4,"minecraft:lapis_ore":12,"minecraft:deepslate_gold_ore":41,"minecraft:coarse_dirt":239,"minecraft:cobblestone_wall":3,"minecraft:spruce_log":70,"minecraft:birch_leaves":1,"minecraft:yellow_bed":4,"minecraft:coal_ore":22,"minecraft:cherry_leaves":66,"minecraft:flower_pot":1,"minecraft:gravel":96,"minecraft:cobweb":22,"minecraft:small_dripleaf":1,"minecraft:chipped_anvil":3,"minecraft:gold_ore":20,"minecraft:fern":14},"minecraft:picked_up":{"minecraft:iron_chestplate":1,"minecraft:wheat":5,"minecraft:flower_pot":1,"minecraft:smithing_table":2,"minecraft:diamond_sword":1,"minecraft:brewing_stand":4,"minecraft:string":53,"minecraft:soul_soil":1,"minecraft:raw_copper":21,"minecraft:cherry_boat":6,"minecraft:cobbled_deepslate":379,"minecraft:spruce_planks":7,"minecraft:calcite":1,"minecraft:iron_pickaxe":3,"minecraft:hopper_minecart":5,"minecraft:melon_slice":95,"immersive_melodies:triangle":1,"minecraft:furnace":7,"minecraft:stick":20,"minecraft:torch":56,"minecraft:green_bed":1,"minecraft:golden_axe":1,"minecraft:cherry_log":113,"minecraft:stone_sword":1,"minecraft:rotten_flesh":75,"farmersdelight:onion":5,"artifacts:panic_necklace":1,"minecraft:obsidian":19,"minecraft:cod":5,"minecraft:iron_bars":1,"minecraft:cobblestone":529,"minecraft:enchanting_table":1,"minecraft:birch_log":1,"minecraft:furnace_minecart":2,"minecraft:pink_petals":131,"minecraft:magma_block":7,"minecraft:feather":2,"minecraft:cherry_planks":30,"minecraft:andesite":2,"minecraft:jungle_log":21,"minecraft:golden_leggings":2,"minecraft:smoker":6,"minecraft:flint":17,"minecraft:tuff":12,"minecraft:lapis_lazuli":110,"minecraft:dirt":1866,"artifacts:shock_pendant":1,"minecraft:bone":34,"minecraft:chipped_anvil":3,"minecraft:bow":2,"minecraft:wheat_seeds":240,"minecraft:raw_gold":61,"minecraft:bell":2,"minecraft:glowstone_dust":2,"minecraft:fletching_table":5,"minecraft:bamboo":27,"minecraft:moss_block":11,"minecraft:oak_planks":26,"artifacts:rooted_boots":1,"minecraft:sand":43,"minecraft:jungle_planks":4,"minecraft:stripped_spruce_log":3,"minecraft:ink_sac":1,"minecraft:grass_block":2,"alexsmobs:animal_dictionary":1,"minecraft:barrel":28,"minecraft:mossy_cobblestone":4,"minecraft:diamond":105,"minecraft:spruce_boat":1,"waystones:waystone":1,"minecraft:rooted_dirt":1,"minecraft:oak_sapling":4,"minecraft:cherry_slab":1,"minecraft:allium":12,"minecraft:crafting_table":23,"minecraft:charcoal":17,"minecraft:coarse_dirt":262,"minecraft:chicken":1,"minecraft:clay_ball":16,"minecraft:chest_minecart":4,"minecraft:stripped_cherry_log":12,"immersive_melodies:lute":1,"minecraft:iron_axe":1,"minecraft:iron_shovel":1,"minecraft:blackstone":84,"minecraft:candle":1,"minecraft:beef":8,"minecraft:oak_boat":3,"minecraft:jungle_sapling":2,"minecraft:spruce_slab":7,"minecraft:minecart":8,"minecraft:sugar_cane":6,"minecraft:chest":1,"minecraft:cherry_trapdoor":11,"minecraft:raw_iron":159,"minecraft:bowl":1,"minecraft:spruce_fence":2,"minecraft:carrot":93,"minecraft:redstone":39,"minecraft:tnt":1,"minecraft:arrow":29,"minecraft:cooked_cod":2,"minecraft:decorated_pot":2,"minecraft:peony":3,"minecraft:oak_chest_boat":5,"minecraft:gold_ingot":1,"minecraft:glow_berries":19,"minecraft:skeleton_skull":6,"minecraft:rail":18,"minecraft:jungle_boat":10,"minecraft:golden_carrot":2,"minecraft:glow_ink_sac":6,"minecraft:leather":10,"minecraft:oak_log":8,"minecraft:lily_pad":2,"minecraft:jungle_button":2,"minecraft:cobblestone_wall":3,"minecraft:yellow_bed":4,"minecraft:gunpowder":13,"minecraft:white_banner":1,"minecraft:iron_ingot":2,"minecraft:stone_pickaxe":1,"artifacts:kitty_slippers":1,"minecraft:iron_sword":1,"minecraft:smooth_basalt":4,"minecraft:dandelion":13,"minecraft:gravel":82,"minecraft:birch_stairs":1,"minecraft:blast_furnace":1,"minecraft:white_bed":6,"minecraft:spruce_log":70,"minecraft:mossy_stone_brick_slab":1,"minecraft:spider_eye":21,"minecraft:chainmail_leggings":2,"minecraft:iron_helmet":2,"minecraft:cherry_sapling":84,"minecraft:coal":70,"minecraft:ender_pearl":3}},"DataVersion":3465}