{"stats":{"minecraft:used":{"minecraft:farmland":2,"marbledsarsenal:swat_armor_chestplate":1,"bunker_down:steel_block":2,"minecraft:cobblestone":3,"minecraft:potato":4,"minecraft:stone":2,"minecraft:cobweb":5},"minecraft:picked_up":{"marbledsarsenal:fire_axe":1},"minecraft:custom":{"minecraft:open_chest":1,"minecraft:time_since_rest":18461,"minecraft:crouch_one_cm":46,"minecraft:play_time":18461,"minecraft:sprint_one_cm":24623,"minecraft:walk_one_cm":10136,"minecraft:sneak_time":139,"minecraft:walk_under_water_one_cm":217,"minecraft:drop":1,"minecraft:jump":71,"minecraft:leave_game":1,"minecraft:time_since_death":18461,"minecraft:walk_on_water_one_cm":83,"minecraft:total_world_time":18461,"minecraft:climb_one_cm":4398,"minecraft:fly_one_cm":105824},"minecraft:dropped":{"marbledsarsenal:fire_axe":1}},"DataVersion":3120}