{"stats":{"minecraft:crafted":{"minecraft:oak_planks":996,"minecraft:cobblestone_slab":6,"minecraft:stone_shovel":16,"minecraft:furnace":1,"minecraft:cooked_mutton":2,"minecraft:diamond_helmet":1,"minecraft:diamond_leggings":3,"minecraft:iron_axe":10,"minecraft:stone_pickaxe":1,"minecraft:chest":3,"minecraft:diamond_boots":3,"minecraft:chainmail_leggings":12,"minecraft:emerald":105,"minecraft:cooked_porkchop":9,"minecraft:crafting_table":2,"minecraft:spruce_planks":268,"minecraft:wooden_pickaxe":1,"minecraft:iron_helmet":1,"minecraft:iron_sword":1,"minecraft:smithing_table":1,"minecraft:fletching_table":1,"minecraft:stone_axe":2,"minecraft:air":0,"biomesoplenty:fir_planks":384,"minecraft:iron_chestplate":9,"minecraft:shield":10,"minecraft:stick":2868,"minecraft:iron_ingot":1,"minecraft:stone_sword":1,"minecraft:diamond_chestplate":1},"minecraft:picked_up":{"minecraft:crafting_table":5,"minecraft:iron_chestplate":9,"minecraft:allium":1,"minecraft:azure_bluet":71,"minecraft:smithing_table":3,"minecraft:shield":9,"minecraft:red_bed":4,"minecraft:string":2,"minecraft:iron_axe":7,"minecraft:white_carpet":9,"minecraft:spruce_planks":1,"minecraft:redstone_torch":1,"minecraft:sugar_cane":19,"minecraft:spruce_trapdoor":1,"minecraft:furnace":3,"minecraft:stick":23,"minecraft:raw_iron":1,"minecraft:torch":1,"minecraft:spruce_stairs":8,"minecraft:spruce_fence":1,"minecraft:porkchop":15,"minecraft:rotten_flesh":2,"minecraft:stone_shovel":10,"minecraft:mutton":6,"minecraft:white_wool":7,"minecraft:cobblestone":106,"biomesoplenty:fir_sapling":2,"biomesoplenty:fir_log":96,"minecraft:flint":3,"minecraft:oak_log":250,"minecraft:dirt":2043,"minecraft:apple":5,"minecraft:wheat_seeds":15,"minecraft:grindstone":7,"minecraft:fletching_table":4,"minecraft:sweet_berries":19,"minecraft:gravel":49,"minecraft:spruce_sapling":5,"minecraft:blast_furnace":2,"minecraft:spruce_log":62,"biomesoplenty:maple_sapling":45,"minecraft:purple_bed":3,"minecraft:stone_axe":1,"minecraft:chainmail_leggings":12,"alexsmobs:maggot":1,"minecraft:oak_sapling":2,"minecraft:light_gray_carpet":3,"minecraft:coal":28},"minecraft:dropped":{"minecraft:wheat_seeds":15,"minecraft:oak_log":1,"biomesoplenty:maple_sapling":45,"minecraft:iron_helmet":1,"minecraft:spruce_stairs":7,"minecraft:dirt":95,"minecraft:iron_leggings":1,"minecraft:iron_axe":7,"minecraft:chainmail_leggings":24,"minecraft:stone_axe":2,"minecraft:sweet_berries":19,"alexsmobs:maggot":1,"minecraft:stone_sword":1,"minecraft:stone_shovel":10,"minecraft:white_carpet":9,"minecraft:rotten_flesh":2,"minecraft:light_gray_carpet":3,"minecraft:azure_bluet":71,"minecraft:spruce_fence":1,"minecraft:cobblestone_slab":3,"minecraft:shield":9,"minecraft:allium":1,"minecraft:spruce_trapdoor":1,"minecraft:iron_chestplate":10,"minecraft:oak_sapling":2,"minecraft:redstone_torch":1,"minecraft:wooden_pickaxe":1},"minecraft:killed":{"alexsmobs:banana_slug":1,"takesapillage:clay_golem":1,"minecraft:pig":8,"minecraft:sheep":5,"alexsmobs:fly":1},"minecraft:broken":{"minecraft:stone_pickaxe":1,"minecraft:iron_axe":2,"minecraft:stone_axe":1,"minecraft:stone_shovel":16},"minecraft:custom":{"minecraft:mob_kills":16,"minecraft:interact_with_crafting_table":11,"minecraft:leave_game":5,"minecraft:time_since_death":119011,"minecraft:sprint_one_cm":408399,"minecraft:walk_one_cm":421894,"minecraft:drop":119,"minecraft:talked_to_villager":92,"minecraft:play_time":168174,"minecraft:deaths":1,"minecraft:sneak_time":14507,"minecraft:walk_under_water_one_cm":5002,"minecraft:jump":2528,"minecraft:walk_on_water_one_cm":10196,"minecraft:total_world_time":168174,"minecraft:interact_with_furnace":7,"minecraft:traded_with_villager":171,"minecraft:sleep_in_bed":11,"minecraft:time_since_rest":8197,"minecraft:damage_taken":1049,"minecraft:damage_dealt":1686,"minecraft:swim_one_cm":39853,"minecraft:fly_one_cm":608828,"minecraft:open_chest":29,"minecraft:crouch_one_cm":48489,"minecraft:fall_one_cm":59553},"minecraft:mined":{"minecraft:spruce_planks":1,"biomesoplenty:desert_grass":1,"minecraft:spruce_trapdoor":1,"minecraft:spruce_fence":1,"minecraft:grass_block":1424,"minecraft:spruce_leaves":41,"biomesoplenty:dead_grass":9,"minecraft:large_fern":2,"minecraft:furnace":3,"minecraft:iron_ore":1,"minecraft:fletching_table":4,"minecraft:azure_bluet":30,"minecraft:dirt_path":10,"minecraft:packed_ice":5,"biomesoplenty:barley":4,"minecraft:stone":106,"minecraft:white_wool":2,"minecraft:smithing_table":3,"minecraft:light_gray_carpet":3,"minecraft:red_bed":4,"minecraft:powder_snow":7,"minecraft:crafting_table":5,"minecraft:blast_furnace":2,"biomesoplenty:sprout":5,"biomesoplenty:huge_clover_petal":44,"minecraft:grindstone":7,"minecraft:sugar_cane":6,"minecraft:spruce_stairs":4,"minecraft:purple_bed":3,"minecraft:sweet_berry_bush":4,"minecraft:ice":1,"minecraft:white_carpet":9,"minecraft:spruce_log":62,"biomesoplenty:maple_leaves":384,"biomesoplenty:fir_log":100,"minecraft:grass":41,"biomesoplenty:clover":79,"minecraft:oak_log":254,"minecraft:coal_ore":28,"biomesoplenty:fir_leaves":32,"minecraft:dirt":681,"minecraft:gravel":54,"minecraft:oak_leaves":4,"minecraft:fern":9},"minecraft:used":{"minecraft:stone_sword":32,"minecraft:stone_shovel":2261,"minecraft:chest":3,"minecraft:iron_sword":6,"minecraft:torch":1,"minecraft:dirt":391,"minecraft:spruce_stairs":1,"minecraft:iron_axe":506,"minecraft:furnace":4,"minecraft:iron_leggings":2,"minecraft:cooked_mutton":2,"minecraft:diamond_boots":1,"minecraft:stone_pickaxe":131,"minecraft:wooden_pickaxe":18,"minecraft:fletching_table":5,"minecraft:cobblestone_slab":3,"minecraft:white_wool":2,"minecraft:crafting_table":7,"minecraft:red_bed":4,"minecraft:blast_furnace":1,"minecraft:spruce_log":1,"minecraft:apple":1,"minecraft:bread":12,"minecraft:gravel":14,"minecraft:stone_axe":157,"minecraft:cobblestone":11,"minecraft:purple_bed":3,"minecraft:cooked_porkchop":9,"minecraft:grindstone":6,"minecraft:smithing_table":4,"alexsmobs:animal_dictionary":5,"minecraft:diamond_leggings":1,"minecraft:chainmail_leggings":1}},"DataVersion":3465}