{"stats":{"minecraft:crafted":{"minecraft:cookie":7,"minecraft:oak_planks":1492,"minecraft:cobblestone_slab":6,"minecraft:stone_shovel":32,"minecraft:furnace":1,"minecraft:diamond_shovel":1,"minecraft:suspicious_stew":5,"minecraft:cooked_mutton":2,"minecraft:cake":1,"minecraft:diamond_helmet":1,"minecraft:diamond_leggings":3,"minecraft:iron_axe":10,"minecraft:spruce_slab":12,"minecraft:stone_pickaxe":6,"minecraft:chest":8,"minecraft:diamond_boots":3,"minecraft:chainmail_leggings":12,"minecraft:emerald":150,"minecraft:cooked_porkchop":9,"minecraft:crafting_table":3,"minecraft:spruce_planks":284,"minecraft:wooden_pickaxe":1,"minecraft:iron_helmet":1,"minecraft:iron_sword":1,"minecraft:smithing_table":1,"minecraft:fletching_table":1,"minecraft:stone_axe":2,"minecraft:bread":60,"minecraft:air":0,"biomesoplenty:fir_planks":384,"minecraft:iron_chestplate":9,"minecraft:shield":10,"minecraft:stick":3876,"minecraft:iron_ingot":1,"minecraft:stone_sword":1,"minecraft:composter":1,"minecraft:diamond_chestplate":2},"minecraft:picked_up":{"minecraft:crafting_table":6,"minecraft:iron_chestplate":9,"minecraft:allium":1,"minecraft:azure_bluet":77,"minecraft:suspicious_stew":5,"minecraft:smithing_table":3,"minecraft:shield":9,"minecraft:red_bed":4,"minecraft:string":2,"minecraft:raw_copper":2,"minecraft:iron_axe":7,"minecraft:white_carpet":9,"minecraft:spruce_planks":10,"minecraft:redstone_torch":1,"minecraft:spruce_slab":5,"minecraft:sugar_cane":19,"minecraft:spruce_trapdoor":5,"minecraft:furnace":3,"minecraft:stick":28,"minecraft:raw_iron":3,"minecraft:torch":1,"minecraft:bowl":1,"minecraft:spruce_stairs":8,"minecraft:spruce_fence":1,"minecraft:porkchop":15,"minecraft:cookie":126,"minecraft:rotten_flesh":2,"minecraft:stone_shovel":10,"minecraft:mutton":6,"minecraft:white_wool":7,"minecraft:cobblestone":605,"biomesoplenty:fir_sapling":2,"biomesoplenty:fir_log":96,"minecraft:flint":3,"minecraft:oak_log":416,"minecraft:dirt":5484,"minecraft:apple":5,"minecraft:wheat_seeds":29,"minecraft:grindstone":7,"minecraft:fletching_table":4,"minecraft:oak_planks":14,"minecraft:pumpkin":8,"minecraft:sweet_berries":19,"minecraft:gravel":58,"minecraft:spruce_sapling":5,"minecraft:blast_furnace":2,"minecraft:spruce_log":66,"minecraft:spider_eye":1,"minecraft:mossy_cobblestone":1,"biomesoplenty:maple_sapling":55,"minecraft:purple_bed":8,"minecraft:stone_axe":1,"minecraft:chainmail_leggings":12,"minecraft:bone_meal":12,"alexsmobs:maggot":2,"minecraft:oak_sapling":2,"minecraft:light_gray_carpet":3,"minecraft:coal":28},"minecraft:dropped":{"minecraft:wheat_seeds":29,"minecraft:oak_log":1,"minecraft:mossy_cobblestone":1,"biomesoplenty:maple_sapling":53,"minecraft:cookie":126,"minecraft:iron_helmet":1,"minecraft:spruce_stairs":7,"minecraft:dirt":104,"minecraft:iron_leggings":1,"minecraft:iron_axe":7,"minecraft:chainmail_leggings":24,"minecraft:gravel":3,"minecraft:stone_axe":2,"minecraft:sweet_berries":19,"alexsmobs:maggot":2,"minecraft:stone_sword":1,"minecraft:raw_copper":2,"minecraft:bowl":6,"minecraft:stone_shovel":10,"minecraft:white_carpet":9,"minecraft:rotten_flesh":2,"minecraft:light_gray_carpet":3,"minecraft:azure_bluet":77,"minecraft:spruce_fence":1,"minecraft:suspicious_stew":5,"minecraft:cobblestone_slab":3,"minecraft:shield":9,"minecraft:allium":1,"minecraft:spruce_trapdoor":5,"minecraft:iron_chestplate":10,"minecraft:oak_sapling":2,"minecraft:redstone_torch":1,"minecraft:spider_eye":1,"minecraft:spruce_slab":10,"minecraft:wooden_pickaxe":1},"minecraft:killed":{"minecraft:spider":1,"alexsmobs:banana_slug":1,"takesapillage:clay_golem":1,"minecraft:pig":8,"minecraft:sheep":5,"minecraft:pillager":2,"alexsmobs:fly":4},"minecraft:broken":{"minecraft:stone_pickaxe":5,"minecraft:diamond_shovel":1,"minecraft:iron_axe":2,"minecraft:stone_axe":1,"minecraft:stone_shovel":31},"minecraft:custom":{"minecraft:mob_kills":22,"minecraft:interact_with_crafting_table":22,"minecraft:leave_game":5,"minecraft:time_since_death":221011,"minecraft:sprint_one_cm":579262,"minecraft:walk_one_cm":841886,"minecraft:damage_blocked_by_shield":340,"minecraft:drop":162,"minecraft:talked_to_villager":124,"minecraft:play_time":270174,"minecraft:deaths":1,"minecraft:sneak_time":21623,"minecraft:walk_under_water_one_cm":5002,"minecraft:jump":3644,"minecraft:walk_on_water_one_cm":10196,"minecraft:total_world_time":270174,"minecraft:interact_with_furnace":7,"minecraft:traded_with_villager":240,"minecraft:sleep_in_bed":19,"minecraft:time_since_rest":5437,"minecraft:damage_taken":1124,"minecraft:damage_dealt":2308,"minecraft:swim_one_cm":39853,"minecraft:fly_one_cm":787329,"minecraft:open_chest":73,"minecraft:crouch_one_cm":71059,"minecraft:fall_one_cm":77819},"minecraft:mined":{"minecraft:spruce_planks":10,"minecraft:mossy_cobblestone":1,"biomesoplenty:desert_grass":1,"minecraft:spruce_trapdoor":3,"minecraft:spruce_fence":1,"minecraft:grass_block":3292,"minecraft:spruce_leaves":44,"biomesoplenty:dead_grass":9,"minecraft:large_fern":4,"minecraft:furnace":3,"minecraft:iron_ore":3,"minecraft:pumpkin":9,"minecraft:fletching_table":4,"minecraft:azure_bluet":30,"minecraft:dirt_path":15,"minecraft:packed_ice":5,"biomesoplenty:barley":4,"minecraft:stone":639,"minecraft:white_wool":2,"minecraft:smithing_table":3,"minecraft:light_gray_carpet":3,"minecraft:glass_pane":1,"minecraft:red_bed":4,"minecraft:powder_snow":7,"minecraft:crafting_table":6,"minecraft:blast_furnace":2,"minecraft:copper_ore":1,"minecraft:cobblestone":12,"minecraft:oak_planks":14,"biomesoplenty:sprout":5,"biomesoplenty:huge_clover_petal":60,"minecraft:grindstone":7,"minecraft:sugar_cane":6,"minecraft:spruce_stairs":4,"minecraft:purple_bed":8,"minecraft:sweet_berry_bush":4,"minecraft:ice":1,"minecraft:white_carpet":9,"minecraft:spruce_log":66,"biomesoplenty:maple_leaves":424,"biomesoplenty:fir_log":100,"minecraft:grass":61,"biomesoplenty:clover":99,"minecraft:oak_log":421,"minecraft:coal_ore":28,"biomesoplenty:fir_leaves":32,"minecraft:dirt":2370,"minecraft:gravel":63,"minecraft:oak_leaves":4,"minecraft:fern":13},"minecraft:used":{"minecraft:stone_sword":32,"minecraft:stone_shovel":4287,"minecraft:spruce_planks":24,"minecraft:chest":8,"minecraft:shield":10,"minecraft:iron_sword":17,"minecraft:torch":1,"minecraft:dirt":461,"minecraft:spruce_stairs":1,"minecraft:iron_axe":749,"minecraft:furnace":4,"minecraft:iron_leggings":2,"minecraft:cooked_mutton":2,"minecraft:diamond_boots":1,"minecraft:stone_pickaxe":686,"minecraft:oak_planks":46,"minecraft:wooden_pickaxe":18,"minecraft:composter":1,"minecraft:fletching_table":5,"minecraft:cobblestone_slab":3,"minecraft:cookie":126,"minecraft:white_wool":2,"minecraft:crafting_table":9,"minecraft:red_bed":4,"minecraft:blast_furnace":2,"minecraft:cake":1,"minecraft:spruce_log":1,"minecraft:oak_log":1,"minecraft:apple":1,"minecraft:diamond_shovel":1579,"minecraft:bread":20,"minecraft:suspicious_stew":5,"minecraft:gravel":14,"minecraft:stone_axe":157,"minecraft:cobblestone":23,"minecraft:purple_bed":8,"minecraft:cooked_porkchop":9,"minecraft:grindstone":6,"minecraft:smithing_table":4,"alexsmobs:animal_dictionary":5,"minecraft:diamond_leggings":1,"minecraft:chainmail_leggings":1}},"DataVersion":3465}