{"stats":{"minecraft:picked_up":{"minecraft:crafting_table":2,"minecraft:jungle_log":16,"minecraft:torch":2,"minecraft:oak_log":4,"minecraft:spider_eye":1,"minecraft:string":3,"alexsmobs:animal_dictionary":1,"minecraft:dirt":9,"minecraft:arrow":1,"minecraft:bone":1,"minecraft:rotten_flesh":5,"minecraft:wheat_seeds":4,"minecraft:oak_boat":3,"minecraft:jungle_sapling":2,"minecraft:bamboo":27,"minecraft:oak_sapling":4,"minecraft:melon_slice":91,"minecraft:coal":20,"minecraft:cobblestone":26},"minecraft:killed":{"minecraft:skeleton":1,"minecraft:zombie":3,"minecraft:panda":1,"minecraft:spider":3},"minecraft:used":{"minecraft:stone_sword":20,"minecraft:melon_slice":30,"minecraft:stone_pickaxe":42,"minecraft:wooden_pickaxe":6,"minecraft:bamboo":27,"minecraft:rotten_flesh":1,"minecraft:stone_axe":52,"minecraft:torch":2,"minecraft:dirt":9,"minecraft:crafting_table":2,"minecraft:oak_sapling":2,"minecraft:oak_boat":4,"minecraft:oak_chest_boat":1},"minecraft:custom":{"minecraft:time_since_rest":16018,"minecraft:sprint_one_cm":54064,"minecraft:damage_taken":855,"minecraft:walk_one_cm":60430,"minecraft:mob_kills":8,"minecraft:drop":12,"minecraft:damage_dealt":1760,"minecraft:interact_with_crafting_table":6,"minecraft:fly_one_cm":39427,"minecraft:crouch_one_cm":3017,"minecraft:play_time":17391,"minecraft:deaths":1,"minecraft:sneak_time":959,"minecraft:walk_under_water_one_cm":3719,"minecraft:boat_one_cm":30426,"minecraft:jump":416,"minecraft:walk_on_water_one_cm":972,"minecraft:time_since_death":15993,"minecraft:climb_one_cm":2761,"minecraft:total_world_time":17391,"minecraft:fall_one_cm":10199},"minecraft:dropped":{"minecraft:wheat_seeds":4,"alexsmobs:animal_dictionary":2,"minecraft:oak_sapling":2,"minecraft:spider_eye":1,"minecraft:jungle_sapling":2,"minecraft:wooden_pickaxe":1},"minecraft:crafted":{"minecraft:oak_boat":2,"minecraft:oak_planks":16,"minecraft:oak_chest_boat":1,"minecraft:crafting_table":2,"minecraft:chest":1,"minecraft:stick":8,"minecraft:wooden_pickaxe":1,"minecraft:stone_pickaxe":1,"minecraft:stone_sword":1,"minecraft:torch":4,"minecraft:stone_axe":1,"minecraft:jungle_planks":64},"minecraft:mined":{"minecraft:podzol":1,"minecraft:fire":3,"minecraft:jungle_leaves":11,"minecraft:oak_log":4,"minecraft:torch":2,"minecraft:crafting_table":2,"minecraft:grass":11,"minecraft:grass_block":1,"minecraft:coal_ore":20,"minecraft:melon":19,"minecraft:vine":1,"minecraft:jungle_log":15,"minecraft:dirt":7,"minecraft:stone":23,"minecraft:oak_leaves":8}},"DataVersion":3465}