{"stats":{"minecraft:broken":{"minecraft:stone_pickaxe":9,"minecraft:diamond_shovel":1,"minecraft:iron_axe":3,"minecraft:stone_axe":1,"minecraft:stone_shovel":39},"minecraft:killed":{"minecraft:spider":3,"minecraft:skeleton":4,"alexsmobs:banana_slug":1,"takesapillage:clay_golem":1,"minecraft:pig":8,"minecraft:sheep":5,"minecraft:pillager":2,"minecraft:zombie":5,"alexsmobs:fly":6,"minecraft:cow":2},"minecraft:crafted":{"minecraft:cookie":7,"minecraft:oak_planks":1624,"minecraft:cobblestone_slab":6,"minecraft:stone_shovel":41,"minecraft:furnace":3,"minecraft:diamond_shovel":1,"farmersdelight:rope":4,"minecraft:cooked_mutton":2,"minecraft:suspicious_stew":5,"minecraft:oak_trapdoor":2,"farmersdelight:safety_net":1,"minecraft:cake":1,"minecraft:glass":20,"minecraft:diamond_helmet":1,"minecraft:diamond_leggings":3,"minecraft:iron_axe":10,"minecraft:ladder":9,"minecraft:spruce_slab":12,"minecraft:stone_pickaxe":10,"minecraft:chest":8,"minecraft:diamond_boots":3,"minecraft:stone_hoe":1,"minecraft:oak_fence":3,"minecraft:chainmail_leggings":12,"minecraft:oak_slab":156,"minecraft:emerald":152,"minecraft:cooked_porkchop":9,"minecraft:crafting_table":5,"minecraft:spruce_planks":284,"minecraft:iron_helmet":1,"minecraft:wooden_pickaxe":1,"minecraft:iron_sword":1,"minecraft:smithing_table":1,"minecraft:fletching_table":1,"minecraft:stone_axe":2,"minecraft:bread":60,"minecraft:air":0,"biomesoplenty:fir_planks":384,"minecraft:spruce_trapdoor":4,"minecraft:iron_chestplate":9,"minecraft:shield":10,"minecraft:stick":3904,"minecraft:iron_ingot":4,"minecraft:stone_sword":1,"minecraft:composter":1,"minecraft:spruce_fence_gate":1,"minecraft:torch":104,"minecraft:diamond_chestplate":2},"minecraft:picked_up":{"minecraft:iron_chestplate":9,"minecraft:crafting_table":8,"minecraft:wheat":17,"minecraft:allium":1,"minecraft:azure_bluet":78,"minecraft:ladder":9,"minecraft:suspicious_stew":5,"minecraft:smithing_table":3,"minecraft:shield":9,"minecraft:string":4,"minecraft:oak_trapdoor":3,"minecraft:red_bed":4,"minecraft:raw_copper":28,"minecraft:iron_axe":7,"minecraft:white_carpet":9,"minecraft:spruce_planks":10,"minecraft:beef":6,"minecraft:redstone_torch":1,"minecraft:spruce_slab":5,"minecraft:sugar_cane":22,"minecraft:spruce_trapdoor":8,"minecraft:furnace":3,"minecraft:stick":28,"minecraft:raw_iron":4,"minecraft:torch":22,"minecraft:bowl":1,"minecraft:spruce_stairs":8,"minecraft:spruce_fence":1,"minecraft:porkchop":15,"minecraft:cookie":126,"minecraft:arrow":4,"minecraft:stone_shovel":11,"minecraft:rotten_flesh":4,"minecraft:mutton":6,"minecraft:white_wool":7,"minecraft:cobblestone":1133,"farmersdelight:safety_net":2,"minecraft:potato":1,"biomesoplenty:fir_sapling":2,"biomesoplenty:fir_log":96,"minecraft:flint":11,"minecraft:oak_log":421,"minecraft:dirt":6530,"minecraft:bone":2,"minecraft:apple":5,"minecraft:wheat_seeds":93,"minecraft:grindstone":7,"minecraft:fletching_table":4,"minecraft:oak_planks":40,"minecraft:oak_slab":10,"minecraft:pumpkin":8,"minecraft:sweet_berries":19,"minecraft:gravel":94,"minecraft:sand":20,"minecraft:spruce_sapling":5,"minecraft:blast_furnace":2,"minecraft:spruce_log":66,"minecraft:spider_eye":2,"minecraft:mossy_cobblestone":1,"biomesoplenty:maple_sapling":62,"minecraft:purple_bed":8,"minecraft:stone_axe":1,"minecraft:chainmail_leggings":12,"minecraft:bone_meal":12,"alexsmobs:maggot":3,"minecraft:oak_sapling":2,"minecraft:light_gray_carpet":3,"minecraft:coal":45},"minecraft:dropped":{"minecraft:wheat_seeds":53,"minecraft:oak_log":1,"minecraft:mossy_cobblestone":1,"biomesoplenty:maple_sapling":62,"minecraft:cookie":126,"minecraft:iron_helmet":1,"minecraft:cobblestone":52,"minecraft:spruce_stairs":7,"minecraft:dirt":618,"minecraft:iron_leggings":1,"minecraft:iron_axe":7,"minecraft:chainmail_leggings":24,"minecraft:gravel":9,"minecraft:stone_axe":2,"minecraft:sweet_berries":19,"alexsmobs:maggot":3,"minecraft:oak_trapdoor":1,"minecraft:stone_sword":1,"minecraft:raw_copper":2,"minecraft:bowl":6,"minecraft:stone_shovel":11,"minecraft:white_carpet":9,"minecraft:rotten_flesh":4,"minecraft:light_gray_carpet":3,"minecraft:azure_bluet":78,"minecraft:spruce_fence":1,"minecraft:suspicious_stew":5,"minecraft:cobblestone_slab":3,"minecraft:shield":9,"minecraft:allium":1,"minecraft:spruce_trapdoor":6,"minecraft:iron_chestplate":10,"minecraft:oak_sapling":2,"minecraft:redstone_torch":1,"minecraft:spider_eye":2,"minecraft:spruce_slab":10,"minecraft:wooden_pickaxe":1},"minecraft:mined":{"minecraft:spruce_planks":10,"minecraft:mossy_cobblestone":1,"biomesoplenty:desert_grass":1,"minecraft:spruce_trapdoor":6,"minecraft:grass_block":3810,"minecraft:spruce_fence":1,"minecraft:spruce_leaves":44,"biomesoplenty:dead_grass":9,"minecraft:large_fern":4,"minecraft:oak_trapdoor":3,"minecraft:furnace":3,"minecraft:iron_ore":4,"minecraft:pumpkin":9,"minecraft:fletching_table":4,"minecraft:azure_bluet":31,"minecraft:dirt_path":17,"minecraft:packed_ice":5,"biomesoplenty:barley":4,"minecraft:stone":1169,"minecraft:white_wool":2,"minecraft:smithing_table":3,"minecraft:oak_slab":6,"minecraft:light_gray_carpet":3,"minecraft:glass_pane":1,"minecraft:red_bed":4,"minecraft:powder_snow":7,"minecraft:crafting_table":8,"minecraft:torch":9,"minecraft:blast_furnace":2,"farmersdelight:safety_net":2,"minecraft:copper_ore":8,"minecraft:cobblestone":20,"biomesoplenty:sprout":5,"biomesoplenty:huge_clover_petal":86,"minecraft:oak_planks":40,"minecraft:grindstone":7,"minecraft:sugar_cane":7,"minecraft:wall_torch":1,"minecraft:spruce_stairs":4,"minecraft:purple_bed":8,"minecraft:sweet_berry_bush":4,"minecraft:wheat":17,"minecraft:ice":1,"minecraft:white_carpet":9,"minecraft:spruce_log":66,"biomesoplenty:maple_leaves":424,"biomesoplenty:fir_log":100,"minecraft:grass":100,"biomesoplenty:clover":164,"minecraft:oak_log":426,"minecraft:coal_ore":45,"biomesoplenty:fir_leaves":32,"minecraft:gravel":105,"minecraft:dirt":2876,"minecraft:sand":20,"minecraft:oak_leaves":4,"minecraft:fern":41},"minecraft:used":{"minecraft:oak_fence":2,"minecraft:oak_trapdoor":4,"minecraft:stone_sword":32,"minecraft:stone_shovel":5367,"minecraft:ladder":17,"minecraft:chest":8,"minecraft:spruce_planks":24,"minecraft:shield":12,"minecraft:iron_sword":53,"minecraft:stone_hoe":43,"minecraft:torch":105,"minecraft:dirt":1801,"minecraft:spruce_stairs":1,"minecraft:glass":20,"minecraft:iron_axe":799,"minecraft:furnace":6,"farmersdelight:safety_net":2,"minecraft:potato":2,"minecraft:iron_leggings":2,"minecraft:wheat_seeds":40,"minecraft:cooked_mutton":2,"minecraft:diamond_boots":1,"minecraft:stone_pickaxe":1257,"minecraft:oak_planks":136,"minecraft:wooden_pickaxe":18,"minecraft:composter":1,"minecraft:fletching_table":5,"minecraft:spruce_fence_gate":1,"minecraft:cobblestone_slab":3,"minecraft:cookie":126,"minecraft:white_wool":2,"minecraft:oak_slab":166,"minecraft:crafting_table":13,"minecraft:red_bed":4,"minecraft:blast_furnace":2,"minecraft:spruce_log":1,"minecraft:pumpkin_seeds":3,"minecraft:cake":1,"minecraft:oak_log":14,"minecraft:diamond_shovel":1579,"minecraft:apple":1,"minecraft:suspicious_stew":5,"minecraft:bread":39,"minecraft:spruce_trapdoor":6,"minecraft:gravel":16,"minecraft:stone_axe":157,"minecraft:cobblestone":73,"minecraft:purple_bed":8,"minecraft:grindstone":6,"minecraft:cooked_porkchop":9,"minecraft:smithing_table":4,"minecraft:bucket":1,"minecraft:pumpkin_pie":2,"alexsmobs:animal_dictionary":5,"minecraft:diamond_leggings":1,"minecraft:bone_meal":12,"minecraft:chainmail_leggings":1},"minecraft:custom":{"minecraft:mob_kills":37,"minecraft:animals_bred":7,"minecraft:interact_with_crafting_table":48,"minecraft:leave_game":7,"minecraft:time_since_death":356204,"minecraft:climb_one_cm":16117,"minecraft:sprint_one_cm":868009,"minecraft:walk_one_cm":1218153,"minecraft:damage_blocked_by_shield":420,"minecraft:drop":205,"minecraft:talked_to_villager":136,"minecraft:play_time":405367,"minecraft:sneak_time":30881,"minecraft:deaths":1,"minecraft:walk_under_water_one_cm":8385,"minecraft:jump":5734,"minecraft:interact_with_blast_furnace":5,"minecraft:walk_on_water_one_cm":25420,"minecraft:total_world_time":405367,"minecraft:interact_with_furnace":17,"minecraft:traded_with_villager":242,"minecraft:sleep_in_bed":29,"minecraft:time_since_rest":6903,"minecraft:damage_taken":1400,"minecraft:damage_dealt":4666,"minecraft:swim_one_cm":60638,"minecraft:fly_one_cm":1186157,"minecraft:open_chest":147,"minecraft:crouch_one_cm":104085,"minecraft:fall_one_cm":109733}},"DataVersion":3465}