{"stats":{"minecraft:mined":{"minecraft:spruce_planks":100,"minecraft:farmland":34,"minecraft:cobblestone_stairs":4,"minecraft:obsidian":5,"minecraft:spruce_trapdoor":71,"minecraft:grass_block":1643,"biomesoplenty:flowering_oak_leaves":1,"minecraft:light_gray_bed":14,"farmersdelight:budding_tomatoes":20,"minecraft:composter":3,"farmersdelight:rice":1,"minecraft:iron_ore":5,"minecraft:cobbled_deepslate":14,"minecraft:fire":1,"minecraft:pumpkin":7,"minecraft:azure_bluet":2,"minecraft:red_tulip":1,"supplementaries:stick":2,"minecraft:dirt_path":206,"minecraft:pink_tulip":1,"minecraft:torch":40,"minecraft:poppy":2,"minecraft:chest":5,"supplementaries:wild_flax":3,"farmersdelight:cabbages":5,"minecraft:cobblestone":227,"minecraft:grindstone":1,"minecraft:sugar_cane":5,"minecraft:oak_planks":54,"bunker_down:underroot":3,"minecraft:wall_torch":18,"minecraft:mud":1,"minecraft:wheat":56,"minecraft:lilac":1,"biomesoplenty:maple_leaves":19,"minecraft:orange_tulip":1,"biomesoplenty:fir_log":11,"minecraft:grass":315,"minecraft:oak_log":46,"minecraft:dirt":1536,"minecraft:piston":6,"minecraft:oak_leaves":72,"minecraft:deepslate":60,"minecraft:mossy_cobblestone":21,"vm:vending_machine":1,"farmersdelight:wild_carrots":12,"biomesoplenty:bush":1,"minecraft:spruce_fence":25,"minecraft:redstone_wire":1,"farmersdelight:tomatoes":3,"minecraft:spruce_leaves":9,"minecraft:cartography_table":1,"minecraft:large_fern":2,"minecraft:furnace":3,"minecraft:carrots":3,"biomesoplenty:toadstool":25,"supplementaries:flax":1,"minecraft:andesite":3,"minecraft:stripped_spruce_log":10,"bunker_down:steel_vent":1,"minecraft:potatoes":39,"minecraft:deepslate_iron_ore":13,"minecraft:cobblestone_slab":34,"crittersandcompanions:silk_cocoon":1,"bunker_down:steel_block":5,"minecraft:stone":626,"farmersdelight:cooking_pot":3,"minecraft:glass_pane":10,"minecraft:lily_of_the_valley":15,"minecraft:spruce_door":2,"minecraft:dandelion":3,"minecraft:oak_fence":4,"minecraft:crafting_table":16,"biomesoplenty:fir_planks":9,"minecraft:rose_bush":11,"minecraft:tall_grass":28,"minecraft:copper_ore":3,"biomesoplenty:sprout":156,"minecraft:lapis_ore":4,"minecraft:diorite":5,"supplementaries:urn":4,"minecraft:spruce_stairs":2,"minecraft:purple_bed":1,"minecraft:cobblestone_wall":136,"minecraft:sweet_berry_bush":78,"minecraft:spruce_log":226,"minecraft:coal_ore":6,"biomesoplenty:fir_leaves":56,"minecraft:gravel":53,"minecraft:cobweb":4,"minecraft:spruce_fence_gate":1,"minecraft:fern":6},"minecraft:killed_by":{"minecraft:drowned":1,"minecraft:zombie":1,"rottencreatures:undead_miner":1,"minecraft:iron_golem":1,"naturalist:bear":1},"minecraft:dropped":{"minecraft:iron_sword":2,"minecraft:orange_tulip":1,"farmersdelight:cooked_bacon":17,"biomesoplenty:fir_sapling":3,"minecraft:cobblestone_stairs":2,"minecraft:dirt":83,"marbledsarsenal:baseball_bat":1,"taccraft:flak_vest_helmet":1,"minecraft:gravel":1,"minecraft:white_tulip":1,"minecraft:stone_axe":4,"minecraft:iron_nugget":3,"minecraft:cobbled_deepslate":11,"minecraft:wheat":1,"minecraft:rotten_flesh":47,"minecraft:oak_planks":10,"minecraft:fern":1,"minecraft:azure_bluet":3,"minecraft:poppy":3,"supplementaries:flax_seeds":5,"bunker_down:underroot_stage_1":6,"cold_sweat:fur_pants":2,"minecraft:water_bucket":1,"minecraft:iron_ingot":4,"minecraft:bread":1,"minecraft:wheat_seeds":67,"minecraft:mossy_cobblestone":17,"minecraft:feather":4,"minecraft:cobblestone":23,"minecraft:granite":2,"minecraft:copper_ingot":1,"minecraft:spruce_door":1,"minecraft:spruce_stairs":2,"minecraft:stick":3,"minecraft:spruce_fence_gate":3,"minecraft:diorite":139,"minecraft:torch":7,"marbledsarsenal:barbed_baseball_bat":1,"minecraft:rose_bush":14,"minecraft:potion":2,"minecraft:iron_axe":1,"bunker_down:brittle_pickaxe":1,"minecraft:dandelion":4,"minecraft:sweet_berries":34,"minecraft:cobblestone_wall":3,"minecraft:raw_copper":5,"farmersdelight:cabbage_seeds":2,"minecraft:stone_shovel":7,"minecraft:chicken":1,"farmersdelight:tomato_sauce":5,"sophisticatedbackpacks:backpack":1,"minecraft:spruce_fence":1,"minecraft:lily_of_the_valley":5,"minecraft:diamond_sword":1,"minecraft:cobblestone_slab":16,"cold_sweat:fur_cap":2,"minecraft:potato":4,"farmersdelight:fried_egg":2,"minecraft:spruce_trapdoor":4,"minecraft:spruce_planks":3,"minecraft:andesite":5,"minecraft:light_gray_bed":1,"minecraft:oak_sapling":6,"bunker_down:steel_block":1,"minecraft:redstone_torch":5,"minecraft:spruce_log":1,"minecraft:stone_pickaxe":9,"farmersdelight:diamond_knife":2},"minecraft:broken":{"minecraft:iron_shovel":1,"minecraft:stone_pickaxe":1,"minecraft:stone_axe":2,"minecraft:iron_sword":1,"taccraft:flak_vest_helmet":1,"minecraft:stone_shovel":24,"minecraft:iron_pickaxe":2},"minecraft:killed":{"rottencreatures:burned":1,"naturalist:robin":3,"minecraft:zombie_horse":1,"naturalist:snail":1,"minecraft:skeleton":2,"minecraft:chicken":1,"minecraft:pig":7,"minecraft:zombie_villager":4,"minecraft:sheep":2,"minecraft:zombie":82,"minecraft:donkey":1,"hordes:zombie_player":1,"minecraft:drowned":12,"rottencreatures:undead_miner":4,"minecraft:husk":78,"naturalist:bear":2},"minecraft:custom":{"minecraft:animals_bred":5,"minecraft:interact_with_crafting_table":103,"minecraft:bell_ring":31,"minecraft:leave_game":20,"minecraft:time_since_death":177482,"minecraft:sprint_one_cm":1719987,"minecraft:drop":212,"minecraft:talked_to_villager":36,"minecraft:play_time":769247,"minecraft:deaths":8,"minecraft:jump":12877,"minecraft:walk_on_water_one_cm":35540,"minecraft:interact_with_furnace":38,"minecraft:traded_with_villager":12,"minecraft:interact_with_cartography_table":1,"minecraft:sleep_in_bed":25,"minecraft:damage_dealt":46105,"minecraft:crouch_one_cm":222944,"minecraft:mob_kills":234,"minecraft:interact_with_campfire":152,"minecraft:damage_dealt_resisted":681,"minecraft:climb_one_cm":38282,"minecraft:walk_one_cm":1716744,"minecraft:damage_dealt_absorbed":8,"minecraft:sneak_time":93072,"minecraft:walk_under_water_one_cm":18972,"minecraft:boat_one_cm":345819,"minecraft:interact_with_blast_furnace":2,"minecraft:total_world_time":769247,"minecraft:interact_with_grindstone":2,"minecraft:time_since_rest":86675,"minecraft:damage_taken":7422,"minecraft:swim_one_cm":16623,"minecraft:fly_one_cm":2235655,"minecraft:open_chest":234,"minecraft:fall_one_cm":300775},"minecraft:crafted":{"minecraft:oak_planks":184,"minecraft:cobblestone_slab":30,"minecraft:stone":8,"securitycraft:keypad_item":1,"minecraft:heavy_weighted_pressure_plate":1,"minecraft:bow":1,"minecraft:chest":7,"minecraft:stone_hoe":2,"minecraft:oak_fence":3,"farmersdelight:tomato_seeds":80,"minecraft:cauldron":1,"sophisticatedbackpacks:backpack":1,"minecraft:emerald":6,"minecraft:crafting_table":9,"minecraft:spruce_planks":612,"minecraft:fletching_table":1,"biomesoplenty:fir_planks":56,"minecraft:spruce_trapdoor":2,"minecraft:iron_chestplate":1,"minecraft:charcoal":3,"minecraft:stick":400,"minecraft:iron_ingot":15,"minecraft:iron_pickaxe":1,"minecraft:spruce_fence_gate":1,"minecraft:stone_shovel":30,"minecraft:iron_nugget":9,"minecraft:spruce_button":1,"minecraft:furnace":4,"minecraft:stone_button":8,"minecraft:bone_meal":30,"minecraft:spruce_fence":105,"minecraft:iron_axe":1,"minecraft:spruce_slab":6,"minecraft:stone_pickaxe":10,"minecraft:cobblestone_wall":144,"minecraft:spruce_boat":2,"minecraft:diamond_sword":1,"minecraft:iron_sword":1,"minecraft:bowl":36,"farmersdelight:cooking_pot":1,"minecraft:stone_axe":7,"minecraft:bread":7,"minecraft:air":0,"minecraft:potion":4,"farmersdelight:diamond_knife":3,"minecraft:torch":32},"minecraft:picked_up":{"minecraft:wheat":25,"cold_sweat:fur_cap":2,"minecraft:lead":4,"minecraft:diamond_sword":1,"minecraft:potion":149,"minecraft:string":4,"minecraft:raw_copper":5,"flashlight:flashlight":2,"minecraft:bucket":1,"minecraft:cobbled_deepslate":71,"biomesoplenty:fir_planks":3,"minecraft:spruce_planks":185,"minecraft:white_tulip":1,"minecraft:redstone_torch":5,"minecraft:rose_bush":15,"minecraft:cobblestone_slab":48,"minecraft:iron_pickaxe":1,"farmersdelight:cabbage_seeds":5,"minecraft:furnace":4,"minecraft:stick":11,"farmersdelight:rotten_tomato":8,"minecraft:composter":3,"minecraft:oak_fence":3,"minecraft:torch":90,"minecraft:spruce_stairs":2,"minecraft:porkchop":36,"minecraft:diorite":75,"farmersdelight:fried_egg":4,"minecraft:rotten_flesh":260,"minecraft:light_gray_bed":13,"minecraft:red_tulip":1,"minecraft:obsidian":4,"minecraft:cobblestone":850,"minecraft:nautilus_shell":2,"minecraft:lilac":1,"cold_sweat:fur_pants":2,"taccraft:flak_vest_helmet":2,"minecraft:feather":6,"minecraft:cooked_beef":2,"farmersdelight:rice":2,"minecraft:water_bucket":2,"minecraft:andesite":6,"taccraft:nylon_stripe":1,"minecraft:potato":102,"bunker_down:steel_vent":1,"biomesoplenty:fir_sapling":3,"biomesoplenty:fir_log":11,"minecraft:flint":4,"supplementaries:flax_seeds":6,"farmersdelight:cooked_bacon":38,"minecraft:lapis_lazuli":28,"farmersdelight:tomato":197,"minecraft:dirt":3184,"minecraft:bone":12,"minecraft:orange_tulip":2,"minecraft:wheat_seeds":181,"minecraft:grindstone":1,"minecraft:stone_hoe":1,"minecraft:oak_planks":91,"biomesoplenty:toadstool":22,"minecraft:cooked_porkchop":16,"minecraft:stripped_spruce_log":10,"minecraft:lily_of_the_valley":13,"minecraft:mossy_cobblestone":22,"minecraft:spruce_fence_gate":3,"minecraft:diamond":2,"minecraft:spruce_boat":3,"minecraft:granite":2,"minecraft:bone_meal":6,"minecraft:emerald":5,"flashlight:smallredstonebattery":2,"minecraft:oak_sapling":7,"minecraft:diamond_pickaxe":2,"minecraft:mud":1,"minecraft:crafting_table":18,"minecraft:azure_bluet":5,"minecraft:chicken":2,"minecraft:ladder":2,"marbledsapi:steel_sheet":1,"marbledsarsenal:baseball_bat":1,"farmersdelight:diamond_knife":1,"minecraft:iron_shovel":1,"minecraft:cartography_table":1,"minecraft:beef":2,"minecraft:iron_nugget":6,"minecraft:poppy":6,"minecraft:sugar_cane":12,"minecraft:chest":5,"crittersandcompanions:clam":21,"minecraft:piston":11,"minecraft:spruce_trapdoor":72,"minecraft:egg":39,"minecraft:raw_iron":20,"farmersdelight:minced_beef":2,"minecraft:copper_ingot":1,"sophisticatedbackpacks:backpack":2,"minecraft:spruce_fence":25,"farmersdelight:tomato_seeds":31,"marbledsarsenal:katana":1,"minecraft:carrot":21,"minecraft:redstone":22,"minecraft:arrow":4,"minecraft:stone_shovel":3,"crittersandcompanions:silk":15,"minecraft:pink_tulip":2,"minecraft:mutton":6,"minecraft:white_wool":4,"minecraft:leather":7,"minecraft:fern":1,"minecraft:oak_log":44,"minecraft:cobblestone_wall":157,"minecraft:cobblestone_stairs":4,"bunker_down:steel_block":6,"farmersdelight:cooking_pot":3,"minecraft:apple":1,"farmersdelight:apple_cider":2,"minecraft:rabbit_hide":3,"minecraft:iron_ingot":8,"minecraft:stone_pickaxe":2,"minecraft:cobweb":3,"minecraft:glass_bottle":5,"minecraft:iron_sword":1,"minecraft:pumpkin":7,"minecraft:sweet_berries":395,"bunker_down:underroot_stage_1":12,"minecraft:dandelion":4,"minecraft:gravel":44,"minecraft:spruce_log":246,"minecraft:spruce_door":5,"minecraft:pumpkin_seeds":4,"minecraft:purple_bed":1,"minecraft:stone_axe":2,"minecraft:baked_potato":8,"minecraft:coal":22,"minecraft:sunflower":1},"minecraft:used":{"minecraft:iron_shovel":146,"minecraft:spruce_slab":1,"minecraft:poppy":4,"minecraft:chest":13,"minecraft:iron_sword":250,"marbledsarsenal:barbed_baseball_bat":168,"minecraft:farmland":4,"minecraft:rotten_flesh":149,"minecraft:iron_chestplate":2,"minecraft:skeleton_spawn_egg":3,"minecraft:lily_of_the_valley":10,"securitycraft:keypad_item":1,"minecraft:carrot":20,"minecraft:azure_bluet":4,"minecraft:stripped_spruce_log":10,"minecraft:milk_bucket":17,"minecraft:spruce_boat":2,"minecraft:lava_bucket":7,"farmersdelight:tomato":10,"farmersdelight:rotten_tomato":2,"taccraft:flak_vest_helmet":1,"farmersdelight:tomato_sauce":8,"minecraft:sweet_berries":283,"minecraft:furnace":7,"minecraft:egg":1,"minecraft:potato":121,"bunker_down:steel_vent":3,"minecraft:spruce_door":2,"minecraft:stone_pickaxe":468,"minecraft:oak_planks":59,"minecraft:orange_tulip":1,"biomesoplenty:fir_planks":35,"minecraft:composter":3,"farmersdelight:rice":1,"minecraft:creeper_spawn_egg":2,"cold_sweat:fur_pants":1,"bunker_down:steel_block":3,"minecraft:light_gray_concrete":2,"minecraft:bread":14,"minecraft:gravel":26,"minecraft:lilac":1,"supplementaries:flax_seeds":1,"minecraft:diamond_sword":56,"minecraft:andesite":1,"minecraft:air":2,"minecraft:bone_meal":36,"minecraft:oak_fence":6,"marbledsarsenal:baseball_bat":293,"minecraft:netherite_sword":6,"minecraft:rose_bush":15,"farmersdelight:diamond_knife":4,"minecraft:armor_stand":2,"minecraft:stone_shovel":3200,"securitycraft:keypad_chest":1,"minecraft:silverfish_spawn_egg":1,"minecraft:spruce_planks":215,"minecraft:wither_skeleton_spawn_egg":1,"minecraft:stone_hoe":175,"minecraft:stick":2,"minecraft:torch":106,"minecraft:dirt":455,"bunker_down:brittle_pickaxe":2,"minecraft:cobblestone_wall":185,"minecraft:spruce_fence":101,"minecraft:red_tulip":1,"minecraft:iron_axe":189,"minecraft:spruce_button":1,"marbledsarsenal:katana":179,"farmersdelight:cooking_pot":4,"naturalist:bass_bucket":1,"minecraft:cooked_beef":3,"farmersdelight:tomato_seeds":99,"minecraft:cobbled_deepslate":51,"minecraft:light_gray_bed":10,"farmersdelight:fried_egg":2,"minecraft:wheat_seeds":15,"minecraft:cooked_mutton":2,"minecraft:water_bucket":78,"minecraft:pink_tulip":2,"minecraft:lead":1,"minecraft:glass_bottle":51,"minecraft:baked_potato":8,"minecraft:cauldron":1,"minecraft:fletching_table":1,"minecraft:cobblestone_slab":46,"minecraft:spruce_fence_gate":1,"minecraft:crafting_table":25,"minecraft:spruce_log":70,"minecraft:mud":1,"minecraft:piston":11,"minecraft:diamond_pickaxe":454,"farmersdelight:apple_cider":3,"minecraft:apple":1,"bunker_down:underroot_stage_1":2,"minecraft:iron_pickaxe":292,"minecraft:spruce_trapdoor":15,"minecraft:stone_axe":632,"farmersdelight:cooked_bacon":44,"minecraft:cobblestone":306,"minecraft:potion":59,"minecraft:cooked_porkchop":16,"minecraft:bucket":86,"minecraft:dandelion":3}},"DataVersion":3120}