{"stats":{"minecraft:picked_up":{"minecraft:iron_chestplate":2,"minecraft:flower_pot":1,"minecraft:anvil":1,"minecraft:suspicious_stew":7,"minecraft:smithing_table":5,"minecraft:lead":3,"minecraft:diamond_sword":3,"minecraft:brewing_stand":17,"minecraft:string":75,"minecraft:soul_soil":1,"minecraft:cherry_boat":6,"minecraft:cobbled_deepslate":665,"minecraft:spruce_planks":65,"minecraft:hopper_minecart":5,"minecraft:melon_slice":95,"minecraft:composter":5,"minecraft:green_bed":1,"minecraft:golden_axe":1,"minecraft:cherry_log":173,"minecraft:stone_sword":1,"farmersdelight:onion":13,"minecraft:iron_bars":1,"minecraft:snowball":155,"minecraft:birch_log":1,"minecraft:furnace_minecart":2,"minecraft:magma_block":7,"minecraft:feather":2,"minecraft:jungle_log":21,"minecraft:smoker":7,"minecraft:flint":90,"minecraft:lantern":4,"artifacts:shock_pendant":1,"securitycraft:reinforced_stone_button":8,"minecraft:chipped_anvil":7,"minecraft:glowstone_dust":3,"minecraft:moss_block":11,"minecraft:stripped_spruce_log":4,"sophisticatedbackpacks:iron_backpack":2,"minecraft:ink_sac":1,"alexsmobs:animal_dictionary":1,"minecraft:barrel":37,"alexsmobs:maggot":3,"minecraft:rooted_dirt":20,"minecraft:cherry_slab":79,"minecraft:diamond_pickaxe":1,"sophisticatedbackpacks:gold_backpack":1,"minecraft:mud":1,"minecraft:crafting_table":29,"minecraft:coarse_dirt":668,"minecraft:clay_ball":40,"minecraft:stripped_cherry_log":27,"minecraft:iron_shovel":1,"minecraft:glass_pane":12,"minecraft:beef":8,"minecraft:jungle_sapling":2,"minecraft:spruce_slab":49,"minecraft:minecart":8,"minecraft:chest":2,"minecraft:cherry_button":2,"minecraft:raw_copper_block":1,"minecraft:egg":2,"minecraft:stone":1,"minecraft:spruce_fence":2,"minecraft:carrot":572,"minecraft:redstone":89,"minecraft:tnt":2,"minecraft:peony":3,"minecraft:cooked_cod":2,"minecraft:decorated_pot":2,"minecraft:beetroot_seeds":1,"minecraft:diamond_boots":1,"minecraft:gold_ingot":1,"minecraft:oak_chest_boat":5,"minecraft:glow_berries":19,"minecraft:white_wool":13,"minecraft:rail":18,"minecraft:oak_log":8,"minecraft:lily_pad":2,"minecraft:jungle_button":2,"mowziesmobs:wrought_axe":1,"minecraft:blue_bed":8,"minecraft:white_banner":8,"minecraft:stone_bricks":1,"minecraft:kelp":3,"minecraft:stone_pickaxe":3,"minecraft:cobweb":11,"minecraft:iron_sword":1,"minecraft:gray_bed":2,"minecraft:smooth_basalt":4,"minecraft:spyglass":1,"minecraft:gravel":1039,"minecraft:birch_stairs":1,"minecraft:spruce_sapling":191,"minecraft:spruce_log":2391,"minecraft:diamond_shovel":4,"minecraft:purple_bed":5,"minecraft:ender_pearl":6,"minecraft:wheat":210,"minecraft:raw_copper":54,"minecraft:smooth_stone":95,"minecraft:calcite":1,"minecraft:iron_pickaxe":6,"immersive_melodies:triangle":1,"minecraft:furnace":7,"minecraft:stick":359,"minecraft:torch":153,"minecraft:pointed_dripstone":2,"minecraft:diorite":51,"minecraft:rotten_flesh":101,"artifacts:panic_necklace":1,"minecraft:cod":5,"minecraft:obsidian":19,"minecraft:cobblestone":1351,"minecraft:enchanting_table":1,"minecraft:pink_petals":132,"minecraft:cherry_planks":93,"minecraft:andesite":2,"minecraft:golden_leggings":2,"minecraft:tuff":22,"minecraft:dirt":5500,"minecraft:lapis_lazuli":135,"alexsmobs:rocky_shell":1,"minecraft:bone":44,"minecraft:bow":2,"minecraft:wheat_seeds":1024,"minecraft:raw_gold":89,"minecraft:bell":12,"minecraft:grindstone":1,"minecraft:bamboo":27,"minecraft:fletching_table":8,"minecraft:oak_planks":29,"artifacts:rooted_boots":1,"minecraft:jungle_planks":4,"minecraft:sand":101,"minecraft:grass_block":4,"minecraft:cyan_bed":1,"minecraft:mossy_cobblestone":7,"minecraft:sugar":1,"minecraft:diamond":108,"minecraft:spruce_boat":1,"waystones:waystone":19,"minecraft:crossbow":5,"minecraft:bone_meal":10,"minecraft:emerald":13,"minecraft:oak_sapling":4,"minecraft:charcoal":21,"minecraft:allium":12,"minecraft:chicken":1,"minecraft:chest_minecart":4,"minecraft:shield":1,"minecraft:iron_axe":5,"immersive_melodies:lute":1,"takesapillage:ravager_horn":2,"minecraft:blackstone":84,"minecraft:candle":1,"minecraft:oak_boat":3,"minecraft:lectern":30,"minecraft:sugar_cane":132,"minecraft:cherry_trapdoor":18,"minecraft:raw_iron":278,"minecraft:bowl":2,"minecraft:cookie":108,"artifacts:snorkel":1,"minecraft:arrow":40,"minecraft:skeleton_skull":6,"minecraft:jungle_boat":14,"minecraft:golden_carrot":2,"minecraft:glow_ink_sac":6,"minecraft:leather":12,"minecraft:gunpowder":24,"minecraft:yellow_bed":14,"minecraft:cobblestone_wall":3,"minecraft:cobblestone_stairs":14,"minecraft:iron_ingot":6,"artifacts:kitty_slippers":2,"sophisticatedbackpacks:diamond_backpack":1,"minecraft:book":6,"minecraft:dandelion":14,"mowziesmobs:wrought_helmet":1,"minecraft:blast_furnace":2,"minecraft:white_bed":13,"minecraft:mossy_stone_brick_slab":1,"minecraft:spider_eye":26,"minecraft:chainmail_leggings":14,"minecraft:iron_helmet":4,"minecraft:cherry_sapling":88,"minecraft:damaged_anvil":4,"minecraft:coal":126},"minecraft:killed_by":{"minecraft:vindicator":1,"minecraft:vex":5},"minecraft:broken":{"minecraft:iron_boots":3,"minecraft:iron_chestplate":2,"minecraft:iron_leggings":4,"takesapillage:ravager_horn":2,"minecraft:diamond_shovel":2,"minecraft:diamond_pickaxe":1,"minecraft:shield":1,"minecraft:iron_axe":1,"minecraft:iron_pickaxe":3,"minecraft:iron_helmet":2,"minecraft:iron_shovel":2,"minecraft:stone_pickaxe":1,"minecraft:stone_shovel":10,"minecraft:golden_axe":2,"minecraft:golden_pickaxe":1},"minecraft:killed":{"alexsmobs:murmur":1,"minecraft:skeleton":40,"minecraft:chicken":2,"minecraft:cat":1,"minecraft:iron_golem":1,"minecraft:pillager":35,"minecraft:zombie":93,"takesapillage:archer":6,"minecraft:cow":4,"alexsmobs:raccoon":2,"minecraft:vindicator":11,"mowziesmobs:ferrous_wroughtnaut":1,"alexsmobs:rocky_roller":1,"minecraft:wandering_trader":1,"minecraft:enderman":8,"alexsmobs:hummingbird":1,"minecraft:witch":2,"minecraft:spider":29,"minecraft:silverfish":12,"artifacts:mimic":5,"minecraft:pig":1,"minecraft:zombie_villager":3,"minecraft:creeper":15,"minecraft:trader_llama":2,"alexsmobs:fly":3,"minecraft:vex":19,"takesapillage:legioner":2,"minecraft:panda":1,"takesapillage:clay_golem":2,"minecraft:drowned":2,"takesapillage:skirmisher":4,"minecraft:bat":2,"alexsmobs:cockroach":1},"minecraft:used":{"minecraft:spruce_slab":171,"minecraft:chest":4,"minecraft:rotten_flesh":51,"securitycraft:keypad_item":1,"minecraft:spruce_boat":4,"minecraft:lava_bucket":59,"minecraft:cherry_button":3,"mowziesmobs:spear":25,"minecraft:bow":28,"minecraft:furnace":9,"minecraft:oak_sapling":2,"minecraft:cooked_cod":19,"minecraft:egg":1,"minecraft:damaged_anvil":4,"minecraft:blackstone":46,"minecraft:wooden_pickaxe":63,"minecraft:composter":7,"minecraft:jungle_boat":15,"minecraft:cookie":3,"minecraft:golden_apple":1,"minecraft:glow_berries":31,"minecraft:blast_furnace":1,"minecraft:lectern":32,"minecraft:diamond_sword":1030,"minecraft:smithing_table":4,"minecraft:oak_boat":5,"minecraft:enchanting_table":2,"minecraft:stone_sword":88,"minecraft:cooked_salmon":20,"minecraft:torch":447,"minecraft:brewing_stand":13,"minecraft:wheat":6,"minecraft:golden_shovel":158,"minecraft:chipped_anvil":5,"minecraft:iron_axe":540,"minecraft:cherry_slab":282,"minecraft:rooted_dirt":1,"minecraft:barrel":16,"minecraft:smooth_basalt":4,"minecraft:bamboo":27,"minecraft:diamond_chestplate":1,"minecraft:raw_copper_block":1,"minecraft:cobbled_deepslate":240,"minecraft:cherry_log":56,"minecraft:golden_axe":64,"minecraft:wheat_seeds":429,"minecraft:water_bucket":186,"minecraft:cherry_planks":342,"minecraft:fletching_table":9,"minecraft:mossy_cobblestone":2,"minecraft:crafting_table":40,"minecraft:white_bed":15,"minecraft:cake":1,"minecraft:spruce_log":10,"mowziesmobs:wrought_axe":264,"minecraft:diamond_pickaxe":1771,"minecraft:diamond_shovel":4946,"minecraft:suspicious_stew":8,"minecraft:iron_pickaxe":1070,"minecraft:spruce_sapling":138,"minecraft:cobblestone":638,"minecraft:potion":1,"minecraft:purple_bed":5,"minecraft:candle":1,"minecraft:diamond_leggings":1,"minecraft:cherry_sapling":34,"minecraft:iron_shovel":525,"minecraft:decorated_pot":2,"minecraft:shield":133,"minecraft:iron_sword":58,"minecraft:bell":12,"minecraft:mossy_stone_brick_slab":1,"minecraft:iron_chestplate":4,"minecraft:jungle_planks":1,"minecraft:carrot":259,"minecraft:tuff":1,"minecraft:axolotl_bucket":6,"minecraft:honey_bottle":2,"sophisticatedbackpacks:diamond_backpack":1,"minecraft:lantern":2,"minecraft:iron_helmet":2,"minecraft:magma_block":2,"minecraft:gray_bed":2,"minecraft:skeleton_skull":3,"minecraft:oak_chest_boat":5,"minecraft:diamond_boots":1,"minecraft:stone_pickaxe":146,"minecraft:oak_planks":4,"minecraft:blue_bed":8,"minecraft:diamond_axe":2276,"minecraft:sugar_cane":29,"minecraft:white_wool":1,"minecraft:crossbow":2,"minecraft:shears":34,"waystones:waystone":20,"minecraft:bread":182,"minecraft:melon_slice":103,"minecraft:cyan_bed":1,"minecraft:gravel":462,"minecraft:golden_helmet":1,"minecraft:grindstone":2,"minecraft:andesite":2,"minecraft:stripped_cherry_log":14,"minecraft:coarse_dirt":121,"minecraft:bone_meal":147,"minecraft:golden_pickaxe":10,"minecraft:cherry_boat":8,"sophisticatedbackpacks:iron_backpack":2,"minecraft:stone_shovel":1457,"minecraft:spruce_planks":2,"minecraft:dirt":3399,"minecraft:spyglass":88,"mowziesmobs:wrought_helmet":2,"minecraft:bookshelf":21,"minecraft:cherry_trapdoor":30,"minecraft:iron_boots":2,"minecraft:golden_carrot":46,"minecraft:soul_soil":1,"alexsmobs:lobster_bucket":2,"minecraft:cooked_beef":8,"minecraft:iron_leggings":4,"minecraft:cobblestone_stairs":5,"minecraft:snow_block":6,"minecraft:green_bed":1,"farmersdelight:onion":5,"minecraft:smoker":2,"minecraft:wooden_hoe":41,"minecraft:apple":8,"minecraft:stone_axe":67,"minecraft:pink_petals":129,"minecraft:white_banner":1,"minecraft:bucket":255,"minecraft:yellow_bed":14,"minecraft:pumpkin_pie":1,"takesapillage:ravager_horn":2,"minecraft:smooth_stone":14,"minecraft:chainmail_leggings":1},"minecraft:custom":{"minecraft:interact_with_crafting_table":181,"minecraft:open_barrel":198,"minecraft:bell_ring":119,"minecraft:eat_cake_slice":8,"minecraft:leave_game":10,"minecraft:time_since_death":66493,"minecraft:damage_blocked_by_shield":7655,"minecraft:play_time":1194651,"minecraft:deaths":63,"minecraft:jump":22234,"minecraft:enchant_item":4,"minecraft:interact_with_furnace":99,"minecraft:traded_with_villager":733,"minecraft:interact_with_cartography_table":1,"minecraft:sleep_in_bed":38,"minecraft:waystone_activated":21,"minecraft:damage_dealt":73967,"minecraft:interact_with_smoker":14,"minecraft:interact_with_smithing_table":6,"minecraft:interact_with_anvil":9,"minecraft:damage_dealt_absorbed":287,"minecraft:sneak_time":54342,"minecraft:interact_with_blast_furnace":4,"minecraft:total_world_time":1194651,"minecraft:time_since_rest":12563,"minecraft:swim_one_cm":205630,"minecraft:fly_one_cm":4300570,"minecraft:open_chest":225,"minecraft:fall_one_cm":446981,"minecraft:sprint_one_cm":3011566,"minecraft:drop":698,"minecraft:talked_to_villager":544,"minecraft:interact_with_brewingstand":1,"minecraft:walk_on_water_one_cm":183152,"minecraft:player_kills":4,"minecraft:crouch_one_cm":141854,"minecraft:mob_kills":327,"minecraft:damage_dealt_resisted":356,"minecraft:climb_one_cm":4667,"minecraft:walk_one_cm":2934269,"minecraft:walk_under_water_one_cm":130154,"minecraft:boat_one_cm":1294742,"minecraft:raid_trigger":2,"minecraft:damage_taken":35041,"minecraft:trigger_trapped_chest":3},"minecraft:dropped":{"minecraft:clay":1,"minecraft:iron_sword":1,"minecraft:glass_bottle":1,"minecraft:diamond":1,"minecraft:crafting_table":2,"minecraft:crossbow":3,"minecraft:cookie":144,"minecraft:glow_berries":1,"minecraft:rooted_dirt":24,"minecraft:rail":9,"minecraft:dirt":1732,"minecraft:jungle_sapling":2,"minecraft:wooden_sword":1,"minecraft:gold_nugget":5,"minecraft:sand":71,"minecraft:sugar":1,"minecraft:iron_pickaxe":6,"minecraft:birch_stairs":1,"minecraft:bone":1,"minecraft:stone_axe":1,"minecraft:cobbled_deepslate":296,"alexsmobs:animal_dictionary":2,"minecraft:wheat":4,"minecraft:rotten_flesh":59,"minecraft:oak_planks":4,"minecraft:spruce_slab":5,"minecraft:glass":6,"minecraft:egg":1,"minecraft:iron_ingot":1,"minecraft:wheat_seeds":643,"minecraft:iron_helmet":12,"minecraft:cobblestone":559,"minecraft:chainmail_helmet":9,"minecraft:coal":11,"minecraft:ink_sac":1,"minecraft:golden_carrot":2,"minecraft:wooden_hoe":1,"minecraft:cherry_planks":1,"minecraft:white_banner":1,"minecraft:jungle_boat":1,"minecraft:mud":1,"minecraft:chainmail_leggings":27,"minecraft:paper":13,"minecraft:string":10,"minecraft:lily_pad":6,"minecraft:spruce_sapling":4,"minecraft:stone_sword":1,"minecraft:cobblestone_wall":3,"minecraft:bowl":10,"minecraft:stone_shovel":1,"minecraft:chicken":1,"minecraft:clay_ball":24,"minecraft:cherry_slab":12,"minecraft:spruce_fence":1,"minecraft:pumpkin_seeds":3,"minecraft:suspicious_stew":13,"minecraft:diamond_sword":3,"minecraft:stone":1,"minecraft:flower_pot":1,"minecraft:allium":12,"minecraft:peony":3,"minecraft:diamond_pickaxe":1,"minecraft:spider_eye":33,"minecraft:stone_bricks":2,"minecraft:barrel":1,"minecraft:bow":2,"minecraft:red_tulip":1,"minecraft:magma_block":5,"minecraft:moss_block":11,"minecraft:chest_minecart":2,"minecraft:jungle_planks":6,"minecraft:flint":2,"minecraft:cobblestone_stairs":9,"minecraft:jungle_button":3,"minecraft:snowball":23,"minecraft:furnace_minecart":1,"immersive_melodies:triangle":1,"minecraft:gravel":545,"minecraft:blackstone":38,"minecraft:spyglass":1,"minecraft:pointed_dripstone":2,"minecraft:cherry_sapling":2,"minecraft:diamond_shovel":4,"minecraft:carrot":87,"minecraft:oak_chest_boat":1,"minecraft:gunpowder":2,"minecraft:beetroot_seeds":1,"minecraft:melon_seeds":2,"minecraft:iron_bars":1,"minecraft:arrow":5,"minecraft:bread":13,"minecraft:golden_helmet":1,"minecraft:mossy_cobblestone":5,"minecraft:minecart":3,"minecraft:hopper_minecart":3,"minecraft:grass_block":2,"minecraft:stick":256,"minecraft:diorite":51,"minecraft:torch":16,"minecraft:iron_leggings":1,"minecraft:iron_axe":6,"minecraft:pink_petals":3,"minecraft:dandelion":14,"minecraft:redstone":4,"minecraft:kelp":3,"alexsmobs:maggot":3,"minecraft:coarse_dirt":202,"minecraft:raw_copper":21,"minecraft:tuff":21,"minecraft:glass_pane":24,"minecraft:shield":2,"minecraft:iron_chestplate":3,"minecraft:golden_leggings":3,"minecraft:oak_sapling":2,"minecraft:diamond_boots":1,"minecraft:spruce_log":1,"minecraft:stone_pickaxe":14,"minecraft:wooden_pickaxe":2,"minecraft:calcite":1},"minecraft:crafted":{"minecraft:jungle_button":1,"minecraft:chainmail_helmet":9,"waystones:waystone":1,"securitycraft:keypad_item":1,"minecraft:diamond_shovel":6,"sophisticatedbackpacks:crafting_upgrade":1,"minecraft:bookshelf":21,"sophisticatedbackpacks:smelting_upgrade":1,"minecraft:diamond_helmet":1,"minecraft:diamond_leggings":1,"minecraft:emerald":598,"minecraft:diamond_axe":3,"minecraft:jungle_boat":3,"minecraft:fletching_table":1,"waystones:warp_stone":1,"minecraft:lectern":2,"minecraft:wooden_hoe":1,"minecraft:stone_slab":6,"sophisticatedbackpacks:auto_smelting_upgrade":1,"minecraft:iron_pickaxe":9,"minecraft:gold_ingot":14,"minecraft:golden_carrot":46,"minecraft:stone_shovel":10,"minecraft:spyglass":1,"minecraft:bone_meal":153,"minecraft:cherry_trapdoor":8,"minecraft:spruce_slab":120,"minecraft:stone_pickaxe":12,"minecraft:diamond_boots":1,"minecraft:spruce_boat":3,"minecraft:redstone_block":1,"mowziesmobs:spear":1,"minecraft:chainmail_leggings":12,"minecraft:enchanting_table":1,"sophisticatedbackpacks:gold_backpack":1,"securitycraft:taser":2,"minecraft:oak_chest_boat":1,"minecraft:iron_leggings":3,"minecraft:white_bed":2,"minecraft:oak_planks":32,"minecraft:cherry_slab":192,"minecraft:cherry_boat":2,"minecraft:stone":16,"minecraft:heavy_weighted_pressure_plate":1,"minecraft:suspicious_stew":7,"securitycraft:laser_block":1,"minecraft:hopper":3,"minecraft:bow":2,"minecraft:iron_boots":2,"minecraft:raw_copper":36,"minecraft:chest":7,"minecraft:stone_bricks":4,"sophisticatedbackpacks:backpack":1,"minecraft:crafting_table":16,"minecraft:spruce_planks":8076,"minecraft:wooden_pickaxe":2,"minecraft:iron_helmet":12,"minecraft:cherry_button":1,"minecraft:birch_planks":4,"sophisticatedbackpacks:upgrade_base":3,"minecraft:apple":40,"minecraft:book":1,"minecraft:iron_chestplate":2,"minecraft:diamond_pickaxe":1,"minecraft:shield":15,"sophisticatedbackpacks:diamond_backpack":1,"minecraft:stick":16079,"minecraft:iron_ingot":55,"minecraft:stone_sword":1,"minecraft:snow_block":6,"minecraft:shears":1,"securitycraft:universal_block_reinforcer_lvl1":1,"minecraft:cherry_planks":524,"minecraft:wooden_sword":1,"minecraft:cookie":8,"minecraft:stone_button":8,"minecraft:furnace":3,"minecraft:glass_pane":16,"minecraft:iron_axe":6,"sophisticatedbackpacks:iron_backpack":1,"minecraft:cooked_beef":8,"minecraft:cooked_cod":6,"minecraft:diamond_sword":1,"minecraft:cooked_salmon":2,"minecraft:bucket":2,"minecraft:stone_axe":1,"minecraft:bread":183,"minecraft:air":0,"minecraft:jungle_planks":84,"minecraft:oak_boat":3,"minecraft:white_wool":6,"minecraft:gold_nugget":459,"minecraft:torch":304,"minecraft:diamond_chestplate":1},"minecraft:mined":{"minecraft:white_bed":13,"minecraft:cherry_log":175,"minecraft:jungle_leaves":13,"minecraft:obsidian":19,"minecraft:potted_dead_bush":1,"minecraft:stone_brick_wall":1,"minecraft:jungle_log":20,"minecraft:magma_block":2,"minecraft:cobbled_deepslate":33,"minecraft:fire":56,"minecraft:barrel":30,"minecraft:fletching_table":8,"minecraft:deepslate_lapis_ore":7,"minecraft:enchanting_table":1,"minecraft:cave_vines":46,"minecraft:dirt_path":4,"minecraft:blue_orchid":1,"minecraft:deepslate_brick_wall":1,"minecraft:smoker":8,"minecraft:powder_snow":39,"minecraft:torch":73,"minecraft:blast_furnace":2,"minecraft:melon":19,"minecraft:cyan_bed":1,"minecraft:sugar_cane":74,"minecraft:damaged_anvil":4,"minecraft:cherry_slab":78,"minecraft:skeleton_skull":3,"minecraft:mud":1,"sophisticatedbackpacks:diamond_backpack":1,"minecraft:wheat":205,"minecraft:lilac":1,"minecraft:grass":487,"minecraft:cherry_button":2,"minecraft:smooth_basalt":4,"minecraft:deepslate":583,"minecraft:mossy_cobblestone":3,"farmersdelight:wild_carrots":5,"minecraft:cherry_sapling":24,"minecraft:potted_bamboo":1,"minecraft:moss_block":1,"minecraft:kelp":3,"farmersdelight:wild_onions":6,"minecraft:redstone_ore":3,"minecraft:snow":2,"minecraft:andesite":2,"minecraft:vine":2,"minecraft:white_wool":22,"minecraft:smithing_table":5,"minecraft:glass_pane":2,"minecraft:cherry_planks":95,"minecraft:dandelion":4,"minecraft:emerald_ore":2,"minecraft:campfire":9,"minecraft:tall_grass":175,"minecraft:copper_ore":13,"minecraft:deepslate_gold_ore":69,"minecraft:diorite":52,"minecraft:purple_bed":5,"minecraft:coarse_dirt":656,"minecraft:trapped_chest":1,"minecraft:cobblestone_wall":3,"minecraft:spruce_log":2393,"minecraft:birch_leaves":5,"minecraft:gravel":851,"minecraft:cobweb":35,"minecraft:chipped_anvil":7,"minecraft:gold_ore":20,"minecraft:fern":14,"minecraft:infested_stone":5,"minecraft:spruce_planks":65,"minecraft:mossy_stone_brick_slab":1,"minecraft:cobblestone_stairs":15,"minecraft:brewing_stand":17,"minecraft:cherry_trapdoor":18,"minecraft:cave_vines_plant":20,"minecraft:grass_block":3200,"minecraft:composter":5,"minecraft:smooth_stone":95,"minecraft:glowstone":1,"minecraft:iron_ore":134,"minecraft:anvil":1,"minecraft:skeleton_wall_skull":3,"minecraft:iron_bars":1,"minecraft:spruce_slab":39,"minecraft:green_bed":2,"minecraft:deepslate_redstone_ore":20,"minecraft:blackstone":82,"minecraft:clay":2,"minecraft:calcite":1,"minecraft:chest":2,"minecraft:cobblestone":348,"minecraft:grindstone":1,"minecraft:oak_planks":29,"minecraft:wall_torch":17,"minecraft:pink_petals":51,"farmersdelight:sandy_shrub":3,"minecraft:birch_log":1,"minecraft:tnt":1,"minecraft:oak_log":8,"minecraft:sand":64,"minecraft:dirt":2144,"minecraft:raw_copper_block":1,"minecraft:oak_leaves":8,"minecraft:diamond_ore":1,"minecraft:tuff":19,"farmersdelight:onions":2,"minecraft:deepslate_diamond_ore":101,"minecraft:candle":1,"minecraft:stripped_cherry_log":28,"minecraft:glow_lichen":1,"minecraft:decorated_pot":2,"minecraft:soul_campfire":1,"minecraft:spruce_leaves":35,"minecraft:rooted_dirt":10,"minecraft:large_fern":18,"minecraft:spruce_sapling":11,"minecraft:furnace":9,"minecraft:carrots":160,"minecraft:stripped_spruce_log":4,"minecraft:peony":3,"minecraft:bell":11,"minecraft:bookshelf":2,"minecraft:deepslate_iron_ore":106,"minecraft:lantern":3,"minecraft:stone":1072,"minecraft:podzol":22,"minecraft:snow_block":22,"minecraft:crafting_table":27,"minecraft:lectern":30,"minecraft:deepslate_coal_ore":4,"minecraft:lapis_ore":12,"minecraft:blue_bed":8,"minecraft:gray_bed":2,"minecraft:white_wall_banner":1,"minecraft:yellow_bed":14,"minecraft:coal_ore":74,"minecraft:cherry_leaves":67,"minecraft:flower_pot":1,"minecraft:small_dripleaf":1}},"DataVersion":3465}