{"stats":{"minecraft:picked_up":{"minecraft:iron_chestplate":2,"minecraft:wheat":204,"minecraft:flower_pot":1,"minecraft:smithing_table":2,"minecraft:lead":3,"minecraft:diamond_sword":3,"minecraft:brewing_stand":13,"minecraft:string":57,"minecraft:soul_soil":1,"minecraft:raw_copper":45,"minecraft:cherry_boat":6,"minecraft:cobbled_deepslate":379,"minecraft:spruce_planks":65,"minecraft:calcite":1,"minecraft:iron_pickaxe":6,"minecraft:hopper_minecart":5,"minecraft:melon_slice":95,"immersive_melodies:triangle":1,"minecraft:furnace":7,"minecraft:stick":351,"minecraft:composter":5,"minecraft:torch":140,"minecraft:green_bed":1,"minecraft:golden_axe":1,"minecraft:cherry_log":172,"minecraft:stone_sword":1,"minecraft:rotten_flesh":87,"farmersdelight:onion":13,"artifacts:panic_necklace":1,"minecraft:obsidian":19,"minecraft:iron_bars":1,"minecraft:cod":5,"minecraft:cobblestone":837,"minecraft:enchanting_table":1,"minecraft:birch_log":1,"minecraft:furnace_minecart":2,"minecraft:pink_petals":132,"minecraft:magma_block":7,"minecraft:feather":2,"minecraft:cherry_planks":90,"minecraft:andesite":2,"minecraft:jungle_log":21,"minecraft:golden_leggings":2,"minecraft:smoker":6,"minecraft:flint":87,"minecraft:tuff":12,"minecraft:lapis_lazuli":110,"minecraft:dirt":5438,"securitycraft:reinforced_stone_button":8,"artifacts:shock_pendant":1,"minecraft:bone":35,"minecraft:chipped_anvil":4,"minecraft:bow":2,"minecraft:wheat_seeds":1011,"minecraft:raw_gold":61,"minecraft:bell":10,"minecraft:fletching_table":8,"minecraft:glowstone_dust":3,"minecraft:bamboo":27,"minecraft:moss_block":11,"minecraft:oak_planks":26,"artifacts:rooted_boots":1,"minecraft:sand":101,"minecraft:jungle_planks":4,"minecraft:stripped_spruce_log":4,"minecraft:ink_sac":1,"minecraft:grass_block":2,"minecraft:barrel":28,"alexsmobs:animal_dictionary":1,"minecraft:mossy_cobblestone":4,"minecraft:sugar":1,"minecraft:diamond":105,"minecraft:spruce_boat":1,"waystones:waystone":1,"minecraft:crossbow":5,"minecraft:bone_meal":10,"minecraft:emerald":9,"alexsmobs:maggot":1,"minecraft:rooted_dirt":20,"minecraft:oak_sapling":4,"minecraft:cherry_slab":79,"minecraft:crafting_table":28,"minecraft:charcoal":17,"minecraft:coarse_dirt":668,"minecraft:allium":12,"minecraft:chicken":1,"minecraft:clay_ball":40,"minecraft:chest_minecart":4,"minecraft:stripped_cherry_log":27,"immersive_melodies:lute":1,"minecraft:iron_axe":5,"minecraft:iron_shovel":1,"takesapillage:ravager_horn":2,"minecraft:blackstone":84,"minecraft:glass_pane":12,"minecraft:candle":1,"minecraft:beef":8,"minecraft:oak_boat":3,"minecraft:jungle_sapling":2,"minecraft:spruce_slab":46,"minecraft:minecart":8,"minecraft:lectern":17,"minecraft:sugar_cane":132,"minecraft:chest":2,"minecraft:cherry_button":1,"minecraft:cherry_trapdoor":14,"minecraft:raw_copper_block":1,"minecraft:raw_iron":159,"minecraft:bowl":1,"minecraft:spruce_fence":2,"minecraft:carrot":527,"minecraft:redstone":39,"minecraft:tnt":1,"minecraft:arrow":33,"minecraft:cooked_cod":2,"minecraft:decorated_pot":2,"minecraft:beetroot_seeds":1,"minecraft:peony":3,"minecraft:gold_ingot":1,"minecraft:oak_chest_boat":5,"minecraft:glow_berries":19,"minecraft:skeleton_skull":6,"minecraft:rail":18,"minecraft:jungle_boat":13,"minecraft:golden_carrot":2,"minecraft:glow_ink_sac":6,"minecraft:leather":12,"minecraft:oak_log":8,"minecraft:lily_pad":2,"minecraft:cobblestone_wall":3,"minecraft:jungle_button":2,"minecraft:yellow_bed":11,"minecraft:gunpowder":17,"minecraft:blue_bed":5,"minecraft:white_banner":8,"minecraft:kelp":3,"minecraft:iron_ingot":2,"minecraft:stone_pickaxe":3,"artifacts:kitty_slippers":1,"minecraft:gray_bed":1,"minecraft:iron_sword":1,"minecraft:book":3,"minecraft:smooth_basalt":4,"minecraft:dandelion":14,"minecraft:gravel":1019,"minecraft:birch_stairs":1,"minecraft:spruce_sapling":163,"minecraft:blast_furnace":1,"minecraft:white_bed":10,"minecraft:spruce_log":1929,"minecraft:mossy_stone_brick_slab":1,"minecraft:spider_eye":25,"minecraft:diamond_shovel":4,"minecraft:purple_bed":2,"minecraft:chainmail_leggings":14,"minecraft:iron_helmet":3,"minecraft:cherry_sapling":88,"minecraft:damaged_anvil":2,"minecraft:coal":71,"minecraft:ender_pearl":3},"minecraft:killed_by":{"minecraft:vindicator":1,"minecraft:vex":5},"minecraft:broken":{"minecraft:iron_shovel":2,"minecraft:iron_boots":3,"minecraft:iron_chestplate":2,"minecraft:iron_leggings":4,"takesapillage:ravager_horn":2,"minecraft:stone_pickaxe":1,"minecraft:diamond_shovel":2,"minecraft:stone_shovel":10,"minecraft:shield":1,"minecraft:golden_axe":2,"minecraft:iron_axe":1,"minecraft:iron_pickaxe":3,"minecraft:iron_helmet":2,"minecraft:golden_pickaxe":1},"minecraft:killed":{"alexsmobs:hummingbird":1,"minecraft:witch":2,"minecraft:spider":21,"alexsmobs:murmur":1,"minecraft:skeleton":32,"minecraft:chicken":2,"artifacts:mimic":3,"minecraft:cat":1,"minecraft:pig":1,"minecraft:zombie_villager":3,"minecraft:creeper":9,"minecraft:trader_llama":2,"minecraft:pillager":33,"minecraft:zombie":78,"alexsmobs:fly":2,"takesapillage:archer":6,"minecraft:cow":4,"minecraft:vex":19,"alexsmobs:raccoon":2,"takesapillage:legioner":1,"minecraft:vindicator":11,"minecraft:panda":1,"takesapillage:clay_golem":2,"minecraft:drowned":1,"takesapillage:skirmisher":3,"minecraft:bat":1,"minecraft:wandering_trader":1,"alexsmobs:cockroach":1,"minecraft:enderman":6},"minecraft:used":{"minecraft:cherry_sapling":34,"minecraft:iron_shovel":525,"minecraft:spruce_slab":168,"minecraft:shield":100,"minecraft:chest":3,"minecraft:decorated_pot":2,"minecraft:iron_sword":58,"minecraft:bell":10,"minecraft:mossy_stone_brick_slab":1,"minecraft:rotten_flesh":51,"minecraft:iron_chestplate":4,"securitycraft:keypad_item":1,"minecraft:jungle_planks":1,"minecraft:carrot":244,"minecraft:axolotl_bucket":6,"minecraft:honey_bottle":2,"minecraft:spruce_boat":4,"minecraft:lava_bucket":40,"minecraft:iron_helmet":2,"minecraft:cherry_button":2,"minecraft:magma_block":2,"minecraft:bow":28,"minecraft:oak_sapling":2,"minecraft:cooked_cod":19,"minecraft:furnace":9,"minecraft:gray_bed":1,"minecraft:skeleton_skull":3,"minecraft:oak_chest_boat":5,"minecraft:damaged_anvil":2,"minecraft:oak_planks":4,"minecraft:stone_pickaxe":146,"minecraft:blackstone":46,"minecraft:wooden_pickaxe":63,"minecraft:sugar_cane":29,"minecraft:composter":7,"minecraft:diamond_axe":2011,"minecraft:blue_bed":5,"minecraft:jungle_boat":14,"minecraft:cookie":3,"minecraft:glow_berries":31,"minecraft:golden_apple":1,"minecraft:blast_furnace":1,"minecraft:crossbow":2,"waystones:waystone":1,"minecraft:melon_slice":103,"minecraft:bread":114,"minecraft:lectern":18,"minecraft:gravel":447,"minecraft:golden_helmet":1,"minecraft:diamond_sword":838,"minecraft:smithing_table":2,"minecraft:andesite":2,"minecraft:oak_boat":5,"minecraft:coarse_dirt":121,"minecraft:stripped_cherry_log":14,"minecraft:bone_meal":147,"minecraft:golden_pickaxe":10,"minecraft:cherry_boat":8,"minecraft:enchanting_table":2,"minecraft:stone_sword":88,"minecraft:stone_shovel":1457,"minecraft:spruce_planks":2,"minecraft:cooked_salmon":20,"minecraft:torch":318,"minecraft:brewing_stand":13,"minecraft:dirt":3185,"minecraft:golden_shovel":158,"minecraft:chipped_anvil":4,"minecraft:bookshelf":19,"minecraft:rooted_dirt":1,"minecraft:cherry_slab":282,"minecraft:iron_axe":540,"minecraft:cherry_trapdoor":26,"minecraft:iron_boots":2,"minecraft:barrel":9,"minecraft:bamboo":27,"minecraft:smooth_basalt":4,"minecraft:diamond_chestplate":1,"minecraft:raw_copper_block":1,"minecraft:golden_carrot":46,"minecraft:soul_soil":1,"alexsmobs:lobster_bucket":2,"minecraft:cooked_beef":8,"minecraft:cobbled_deepslate":104,"minecraft:cherry_log":55,"minecraft:golden_axe":64,"minecraft:iron_leggings":4,"minecraft:wheat_seeds":416,"minecraft:water_bucket":123,"minecraft:cherry_planks":339,"minecraft:green_bed":1,"minecraft:fletching_table":9,"minecraft:mossy_cobblestone":2,"farmersdelight:onion":5,"minecraft:crafting_table":39,"minecraft:white_bed":12,"minecraft:spruce_log":8,"minecraft:cake":1,"minecraft:smoker":2,"minecraft:wooden_hoe":41,"minecraft:diamond_pickaxe":481,"minecraft:apple":8,"minecraft:diamond_shovel":4828,"minecraft:iron_pickaxe":1070,"minecraft:suspicious_stew":6,"minecraft:spruce_sapling":122,"minecraft:stone_axe":67,"minecraft:pink_petals":129,"minecraft:purple_bed":2,"minecraft:cobblestone":273,"minecraft:potion":1,"minecraft:white_banner":1,"minecraft:bucket":173,"minecraft:pumpkin_pie":1,"minecraft:yellow_bed":10,"takesapillage:ravager_horn":2,"minecraft:diamond_leggings":1,"minecraft:candle":1,"minecraft:chainmail_leggings":1},"minecraft:custom":{"minecraft:interact_with_crafting_table":169,"minecraft:open_barrel":131,"minecraft:bell_ring":78,"minecraft:eat_cake_slice":8,"minecraft:leave_game":8,"minecraft:time_since_death":312321,"minecraft:sprint_one_cm":2348362,"minecraft:damage_blocked_by_shield":5285,"minecraft:drop":566,"minecraft:talked_to_villager":290,"minecraft:play_time":918449,"minecraft:deaths":50,"minecraft:jump":17826,"minecraft:interact_with_brewingstand":1,"minecraft:walk_on_water_one_cm":144066,"minecraft:enchant_item":4,"minecraft:interact_with_furnace":90,"minecraft:traded_with_villager":576,"minecraft:interact_with_cartography_table":1,"minecraft:sleep_in_bed":26,"minecraft:waystone_activated":1,"minecraft:damage_dealt":59707,"minecraft:player_kills":4,"minecraft:crouch_one_cm":103703,"minecraft:interact_with_smoker":14,"minecraft:interact_with_smithing_table":4,"minecraft:interact_with_anvil":8,"minecraft:mob_kills":263,"minecraft:damage_dealt_resisted":23,"minecraft:climb_one_cm":4560,"minecraft:walk_one_cm":2386901,"minecraft:damage_dealt_absorbed":128,"minecraft:sneak_time":40655,"minecraft:walk_under_water_one_cm":104450,"minecraft:boat_one_cm":1216983,"minecraft:interact_with_blast_furnace":4,"minecraft:total_world_time":918449,"minecraft:raid_trigger":2,"minecraft:time_since_rest":13181,"minecraft:damage_taken":28155,"minecraft:trigger_trapped_chest":1,"minecraft:swim_one_cm":152506,"minecraft:fly_one_cm":3500880,"minecraft:open_chest":183,"minecraft:fall_one_cm":360848},"minecraft:dropped":{"minecraft:clay":1,"minecraft:iron_sword":1,"minecraft:moss_block":11,"minecraft:glass_bottle":1,"minecraft:diamond":1,"minecraft:crafting_table":2,"minecraft:crossbow":3,"minecraft:glow_berries":1,"minecraft:rooted_dirt":24,"minecraft:chest_minecart":2,"minecraft:jungle_planks":6,"minecraft:rail":9,"minecraft:flint":2,"minecraft:dirt":1692,"minecraft:jungle_button":3,"minecraft:jungle_sapling":2,"minecraft:gold_nugget":5,"minecraft:wooden_sword":1,"minecraft:furnace_minecart":1,"minecraft:sand":71,"immersive_melodies:triangle":1,"minecraft:sugar":1,"minecraft:iron_pickaxe":6,"minecraft:birch_stairs":1,"minecraft:bone":1,"minecraft:gravel":540,"minecraft:stone_axe":1,"minecraft:blackstone":38,"alexsmobs:animal_dictionary":2,"minecraft:cobbled_deepslate":146,"minecraft:wheat":4,"minecraft:cherry_sapling":2,"minecraft:rotten_flesh":46,"minecraft:oak_planks":4,"minecraft:diamond_shovel":4,"minecraft:carrot":87,"minecraft:oak_chest_boat":1,"minecraft:gunpowder":2,"minecraft:beetroot_seeds":1,"minecraft:spruce_slab":5,"minecraft:iron_bars":1,"minecraft:arrow":5,"minecraft:glass":6,"minecraft:iron_ingot":1,"minecraft:bread":10,"minecraft:wheat_seeds":643,"minecraft:golden_helmet":1,"minecraft:mossy_cobblestone":2,"minecraft:minecart":3,"minecraft:iron_helmet":11,"minecraft:cobblestone":410,"minecraft:hopper_minecart":3,"minecraft:chainmail_helmet":9,"minecraft:coal":11,"minecraft:stick":256,"minecraft:golden_carrot":2,"minecraft:ink_sac":1,"minecraft:wooden_hoe":1,"minecraft:torch":14,"minecraft:cherry_planks":1,"minecraft:iron_leggings":1,"minecraft:white_banner":1,"minecraft:jungle_boat":1,"minecraft:iron_axe":6,"minecraft:chainmail_leggings":27,"minecraft:paper":13,"minecraft:string":6,"minecraft:pink_petals":3,"minecraft:lily_pad":6,"minecraft:dandelion":14,"minecraft:redstone":4,"minecraft:kelp":3,"alexsmobs:maggot":1,"minecraft:coarse_dirt":202,"minecraft:stone_sword":1,"minecraft:cobblestone_wall":3,"minecraft:raw_copper":12,"minecraft:bowl":7,"minecraft:tuff":12,"minecraft:stone_shovel":1,"minecraft:chicken":1,"minecraft:clay_ball":24,"minecraft:cherry_slab":12,"minecraft:spruce_fence":1,"minecraft:glass_pane":24,"minecraft:suspicious_stew":1,"minecraft:diamond_sword":3,"minecraft:flower_pot":1,"minecraft:shield":1,"minecraft:allium":12,"minecraft:peony":3,"minecraft:iron_chestplate":3,"minecraft:golden_leggings":3,"minecraft:oak_sapling":2,"minecraft:spider_eye":31,"minecraft:barrel":1,"minecraft:spruce_log":1,"minecraft:bow":2,"minecraft:stone_pickaxe":14,"minecraft:wooden_pickaxe":2,"minecraft:red_tulip":1,"minecraft:calcite":1,"minecraft:magma_block":5},"minecraft:crafted":{"minecraft:jungle_button":1,"minecraft:oak_planks":32,"minecraft:chainmail_helmet":9,"minecraft:cherry_slab":192,"minecraft:cherry_boat":2,"minecraft:stone":8,"securitycraft:keypad_item":1,"minecraft:diamond_shovel":6,"sophisticatedbackpacks:crafting_upgrade":1,"minecraft:heavy_weighted_pressure_plate":1,"minecraft:bookshelf":18,"securitycraft:laser_block":1,"sophisticatedbackpacks:smelting_upgrade":1,"minecraft:hopper":3,"minecraft:bow":1,"minecraft:diamond_helmet":1,"minecraft:diamond_leggings":1,"minecraft:iron_boots":2,"minecraft:raw_copper":36,"minecraft:chest":7,"minecraft:emerald":481,"sophisticatedbackpacks:backpack":1,"minecraft:diamond_axe":3,"minecraft:crafting_table":16,"minecraft:spruce_planks":6188,"minecraft:jungle_boat":3,"minecraft:wooden_pickaxe":2,"minecraft:iron_helmet":12,"minecraft:cherry_button":1,"minecraft:fletching_table":1,"minecraft:birch_planks":4,"sophisticatedbackpacks:upgrade_base":3,"minecraft:lectern":1,"minecraft:iron_chestplate":2,"minecraft:book":1,"minecraft:wooden_hoe":1,"minecraft:shield":15,"sophisticatedbackpacks:diamond_backpack":1,"minecraft:stick":12359,"minecraft:iron_pickaxe":9,"minecraft:iron_ingot":55,"sophisticatedbackpacks:auto_smelting_upgrade":1,"minecraft:stone_sword":1,"minecraft:gold_ingot":14,"securitycraft:universal_block_reinforcer_lvl1":1,"minecraft:golden_carrot":46,"minecraft:cherry_planks":524,"minecraft:wooden_sword":1,"minecraft:stone_shovel":10,"minecraft:stone_button":8,"minecraft:furnace":3,"minecraft:bone_meal":153,"minecraft:glass_pane":16,"minecraft:cherry_trapdoor":8,"minecraft:iron_axe":6,"minecraft:spruce_slab":114,"minecraft:stone_pickaxe":12,"minecraft:diamond_boots":1,"minecraft:spruce_boat":3,"minecraft:redstone_block":1,"minecraft:chainmail_leggings":12,"sophisticatedbackpacks:iron_backpack":1,"minecraft:cooked_beef":8,"minecraft:cooked_cod":6,"minecraft:diamond_sword":1,"minecraft:enchanting_table":1,"minecraft:cooked_salmon":2,"sophisticatedbackpacks:gold_backpack":1,"minecraft:bucket":2,"minecraft:stone_axe":1,"minecraft:bread":111,"minecraft:air":0,"minecraft:jungle_planks":84,"minecraft:oak_boat":3,"minecraft:oak_chest_boat":1,"minecraft:white_wool":6,"minecraft:gold_nugget":459,"minecraft:iron_leggings":3,"minecraft:white_bed":2,"minecraft:torch":192,"minecraft:diamond_chestplate":1},"minecraft:mined":{"minecraft:spruce_planks":65,"minecraft:white_bed":10,"minecraft:mossy_stone_brick_slab":1,"minecraft:cherry_log":174,"minecraft:jungle_leaves":13,"minecraft:brewing_stand":13,"minecraft:obsidian":19,"minecraft:cave_vines_plant":20,"minecraft:cherry_trapdoor":14,"minecraft:grass_block":3162,"minecraft:jungle_log":20,"minecraft:composter":5,"minecraft:magma_block":2,"minecraft:glowstone":1,"minecraft:iron_ore":64,"minecraft:barrel":21,"minecraft:cobbled_deepslate":19,"minecraft:fire":56,"minecraft:deepslate_lapis_ore":3,"minecraft:fletching_table":8,"minecraft:enchanting_table":1,"minecraft:skeleton_wall_skull":3,"minecraft:cave_vines":46,"minecraft:dirt_path":4,"minecraft:iron_bars":1,"minecraft:green_bed":1,"minecraft:spruce_slab":36,"minecraft:deepslate_redstone_ore":9,"minecraft:blackstone":82,"minecraft:smoker":7,"minecraft:clay":2,"minecraft:torch":69,"minecraft:blast_furnace":1,"minecraft:calcite":1,"minecraft:melon":19,"minecraft:chest":2,"minecraft:cobblestone":54,"minecraft:damaged_anvil":2,"minecraft:oak_planks":24,"minecraft:sugar_cane":74,"minecraft:wall_torch":12,"minecraft:cherry_slab":78,"minecraft:pink_petals":51,"minecraft:skeleton_skull":3,"farmersdelight:sandy_shrub":3,"minecraft:birch_log":1,"minecraft:wheat":205,"minecraft:lilac":1,"minecraft:grass":485,"minecraft:oak_log":8,"minecraft:cherry_button":1,"minecraft:sand":64,"minecraft:dirt":2127,"minecraft:smooth_basalt":4,"minecraft:raw_copper_block":1,"minecraft:oak_leaves":8,"minecraft:deepslate":310,"minecraft:diamond_ore":1,"minecraft:tuff":12,"farmersdelight:onions":2,"minecraft:mossy_cobblestone":1,"minecraft:deepslate_diamond_ore":98,"farmersdelight:wild_carrots":5,"minecraft:cherry_sapling":24,"minecraft:stripped_cherry_log":28,"minecraft:decorated_pot":2,"minecraft:soul_campfire":1,"minecraft:spruce_leaves":33,"minecraft:kelp":3,"minecraft:moss_block":1,"minecraft:rooted_dirt":10,"minecraft:large_fern":18,"farmersdelight:wild_onions":6,"minecraft:redstone_ore":3,"minecraft:spruce_sapling":11,"minecraft:furnace":8,"minecraft:carrots":147,"minecraft:andesite":2,"minecraft:stripped_spruce_log":4,"minecraft:peony":3,"minecraft:bell":9,"minecraft:bookshelf":1,"minecraft:deepslate_iron_ore":56,"minecraft:vine":2,"minecraft:stone":817,"minecraft:podzol":22,"minecraft:smithing_table":2,"minecraft:glass_pane":2,"minecraft:cherry_planks":92,"minecraft:dandelion":4,"minecraft:crafting_table":26,"minecraft:campfire":7,"minecraft:lectern":17,"minecraft:copper_ore":10,"minecraft:tall_grass":170,"minecraft:lapis_ore":12,"minecraft:deepslate_gold_ore":41,"minecraft:blue_bed":5,"minecraft:purple_bed":2,"minecraft:coarse_dirt":656,"minecraft:cobblestone_wall":3,"minecraft:gray_bed":1,"minecraft:spruce_log":1931,"minecraft:birch_leaves":5,"minecraft:white_wall_banner":1,"minecraft:yellow_bed":11,"minecraft:coal_ore":23,"minecraft:cherry_leaves":67,"minecraft:flower_pot":1,"minecraft:gravel":828,"minecraft:cobweb":22,"minecraft:small_dripleaf":1,"minecraft:gold_ore":20,"minecraft:chipped_anvil":4,"minecraft:fern":14}},"DataVersion":3465}