{"stats":{"minecraft:crafted":{"minecraft:cookie":7,"minecraft:oak_planks":1492,"minecraft:cobblestone_slab":6,"minecraft:stone_shovel":35,"minecraft:furnace":3,"minecraft:diamond_shovel":1,"minecraft:suspicious_stew":5,"minecraft:cooked_mutton":2,"minecraft:oak_trapdoor":2,"minecraft:cake":1,"minecraft:glass":20,"minecraft:diamond_helmet":1,"minecraft:diamond_leggings":3,"minecraft:iron_axe":10,"minecraft:ladder":9,"minecraft:spruce_slab":12,"minecraft:stone_pickaxe":8,"minecraft:chest":8,"minecraft:diamond_boots":3,"minecraft:stone_hoe":1,"minecraft:chainmail_leggings":12,"minecraft:emerald":152,"minecraft:cooked_porkchop":9,"minecraft:crafting_table":3,"minecraft:spruce_planks":284,"minecraft:wooden_pickaxe":1,"minecraft:iron_helmet":1,"minecraft:iron_sword":1,"minecraft:smithing_table":1,"minecraft:fletching_table":1,"minecraft:stone_axe":2,"minecraft:bread":60,"minecraft:air":0,"biomesoplenty:fir_planks":384,"minecraft:iron_chestplate":9,"minecraft:shield":10,"minecraft:stick":3896,"minecraft:iron_ingot":3,"minecraft:stone_sword":1,"minecraft:composter":1,"minecraft:torch":104,"minecraft:diamond_chestplate":2},"minecraft:picked_up":{"minecraft:crafting_table":6,"minecraft:iron_chestplate":9,"minecraft:wheat":10,"minecraft:allium":1,"minecraft:azure_bluet":77,"minecraft:ladder":9,"minecraft:suspicious_stew":5,"minecraft:smithing_table":3,"minecraft:shield":9,"minecraft:oak_trapdoor":2,"minecraft:red_bed":4,"minecraft:string":3,"minecraft:raw_copper":2,"minecraft:iron_axe":7,"minecraft:white_carpet":9,"minecraft:spruce_planks":10,"minecraft:beef":3,"minecraft:redstone_torch":1,"minecraft:spruce_slab":5,"minecraft:sugar_cane":22,"minecraft:spruce_trapdoor":5,"minecraft:furnace":3,"minecraft:stick":28,"minecraft:raw_iron":4,"minecraft:torch":12,"minecraft:bowl":1,"minecraft:spruce_stairs":8,"minecraft:spruce_fence":1,"minecraft:porkchop":15,"minecraft:cookie":126,"minecraft:arrow":2,"minecraft:rotten_flesh":3,"minecraft:stone_shovel":10,"minecraft:mutton":6,"minecraft:white_wool":7,"minecraft:cobblestone":867,"minecraft:potato":1,"biomesoplenty:fir_sapling":2,"biomesoplenty:fir_log":96,"minecraft:flint":10,"minecraft:oak_log":416,"minecraft:dirt":5863,"minecraft:bone":2,"minecraft:apple":5,"minecraft:wheat_seeds":63,"minecraft:grindstone":7,"minecraft:fletching_table":4,"minecraft:oak_planks":18,"minecraft:pumpkin":8,"minecraft:sweet_berries":19,"minecraft:sand":20,"minecraft:gravel":88,"minecraft:spruce_sapling":5,"minecraft:blast_furnace":2,"minecraft:spruce_log":66,"minecraft:spider_eye":1,"minecraft:mossy_cobblestone":1,"biomesoplenty:maple_sapling":62,"minecraft:purple_bed":8,"minecraft:stone_axe":1,"minecraft:chainmail_leggings":12,"minecraft:bone_meal":12,"alexsmobs:maggot":3,"minecraft:oak_sapling":2,"minecraft:light_gray_carpet":3,"minecraft:coal":44},"minecraft:dropped":{"minecraft:wheat_seeds":30,"minecraft:oak_log":1,"minecraft:mossy_cobblestone":1,"biomesoplenty:maple_sapling":62,"minecraft:cookie":126,"minecraft:iron_helmet":1,"minecraft:spruce_stairs":7,"minecraft:dirt":105,"minecraft:iron_leggings":1,"minecraft:iron_axe":7,"minecraft:chainmail_leggings":24,"minecraft:gravel":3,"minecraft:stone_axe":2,"minecraft:sweet_berries":19,"alexsmobs:maggot":3,"minecraft:stone_sword":1,"minecraft:raw_copper":2,"minecraft:bowl":6,"minecraft:stone_shovel":10,"minecraft:white_carpet":9,"minecraft:rotten_flesh":3,"minecraft:light_gray_carpet":3,"minecraft:azure_bluet":77,"minecraft:spruce_fence":1,"minecraft:suspicious_stew":5,"minecraft:cobblestone_slab":3,"minecraft:shield":9,"minecraft:allium":1,"minecraft:spruce_trapdoor":5,"minecraft:iron_chestplate":10,"minecraft:oak_sapling":2,"minecraft:redstone_torch":1,"minecraft:spider_eye":1,"minecraft:spruce_slab":10,"minecraft:wooden_pickaxe":1},"minecraft:killed":{"minecraft:spider":2,"minecraft:skeleton":4,"alexsmobs:banana_slug":1,"takesapillage:clay_golem":1,"minecraft:pig":8,"minecraft:sheep":5,"minecraft:pillager":2,"minecraft:zombie":4,"alexsmobs:fly":6,"minecraft:cow":1},"minecraft:broken":{"minecraft:stone_pickaxe":7,"minecraft:diamond_shovel":1,"minecraft:iron_axe":3,"minecraft:stone_axe":1,"minecraft:stone_shovel":34},"minecraft:custom":{"minecraft:mob_kills":34,"minecraft:animals_bred":4,"minecraft:interact_with_crafting_table":33,"minecraft:leave_game":5,"minecraft:time_since_death":293011,"minecraft:climb_one_cm":10026,"minecraft:sprint_one_cm":758440,"minecraft:walk_one_cm":1047306,"minecraft:damage_blocked_by_shield":420,"minecraft:drop":169,"minecraft:talked_to_villager":136,"minecraft:play_time":342174,"minecraft:deaths":1,"minecraft:sneak_time":28591,"minecraft:walk_under_water_one_cm":7489,"minecraft:jump":4980,"minecraft:interact_with_blast_furnace":5,"minecraft:walk_on_water_one_cm":22235,"minecraft:total_world_time":342174,"minecraft:interact_with_furnace":15,"minecraft:traded_with_villager":242,"minecraft:sleep_in_bed":24,"minecraft:time_since_rest":10381,"minecraft:damage_taken":1329,"minecraft:damage_dealt":4220,"minecraft:swim_one_cm":48655,"minecraft:fly_one_cm":1032120,"minecraft:open_chest":129,"minecraft:crouch_one_cm":97114,"minecraft:fall_one_cm":96948},"minecraft:mined":{"minecraft:spruce_planks":10,"minecraft:mossy_cobblestone":1,"biomesoplenty:desert_grass":1,"minecraft:spruce_trapdoor":3,"minecraft:spruce_fence":1,"minecraft:grass_block":3420,"minecraft:spruce_leaves":44,"biomesoplenty:dead_grass":9,"minecraft:large_fern":4,"minecraft:oak_trapdoor":2,"minecraft:furnace":3,"minecraft:iron_ore":4,"minecraft:pumpkin":9,"minecraft:fletching_table":4,"minecraft:azure_bluet":30,"minecraft:dirt_path":16,"minecraft:packed_ice":5,"biomesoplenty:barley":4,"minecraft:stone":902,"minecraft:white_wool":2,"minecraft:smithing_table":3,"minecraft:light_gray_carpet":3,"minecraft:glass_pane":1,"minecraft:red_bed":4,"minecraft:powder_snow":7,"minecraft:crafting_table":6,"minecraft:torch":7,"minecraft:blast_furnace":2,"minecraft:copper_ore":1,"minecraft:cobblestone":12,"minecraft:oak_planks":18,"biomesoplenty:sprout":5,"biomesoplenty:huge_clover_petal":71,"minecraft:grindstone":7,"minecraft:sugar_cane":7,"minecraft:wall_torch":1,"minecraft:spruce_stairs":4,"minecraft:purple_bed":8,"minecraft:wheat":10,"minecraft:sweet_berry_bush":4,"minecraft:ice":1,"minecraft:white_carpet":9,"minecraft:spruce_log":66,"biomesoplenty:maple_leaves":424,"biomesoplenty:fir_log":100,"minecraft:grass":69,"biomesoplenty:clover":115,"minecraft:oak_log":421,"minecraft:coal_ore":44,"biomesoplenty:fir_leaves":32,"minecraft:sand":20,"minecraft:dirt":2630,"minecraft:gravel":100,"minecraft:oak_leaves":4,"minecraft:fern":17},"minecraft:used":{"minecraft:oak_trapdoor":3,"minecraft:stone_sword":32,"minecraft:stone_shovel":4668,"minecraft:ladder":17,"minecraft:spruce_planks":24,"minecraft:chest":8,"minecraft:shield":12,"minecraft:iron_sword":48,"minecraft:stone_hoe":36,"minecraft:torch":86,"minecraft:dirt":1757,"minecraft:spruce_stairs":1,"minecraft:glass":20,"minecraft:iron_axe":758,"minecraft:furnace":6,"minecraft:potato":2,"minecraft:iron_leggings":2,"minecraft:wheat_seeds":33,"minecraft:cooked_mutton":2,"minecraft:diamond_boots":1,"minecraft:stone_pickaxe":972,"minecraft:oak_planks":48,"minecraft:wooden_pickaxe":18,"minecraft:composter":1,"minecraft:fletching_table":5,"minecraft:cobblestone_slab":3,"minecraft:cookie":126,"minecraft:white_wool":2,"minecraft:crafting_table":9,"minecraft:red_bed":4,"minecraft:blast_furnace":2,"minecraft:cake":1,"minecraft:spruce_log":1,"minecraft:oak_log":1,"minecraft:apple":1,"minecraft:diamond_shovel":1579,"minecraft:bread":32,"minecraft:suspicious_stew":5,"minecraft:gravel":16,"minecraft:stone_axe":157,"minecraft:cobblestone":29,"minecraft:purple_bed":8,"minecraft:cooked_porkchop":9,"minecraft:grindstone":6,"minecraft:smithing_table":4,"minecraft:pumpkin_pie":1,"alexsmobs:animal_dictionary":5,"minecraft:bone_meal":12,"minecraft:diamond_leggings":1,"minecraft:chainmail_leggings":1}},"DataVersion":3465}