{"stats":{"minecraft:mined":{"minecraft:tuff":78,"minecraft:spruce_planks":5,"minecraft:farmland":1,"minecraft:deepslate_diamond_ore":8,"minecraft:granite":27,"biomesoplenty:bush":4,"minecraft:grass_block":5,"biomesoplenty:flowering_oak_leaves":2,"minecraft:light_gray_bed":3,"farmersdelight:budding_tomatoes":8,"minecraft:oxeye_daisy":1,"minecraft:furnace":7,"biomesoplenty:toadstool":3,"minecraft:iron_ore":36,"minecraft:cobbled_deepslate":6,"minecraft:andesite":87,"bunker_down:steel_vent":1,"minecraft:azure_bluet":1,"minecraft:sculk_shrieker":1,"minecraft:potatoes":1,"minecraft:deepslate_iron_ore":9,"crittersandcompanions:silk_cocoon":1,"minecraft:stripped_oak_log":4,"minecraft:pink_tulip":1,"bunker_down:steel_block":2,"minecraft:stone":573,"minecraft:deepslate_redstone_ore":2,"minecraft:lily_of_the_valley":1,"minecraft:crafting_table":11,"minecraft:torch":8,"minecraft:spruce_button":1,"minecraft:rose_bush":96,"minecraft:dead_bush":3,"minecraft:copper_ore":6,"minecraft:cobblestone":23,"minecraft:lapis_ore":3,"biomesoplenty:sprout":97,"minecraft:deepslate_gold_ore":2,"farmersdelight:wild_tomatoes":10,"minecraft:oak_planks":11,"minecraft:diorite":97,"minecraft:wall_torch":19,"supplementaries:urn":7,"minecraft:purple_bed":1,"minecraft:wheat":8,"minecraft:sweet_berry_bush":16,"minecraft:lilac":50,"minecraft:spruce_log":19,"biomesoplenty:maple_leaves":2,"biomesoplenty:fir_log":5,"minecraft:grass":72,"minecraft:oak_log":28,"minecraft:coal_ore":46,"minecraft:sunflower":48,"minecraft:gravel":13,"minecraft:dirt":29,"minecraft:oak_leaves":8,"minecraft:deepslate":720,"minecraft:fern":3,"biomesoplenty:reed":1},"minecraft:killed_by":{"minecraft:drowned":1,"minecraft:zombie":1,"naturalist:bear":3,"rottencreatures:undead_miner":1},"minecraft:dropped":{"bunker_down:steel_vent":1,"minecraft:piston":1,"minecraft:wheat_seeds":5,"minecraft:lapis_lazuli":8,"minecraft:glass_bottle":6,"farmersdelight:cooked_bacon":2,"minecraft:feather":4,"minecraft:cobblestone":184,"minecraft:granite":46,"minecraft:stick":7,"minecraft:oxeye_daisy":1,"minecraft:dirt":37,"minecraft:diorite":16,"minecraft:wooden_axe":1,"minecraft:potion":3,"bunker_down:brittle_pickaxe":1,"minecraft:iron_shovel":1,"rottencreatures:magma_rotten_flesh":3,"marbledsarsenal:baseball_bat":1,"minecraft:white_wool":1,"taccraft:flak_vest_helmet":1,"minecraft:stone_axe":1,"flashlight:flashlight":1,"minecraft:stone_sword":1,"minecraft:cobbled_deepslate":216,"minecraft:bowl":1,"minecraft:tuff":12,"minecraft:chicken":2,"minecraft:rotten_flesh":56,"minecraft:oak_planks":2,"cold_sweat:fur_cap":2,"supplementaries:ash":4,"flashlight:smallredstonebattery":1,"minecraft:andesite":88,"minecraft:oak_sapling":1,"minecraft:redstone_torch":5,"minecraft:wooden_pickaxe":2,"minecraft:beef":2,"minecraft:stone_pickaxe":2,"farmersdelight:apple_cider":1,"minecraft:egg":1},"minecraft:broken":{"minecraft:stone_pickaxe":8,"minecraft:wooden_sword":1,"minecraft:iron_pickaxe":3},"minecraft:killed":{"hordes:zombie_player":2,"rottencreatures:burned":2,"naturalist:robin":1,"naturalist:duck":1,"minecraft:chicken":2,"minecraft:drowned":12,"naturalist:cardinal":1,"rottencreatures:undead_miner":9,"minecraft:husk":17,"minecraft:pig":2,"minecraft:zombie_villager":2,"naturalist:bear":1,"naturalist:snake":1,"minecraft:sheep":1,"minecraft:trader_llama":1,"minecraft:zombie":53,"minecraft:cow":3},"minecraft:custom":{"minecraft:interact_with_anvil":3,"minecraft:mob_kills":106,"minecraft:animals_bred":2,"minecraft:interact_with_crafting_table":46,"minecraft:open_barrel":2,"minecraft:interact_with_campfire":14,"minecraft:damage_dealt_resisted":94,"minecraft:leave_game":9,"minecraft:time_since_death":24803,"minecraft:climb_one_cm":26157,"minecraft:sprint_one_cm":550187,"minecraft:walk_one_cm":589268,"minecraft:drop":82,"minecraft:damage_dealt_absorbed":39,"minecraft:talked_to_villager":7,"minecraft:play_time":345320,"minecraft:sneak_time":95479,"minecraft:deaths":8,"minecraft:walk_under_water_one_cm":36132,"minecraft:boat_one_cm":218367,"minecraft:jump":4781,"minecraft:interact_with_blast_furnace":2,"minecraft:walk_on_water_one_cm":64388,"minecraft:total_world_time":345320,"minecraft:interact_with_furnace":42,"minecraft:sleep_in_bed":5,"minecraft:time_since_rest":1162,"minecraft:damage_taken":6437,"minecraft:damage_dealt":29452,"minecraft:swim_one_cm":74390,"minecraft:fly_one_cm":768738,"minecraft:open_chest":24,"minecraft:crouch_one_cm":241859,"minecraft:fall_one_cm":143512},"minecraft:crafted":{"naturalist:cooked_duck":1,"minecraft:wooden_sword":1,"minecraft:oak_planks":88,"minecraft:iron_nugget":9,"minecraft:furnace":2,"minecraft:bone_meal":21,"minecraft:iron_boots":1,"minecraft:iron_axe":1,"minecraft:stone_pickaxe":3,"minecraft:stone_hoe":1,"sophisticatedbackpacks:iron_backpack":1,"minecraft:crafting_table":6,"minecraft:spruce_planks":72,"minecraft:baked_potato":5,"minecraft:iron_helmet":1,"minecraft:wooden_pickaxe":1,"minecraft:stripped_oak_wood":3,"minecraft:bucket":1,"minecraft:stone_axe":1,"minecraft:bread":3,"minecraft:air":0,"biomesoplenty:fir_planks":20,"farmersdelight:cutting_board":1,"minecraft:oak_boat":3,"minecraft:stick":32,"minecraft:iron_ingot":41,"minecraft:iron_pickaxe":3,"minecraft:wooden_axe":1,"minecraft:stone_sword":2,"minecraft:iron_shovel":1,"minecraft:iron_leggings":1,"minecraft:torch":64,"marbledsarsenal:barbed_baseball_bat":1,"biomesoplenty:fir_door":3},"minecraft:picked_up":{"minecraft:crafting_table":10,"minecraft:wheat":8,"minecraft:azure_bluet":1,"cold_sweat:fur_cap":4,"minecraft:chicken":4,"minecraft:lead":1,"minecraft:wooden_pickaxe":1,"marbledsapi:steel_sheet":5,"minecraft:potion":25,"marbledsarsenal:baseball_bat":4,"farmersdelight:diamond_knife":1,"minecraft:raw_copper":26,"minecraft:iron_shovel":1,"minecraft:cobbled_deepslate":725,"minecraft:spruce_planks":6,"minecraft:beef":10,"minecraft:rose_bush":88,"minecraft:redstone_torch":10,"minecraft:cobblestone_slab":1,"minecraft:iron_nugget":3,"crittersandcompanions:clam":1,"minecraft:piston":1,"farmersdelight:cabbage_seeds":2,"minecraft:furnace":8,"minecraft:egg":4,"naturalist:duck":1,"minecraft:stick":28,"minecraft:raw_iron":54,"minecraft:torch":71,"sophisticatedbackpacks:backpack":1,"minecraft:porkchop":2,"farmersdelight:tomato_seeds":26,"minecraft:diorite":102,"minecraft:redstone":10,"minecraft:stone_sword":2,"minecraft:light_gray_bed":4,"minecraft:rotten_flesh":99,"minecraft:pink_tulip":1,"supplementaries:ash":4,"minecraft:white_wool":1,"minecraft:cobblestone":628,"minecraft:oxeye_daisy":2,"minecraft:stripped_oak_log":4,"minecraft:lilac":47,"taccraft:flak_vest_helmet":4,"bunker_down:brittle_pickaxe":2,"minecraft:feather":8,"cold_sweat:fur_pants":1,"minecraft:andesite":89,"taccraft:nylon_stripe":1,"minecraft:leather":7,"marbledsarsenal:barbed_baseball_bat":1,"biomesoplenty:fir_log":5,"bunker_down:steel_vent":1,"minecraft:potato":4,"minecraft:flint":1,"minecraft:tuff":68,"supplementaries:flax_seeds":5,"minecraft:oak_log":57,"farmersdelight:cooked_bacon":42,"minecraft:lapis_lazuli":36,"farmersdelight:tomato":2,"minecraft:dirt":48,"bunker_down:steel_block":1,"minecraft:bone":7,"minecraft:apple":1,"minecraft:wheat_seeds":59,"minecraft:raw_gold":4,"farmersdelight:apple_cider":4,"minecraft:stone_pickaxe":10,"minecraft:iron_ingot":2,"minecraft:glass_bottle":5,"minecraft:oak_planks":32,"biomesoplenty:toadstool":3,"minecraft:sweet_berries":74,"minecraft:gravel":13,"minecraft:spruce_log":18,"minecraft:lily_of_the_valley":1,"minecraft:diamond_shovel":1,"biomesoplenty:maple_sapling":2,"minecraft:purple_bed":1,"minecraft:diamond":9,"minecraft:stone_axe":2,"minecraft:granite":46,"minecraft:bone_meal":18,"minecraft:sunflower":40,"minecraft:oak_sapling":2,"minecraft:coal":89,"minecraft:wooden_axe":1,"rottencreatures:magma_rotten_flesh":3},"minecraft:used":{"marbledsarsenal:baseball_bat":51,"minecraft:rose_bush":88,"minecraft:stone_sword":176,"minecraft:iron_shovel":16,"farmersdelight:cabbage_seeds":5,"minecraft:spruce_planks":40,"minecraft:stone_hoe":107,"marbledsarsenal:barbed_baseball_bat":405,"minecraft:rotten_flesh":33,"supplementaries:globe":1,"minecraft:stick":2,"minecraft:torch":101,"minecraft:dirt":7,"minecraft:lily_of_the_valley":1,"minecraft:tuff":19,"minecraft:azure_bluet":1,"minecraft:wooden_axe":10,"minecraft:iron_axe":22,"farmersdelight:cutting_board":1,"minecraft:sweet_berries":87,"minecraft:furnace":8,"naturalist:bass_bucket":2,"minecraft:cooked_beef":14,"farmersdelight:tomato_seeds":17,"minecraft:cobbled_deepslate":318,"minecraft:light_gray_bed":5,"minecraft:wheat_seeds":45,"minecraft:water_bucket":20,"minecraft:pink_tulip":1,"minecraft:baked_potato":5,"minecraft:glass_bottle":22,"minecraft:stone_pickaxe":983,"minecraft:oak_planks":55,"minecraft:wooden_pickaxe":40,"minecraft:cobblestone_slab":1,"minecraft:crafting_table":13,"minecraft:oak_log":4,"cold_sweat:fur_pants":1,"bunker_down:steel_block":1,"minecraft:sunflower":40,"minecraft:bread":3,"minecraft:suspicious_stew":1,"minecraft:iron_pickaxe":749,"minecraft:gravel":13,"supplementaries:flax_seeds":5,"minecraft:lilac":47,"minecraft:stone_axe":63,"biomesoplenty:fir_door":1,"minecraft:wooden_sword":59,"farmersdelight:cooked_bacon":51,"naturalist:cooked_duck":1,"minecraft:cobblestone":181,"minecraft:potion":35,"minecraft:cooked_porkchop":3,"minecraft:andesite":1,"minecraft:bucket":23,"minecraft:oak_boat":2,"minecraft:air":1,"minecraft:bone_meal":21}},"DataVersion":3120}