{"stats":{"minecraft:killed_by":{"minecraft:zombie":1,"naturalist:bear":2},"minecraft:crafted":{"minecraft:oak_planks":88,"minecraft:iron_nugget":9,"minecraft:furnace":2,"minecraft:iron_boots":1,"minecraft:iron_axe":1,"minecraft:stone_pickaxe":2,"minecraft:crafting_table":4,"minecraft:iron_helmet":1,"minecraft:wooden_pickaxe":1,"minecraft:stripped_oak_wood":3,"minecraft:bucket":1,"minecraft:stone_axe":1,"minecraft:air":0,"minecraft:oak_boat":3,"minecraft:stick":20,"minecraft:iron_ingot":36,"minecraft:iron_pickaxe":1,"minecraft:wooden_axe":1,"minecraft:stone_sword":1,"minecraft:iron_shovel":1,"minecraft:iron_leggings":1,"minecraft:torch":56,"marbledsarsenal:barbed_baseball_bat":1},"minecraft:picked_up":{"minecraft:crafting_table":6,"minecraft:chicken":4,"cold_sweat:fur_cap":4,"minecraft:lead":1,"minecraft:wooden_pickaxe":1,"minecraft:potion":11,"marbledsapi:steel_sheet":5,"marbledsarsenal:baseball_bat":4,"minecraft:cobbled_deepslate":204,"minecraft:beef":10,"minecraft:redstone_torch":10,"minecraft:piston":1,"minecraft:egg":2,"minecraft:furnace":7,"minecraft:stick":28,"minecraft:raw_iron":42,"minecraft:torch":55,"sophisticatedbackpacks:backpack":1,"minecraft:porkchop":2,"farmersdelight:tomato_seeds":18,"minecraft:diorite":22,"minecraft:redstone":10,"minecraft:stone_sword":2,"minecraft:light_gray_bed":2,"minecraft:rotten_flesh":80,"minecraft:white_wool":1,"minecraft:cobblestone":220,"minecraft:oxeye_daisy":2,"minecraft:stripped_oak_log":4,"taccraft:flak_vest_helmet":4,"bunker_down:brittle_pickaxe":2,"minecraft:feather":6,"cold_sweat:fur_pants":1,"minecraft:andesite":6,"minecraft:leather":7,"taccraft:nylon_stripe":1,"bunker_down:steel_vent":1,"minecraft:flint":1,"minecraft:oak_log":57,"farmersdelight:cooked_bacon":42,"minecraft:lapis_lazuli":28,"farmersdelight:tomato":2,"minecraft:dirt":10,"bunker_down:steel_block":1,"minecraft:apple":1,"minecraft:wheat_seeds":8,"minecraft:raw_gold":2,"farmersdelight:apple_cider":4,"minecraft:iron_ingot":2,"minecraft:stone_pickaxe":4,"minecraft:glass_bottle":5,"minecraft:oak_planks":31,"minecraft:gravel":9,"biomesoplenty:maple_sapling":2,"minecraft:diamond":6,"minecraft:stone_axe":2,"minecraft:granite":40,"minecraft:oak_sapling":2,"minecraft:coal":76,"minecraft:wooden_axe":1},"minecraft:used":{"marbledsarsenal:baseball_bat":51,"minecraft:stone_sword":131,"minecraft:iron_shovel":9,"marbledsarsenal:barbed_baseball_bat":95,"minecraft:rotten_flesh":29,"minecraft:stick":2,"minecraft:torch":69,"minecraft:dirt":1,"minecraft:wooden_axe":10,"minecraft:iron_axe":2,"minecraft:furnace":5,"minecraft:cooked_beef":5,"minecraft:light_gray_bed":2,"minecraft:water_bucket":4,"minecraft:glass_bottle":22,"minecraft:stone_pickaxe":295,"minecraft:oak_planks":54,"minecraft:wooden_pickaxe":40,"minecraft:crafting_table":7,"minecraft:oak_log":4,"cold_sweat:fur_pants":1,"bunker_down:steel_block":1,"minecraft:iron_pickaxe":250,"minecraft:stone_axe":63,"farmersdelight:cooked_bacon":37,"minecraft:cobblestone":80,"minecraft:potion":33,"minecraft:cooked_porkchop":3,"minecraft:bucket":5,"minecraft:oak_boat":2,"minecraft:air":1},"minecraft:broken":{"minecraft:stone_pickaxe":2,"minecraft:iron_pickaxe":1},"minecraft:killed":{"hordes:zombie_player":2,"minecraft:chicken":2,"minecraft:drowned":2,"naturalist:cardinal":1,"rottencreatures:undead_miner":1,"minecraft:pig":2,"naturalist:snake":1,"minecraft:sheep":1,"minecraft:trader_llama":1,"minecraft:zombie":25,"minecraft:cow":3},"minecraft:custom":{"minecraft:mob_kills":40,"minecraft:interact_with_crafting_table":30,"minecraft:leave_game":5,"minecraft:time_since_death":49491,"minecraft:climb_one_cm":25527,"minecraft:sprint_one_cm":217549,"minecraft:walk_one_cm":252347,"minecraft:drop":50,"minecraft:damage_dealt_absorbed":39,"minecraft:talked_to_villager":2,"minecraft:play_time":139992,"minecraft:deaths":5,"minecraft:sneak_time":39972,"minecraft:walk_under_water_one_cm":13233,"minecraft:boat_one_cm":85120,"minecraft:jump":1957,"minecraft:walk_on_water_one_cm":27468,"minecraft:total_world_time":139992,"minecraft:interact_with_furnace":32,"minecraft:sleep_in_bed":1,"minecraft:time_since_rest":48542,"minecraft:damage_taken":3343,"minecraft:damage_dealt":11621,"minecraft:swim_one_cm":19237,"minecraft:fly_one_cm":299907,"minecraft:open_chest":6,"minecraft:crouch_one_cm":106965,"minecraft:fall_one_cm":67108},"minecraft:mined":{"minecraft:deepslate_diamond_ore":6,"minecraft:granite":21,"biomesoplenty:bush":4,"minecraft:grass_block":4,"biomesoplenty:flowering_oak_leaves":2,"minecraft:light_gray_bed":1,"minecraft:oxeye_daisy":1,"minecraft:furnace":6,"minecraft:iron_ore":36,"minecraft:andesite":6,"bunker_down:steel_vent":1,"minecraft:stripped_oak_log":4,"bunker_down:steel_block":2,"minecraft:stone":197,"minecraft:deepslate_redstone_ore":2,"minecraft:crafting_table":7,"minecraft:torch":3,"minecraft:dead_bush":3,"minecraft:cobblestone":18,"minecraft:deepslate_gold_ore":2,"minecraft:lapis_ore":2,"biomesoplenty:sprout":1,"farmersdelight:wild_tomatoes":10,"minecraft:oak_planks":11,"minecraft:diorite":22,"minecraft:wall_torch":9,"supplementaries:urn":2,"biomesoplenty:maple_leaves":2,"minecraft:grass":18,"minecraft:oak_log":28,"minecraft:coal_ore":46,"minecraft:gravel":10,"minecraft:dirt":4,"minecraft:deepslate":204,"minecraft:oak_leaves":7,"minecraft:fern":2,"biomesoplenty:reed":1},"minecraft:dropped":{"bunker_down:steel_vent":1,"minecraft:piston":1,"minecraft:wheat_seeds":5,"minecraft:glass_bottle":5,"minecraft:feather":3,"minecraft:cobblestone":4,"minecraft:granite":20,"minecraft:stick":7,"minecraft:oxeye_daisy":1,"minecraft:dirt":7,"minecraft:wooden_axe":1,"minecraft:potion":3,"bunker_down:brittle_pickaxe":1,"marbledsarsenal:baseball_bat":1,"minecraft:white_wool":1,"taccraft:flak_vest_helmet":1,"minecraft:stone_axe":1,"flashlight:flashlight":1,"minecraft:chicken":2,"minecraft:rotten_flesh":43,"minecraft:oak_planks":2,"flashlight:smallredstonebattery":1,"minecraft:oak_sapling":1,"minecraft:redstone_torch":5,"minecraft:wooden_pickaxe":2,"minecraft:stone_pickaxe":1,"minecraft:beef":2,"farmersdelight:apple_cider":1,"minecraft:egg":1}},"DataVersion":3120}