{"stats":{"minecraft:killed_by":{"minecraft:zombie":1,"naturalist:bear":2},"minecraft:crafted":{"minecraft:oak_planks":84,"minecraft:iron_nugget":9,"minecraft:crafting_table":3,"minecraft:wooden_pickaxe":1,"minecraft:stripped_oak_wood":3,"minecraft:stone_axe":1,"minecraft:air":0,"minecraft:oak_boat":3,"minecraft:stick":20,"minecraft:iron_ingot":1,"minecraft:stone_pickaxe":1,"minecraft:wooden_axe":1,"minecraft:stone_sword":1,"minecraft:torch":32,"marbledsarsenal:barbed_baseball_bat":1},"minecraft:picked_up":{"minecraft:wooden_axe":1,"minecraft:stripped_oak_log":4,"minecraft:crafting_table":4,"taccraft:flak_vest_helmet":4,"cold_sweat:fur_cap":4,"minecraft:feather":6,"cold_sweat:fur_pants":1,"bunker_down:brittle_pickaxe":2,"minecraft:chicken":4,"taccraft:nylon_stripe":1,"minecraft:leather":7,"minecraft:lead":1,"minecraft:wooden_pickaxe":1,"bunker_down:steel_vent":1,"marbledsapi:steel_sheet":5,"minecraft:potion":11,"minecraft:oak_log":55,"marbledsarsenal:baseball_bat":4,"farmersdelight:cooked_bacon":42,"farmersdelight:tomato":2,"minecraft:dirt":10,"bunker_down:steel_block":1,"minecraft:wheat_seeds":7,"farmersdelight:apple_cider":4,"minecraft:beef":10,"minecraft:stone_pickaxe":3,"minecraft:redstone_torch":10,"minecraft:glass_bottle":4,"minecraft:oak_planks":26,"minecraft:piston":1,"minecraft:furnace":3,"minecraft:egg":2,"minecraft:stick":8,"minecraft:raw_iron":12,"minecraft:torch":35,"minecraft:porkchop":2,"farmersdelight:tomato_seeds":18,"minecraft:stone_sword":2,"minecraft:light_gray_bed":2,"minecraft:rotten_flesh":70,"minecraft:stone_axe":2,"minecraft:oak_sapling":2,"minecraft:coal":58,"minecraft:white_wool":1,"minecraft:cobblestone":51,"minecraft:oxeye_daisy":2},"minecraft:used":{"marbledsarsenal:baseball_bat":51,"minecraft:stone_sword":131,"minecraft:stone_pickaxe":89,"minecraft:glass_bottle":18,"minecraft:oak_planks":53,"minecraft:wooden_pickaxe":15,"marbledsarsenal:barbed_baseball_bat":40,"minecraft:rotten_flesh":22,"minecraft:stick":2,"minecraft:torch":20,"minecraft:dirt":1,"minecraft:crafting_table":5,"minecraft:oak_log":4,"cold_sweat:fur_pants":1,"minecraft:wooden_axe":10,"minecraft:stone_axe":62,"farmersdelight:cooked_bacon":37,"minecraft:furnace":1,"minecraft:cobblestone":6,"minecraft:potion":30,"minecraft:oak_boat":2,"minecraft:air":1,"minecraft:light_gray_bed":2},"minecraft:killed":{"minecraft:pig":2,"hordes:zombie_player":2,"naturalist:snake":1,"minecraft:sheep":1,"minecraft:trader_llama":1,"minecraft:zombie":19,"minecraft:chicken":2,"naturalist:cardinal":1,"minecraft:drowned":2,"minecraft:cow":3},"minecraft:custom":{"minecraft:interact_with_furnace":9,"minecraft:mob_kills":33,"minecraft:interact_with_crafting_table":19,"minecraft:leave_game":4,"minecraft:time_since_death":2282,"minecraft:sleep_in_bed":1,"minecraft:climb_one_cm":25527,"minecraft:time_since_rest":1333,"minecraft:sprint_one_cm":167028,"minecraft:damage_taken":2411,"minecraft:walk_one_cm":189169,"minecraft:drop":36,"minecraft:damage_dealt":9095,"minecraft:damage_dealt_absorbed":39,"minecraft:swim_one_cm":19155,"minecraft:talked_to_villager":1,"minecraft:fly_one_cm":252991,"minecraft:open_chest":6,"minecraft:crouch_one_cm":59226,"minecraft:play_time":92783,"minecraft:deaths":5,"minecraft:sneak_time":19700,"minecraft:walk_under_water_one_cm":9847,"minecraft:boat_one_cm":85120,"minecraft:jump":1500,"minecraft:walk_on_water_one_cm":26943,"minecraft:total_world_time":92783,"minecraft:fall_one_cm":51856},"minecraft:mined":{"minecraft:crafting_table":5,"minecraft:torch":2,"biomesoplenty:bush":4,"minecraft:grass_block":4,"minecraft:dead_bush":3,"biomesoplenty:flowering_oak_leaves":2,"minecraft:light_gray_bed":1,"minecraft:cobblestone":6,"biomesoplenty:sprout":1,"farmersdelight:wild_tomatoes":10,"minecraft:oak_planks":10,"minecraft:oxeye_daisy":1,"minecraft:wall_torch":2,"minecraft:furnace":2,"minecraft:iron_ore":6,"bunker_down:steel_vent":1,"minecraft:grass":18,"minecraft:oak_log":27,"minecraft:coal_ore":33,"minecraft:dirt":4,"minecraft:stripped_oak_log":4,"bunker_down:steel_block":2,"minecraft:stone":45,"minecraft:fern":2,"biomesoplenty:reed":1,"minecraft:oak_leaves":7},"minecraft:dropped":{"minecraft:piston":1,"minecraft:wheat_seeds":3,"flashlight:flashlight":1,"minecraft:glass_bottle":4,"minecraft:cobblestone":4,"minecraft:chicken":2,"minecraft:feather":3,"minecraft:rotten_flesh":37,"minecraft:stick":1,"minecraft:oxeye_daisy":1,"minecraft:dirt":7,"flashlight:smallredstonebattery":1,"minecraft:wooden_axe":1,"minecraft:oak_sapling":1,"minecraft:potion":3,"minecraft:redstone_torch":5,"minecraft:wooden_pickaxe":1,"minecraft:stone_pickaxe":1,"minecraft:beef":2,"farmersdelight:apple_cider":1,"bunker_down:brittle_pickaxe":1,"marbledsarsenal:baseball_bat":1,"minecraft:white_wool":1,"taccraft:flak_vest_helmet":1,"bunker_down:steel_vent":1,"minecraft:egg":1}},"DataVersion":3120}