{"stats":{"minecraft:crafted":{"minecraft:oak_planks":84,"minecraft:crafting_table":2,"minecraft:wooden_pickaxe":1,"minecraft:stone_axe":1,"minecraft:oak_boat":2,"minecraft:stick":20,"minecraft:stone_pickaxe":1,"minecraft:wooden_axe":1,"minecraft:stone_sword":1,"minecraft:torch":32},"minecraft:killed_by":{"minecraft:zombie":1},"minecraft:killed":{"minecraft:pig":2,"hordes:zombie_player":1,"naturalist:snake":1,"minecraft:sheep":1,"minecraft:zombie":6,"minecraft:chicken":2,"minecraft:cow":1},"minecraft:picked_up":{"minecraft:wooden_axe":1,"minecraft:crafting_table":2,"taccraft:flak_vest_helmet":4,"minecraft:feather":6,"cold_sweat:fur_cap":3,"bunker_down:brittle_pickaxe":2,"minecraft:chicken":4,"taccraft:nylon_stripe":1,"minecraft:leather":6,"minecraft:wooden_pickaxe":1,"marbledsapi:steel_sheet":3,"minecraft:potion":11,"marbledsarsenal:baseball_bat":4,"minecraft:oak_log":51,"farmersdelight:cooked_bacon":42,"farmersdelight:tomato":2,"minecraft:dirt":10,"minecraft:wheat_seeds":6,"farmersdelight:apple_cider":1,"minecraft:beef":4,"minecraft:stone_pickaxe":3,"minecraft:redstone_torch":10,"minecraft:glass_bottle":4,"minecraft:oak_planks":12,"minecraft:furnace":2,"minecraft:egg":2,"minecraft:stick":5,"minecraft:raw_iron":12,"minecraft:torch":31,"minecraft:porkchop":2,"farmersdelight:tomato_seeds":18,"minecraft:stone_sword":2,"minecraft:light_gray_bed":1,"minecraft:rotten_flesh":19,"minecraft:stone_axe":2,"minecraft:coal":42,"minecraft:white_wool":1,"minecraft:cobblestone":48,"minecraft:oxeye_daisy":2},"minecraft:mined":{"minecraft:crafting_table":3,"minecraft:torch":1,"biomesoplenty:bush":4,"minecraft:grass_block":4,"minecraft:dead_bush":3,"minecraft:cobblestone":2,"farmersdelight:wild_tomatoes":10,"minecraft:oak_planks":1,"minecraft:oxeye_daisy":1,"minecraft:iron_ore":6,"minecraft:grass":11,"minecraft:oak_log":24,"minecraft:coal_ore":33,"minecraft:dirt":3,"minecraft:stone":45,"minecraft:oak_leaves":3},"minecraft:custom":{"minecraft:interact_with_furnace":1,"minecraft:mob_kills":16,"minecraft:interact_with_crafting_table":6,"minecraft:leave_game":3,"minecraft:time_since_death":5361,"minecraft:climb_one_cm":17593,"minecraft:time_since_rest":5402,"minecraft:sprint_one_cm":123174,"minecraft:damage_taken":1221,"minecraft:walk_one_cm":101148,"minecraft:drop":26,"minecraft:damage_dealt":2518,"minecraft:damage_dealt_absorbed":12,"minecraft:swim_one_cm":5155,"minecraft:fly_one_cm":185949,"minecraft:open_chest":2,"minecraft:crouch_one_cm":17079,"minecraft:play_time":47264,"minecraft:deaths":2,"minecraft:sneak_time":5923,"minecraft:walk_under_water_one_cm":4909,"minecraft:boat_one_cm":6409,"minecraft:jump":1062,"minecraft:walk_on_water_one_cm":12622,"minecraft:total_world_time":47264,"minecraft:fall_one_cm":41598},"minecraft:dropped":{"minecraft:wheat_seeds":2,"flashlight:flashlight":1,"minecraft:glass_bottle":1,"minecraft:chicken":2,"minecraft:feather":1,"minecraft:cobblestone":4,"minecraft:rotten_flesh":9,"minecraft:stick":1,"minecraft:dirt":7,"flashlight:smallredstonebattery":1,"minecraft:wooden_axe":1,"minecraft:potion":3,"minecraft:wooden_pickaxe":1,"minecraft:stone_pickaxe":1,"minecraft:beef":2,"farmersdelight:apple_cider":1,"bunker_down:brittle_pickaxe":1,"marbledsarsenal:baseball_bat":1,"minecraft:white_wool":1,"taccraft:flak_vest_helmet":1,"minecraft:egg":1},"minecraft:used":{"marbledsarsenal:baseball_bat":13,"minecraft:stone_sword":46,"minecraft:stone_pickaxe":79,"minecraft:glass_bottle":5,"minecraft:wooden_pickaxe":15,"minecraft:stick":2,"minecraft:torch":9,"minecraft:crafting_table":3,"minecraft:wooden_axe":10,"minecraft:stone_axe":23,"farmersdelight:cooked_bacon":24,"minecraft:cobblestone":6,"minecraft:potion":16,"minecraft:oak_boat":1}},"DataVersion":3120}