{"stats":{"minecraft:mined":{"minecraft:tuff":78,"minecraft:spruce_planks":4,"minecraft:deepslate_diamond_ore":8,"minecraft:granite":27,"biomesoplenty:bush":4,"minecraft:grass_block":4,"biomesoplenty:flowering_oak_leaves":2,"minecraft:light_gray_bed":3,"minecraft:oxeye_daisy":1,"minecraft:furnace":7,"biomesoplenty:toadstool":3,"minecraft:iron_ore":36,"minecraft:cobbled_deepslate":6,"minecraft:andesite":87,"bunker_down:steel_vent":1,"minecraft:sculk_shrieker":1,"minecraft:deepslate_iron_ore":9,"crittersandcompanions:silk_cocoon":1,"minecraft:stripped_oak_log":4,"bunker_down:steel_block":2,"minecraft:stone":573,"minecraft:deepslate_redstone_ore":2,"minecraft:crafting_table":11,"minecraft:torch":7,"minecraft:dead_bush":3,"minecraft:copper_ore":6,"minecraft:cobblestone":23,"minecraft:lapis_ore":3,"biomesoplenty:sprout":1,"minecraft:deepslate_gold_ore":2,"farmersdelight:wild_tomatoes":10,"minecraft:oak_planks":11,"minecraft:diorite":97,"minecraft:wall_torch":19,"supplementaries:urn":7,"minecraft:purple_bed":1,"minecraft:sweet_berry_bush":6,"minecraft:spruce_log":12,"biomesoplenty:maple_leaves":2,"minecraft:grass":19,"minecraft:oak_log":28,"minecraft:coal_ore":46,"minecraft:gravel":13,"minecraft:dirt":24,"minecraft:oak_leaves":7,"minecraft:deepslate":720,"minecraft:fern":3,"biomesoplenty:reed":1},"minecraft:killed_by":{"minecraft:zombie":1,"naturalist:bear":3,"rottencreatures:undead_miner":1},"minecraft:dropped":{"bunker_down:steel_vent":1,"minecraft:piston":1,"minecraft:wheat_seeds":5,"minecraft:lapis_lazuli":8,"minecraft:glass_bottle":6,"farmersdelight:cooked_bacon":2,"minecraft:feather":3,"minecraft:cobblestone":184,"minecraft:granite":46,"minecraft:stick":7,"minecraft:oxeye_daisy":1,"minecraft:dirt":37,"minecraft:diorite":16,"minecraft:wooden_axe":1,"minecraft:potion":3,"bunker_down:brittle_pickaxe":1,"rottencreatures:magma_rotten_flesh":3,"marbledsarsenal:baseball_bat":1,"minecraft:white_wool":1,"taccraft:flak_vest_helmet":1,"minecraft:stone_axe":1,"flashlight:flashlight":1,"minecraft:stone_sword":1,"minecraft:cobbled_deepslate":216,"minecraft:tuff":12,"minecraft:chicken":2,"minecraft:rotten_flesh":56,"minecraft:oak_planks":2,"cold_sweat:fur_cap":2,"supplementaries:ash":4,"flashlight:smallredstonebattery":1,"minecraft:andesite":88,"minecraft:oak_sapling":1,"minecraft:redstone_torch":5,"minecraft:wooden_pickaxe":2,"minecraft:beef":2,"minecraft:stone_pickaxe":2,"farmersdelight:apple_cider":1,"minecraft:egg":1},"minecraft:broken":{"minecraft:stone_pickaxe":8,"minecraft:wooden_sword":1,"minecraft:iron_pickaxe":3},"minecraft:killed":{"hordes:zombie_player":2,"rottencreatures:burned":2,"naturalist:duck":1,"minecraft:chicken":2,"minecraft:drowned":10,"naturalist:cardinal":1,"rottencreatures:undead_miner":9,"minecraft:pig":2,"minecraft:zombie_villager":1,"naturalist:bear":1,"naturalist:snake":1,"minecraft:sheep":1,"minecraft:trader_llama":1,"minecraft:zombie":49,"minecraft:cow":3},"minecraft:custom":{"minecraft:interact_with_anvil":3,"minecraft:mob_kills":84,"minecraft:interact_with_crafting_table":37,"minecraft:open_barrel":2,"minecraft:interact_with_campfire":11,"minecraft:leave_game":9,"minecraft:time_since_death":16752,"minecraft:climb_one_cm":25527,"minecraft:sprint_one_cm":370894,"minecraft:walk_one_cm":420357,"minecraft:drop":79,"minecraft:damage_dealt_absorbed":39,"minecraft:talked_to_villager":7,"minecraft:play_time":273320,"minecraft:sneak_time":84077,"minecraft:deaths":7,"minecraft:walk_under_water_one_cm":21147,"minecraft:boat_one_cm":218367,"minecraft:jump":3423,"minecraft:walk_on_water_one_cm":51530,"minecraft:total_world_time":273320,"minecraft:interact_with_furnace":42,"minecraft:sleep_in_bed":1,"minecraft:time_since_rest":16778,"minecraft:damage_taken":5564,"minecraft:damage_dealt":23533,"minecraft:swim_one_cm":32209,"minecraft:fly_one_cm":480010,"minecraft:open_chest":14,"minecraft:crouch_one_cm":210383,"minecraft:fall_one_cm":100081},"minecraft:crafted":{"naturalist:cooked_duck":1,"minecraft:wooden_sword":1,"minecraft:oak_planks":88,"minecraft:iron_nugget":9,"minecraft:furnace":2,"minecraft:iron_boots":1,"minecraft:iron_axe":1,"minecraft:stone_pickaxe":3,"minecraft:crafting_table":5,"minecraft:spruce_planks":48,"minecraft:baked_potato":5,"minecraft:iron_helmet":1,"minecraft:wooden_pickaxe":1,"minecraft:stripped_oak_wood":3,"minecraft:bucket":1,"minecraft:stone_axe":1,"minecraft:air":0,"minecraft:oak_boat":3,"minecraft:stick":32,"minecraft:iron_ingot":41,"minecraft:iron_pickaxe":3,"minecraft:wooden_axe":1,"minecraft:stone_sword":2,"minecraft:iron_shovel":1,"minecraft:iron_leggings":1,"minecraft:torch":64,"marbledsarsenal:barbed_baseball_bat":1},"minecraft:picked_up":{"minecraft:crafting_table":10,"cold_sweat:fur_cap":4,"minecraft:chicken":4,"minecraft:lead":1,"minecraft:wooden_pickaxe":1,"marbledsapi:steel_sheet":5,"minecraft:potion":22,"marbledsarsenal:baseball_bat":4,"farmersdelight:diamond_knife":1,"minecraft:raw_copper":26,"minecraft:cobbled_deepslate":725,"minecraft:spruce_planks":5,"minecraft:beef":10,"minecraft:redstone_torch":10,"minecraft:iron_nugget":3,"minecraft:piston":1,"minecraft:furnace":8,"minecraft:egg":2,"naturalist:duck":1,"minecraft:stick":28,"minecraft:raw_iron":54,"minecraft:torch":70,"sophisticatedbackpacks:backpack":1,"minecraft:porkchop":2,"farmersdelight:tomato_seeds":18,"minecraft:diorite":102,"minecraft:redstone":10,"minecraft:stone_sword":2,"minecraft:light_gray_bed":4,"minecraft:rotten_flesh":97,"supplementaries:ash":4,"minecraft:white_wool":1,"minecraft:cobblestone":625,"minecraft:oxeye_daisy":2,"minecraft:stripped_oak_log":4,"taccraft:flak_vest_helmet":4,"bunker_down:brittle_pickaxe":2,"minecraft:feather":7,"cold_sweat:fur_pants":1,"minecraft:andesite":89,"taccraft:nylon_stripe":1,"minecraft:leather":7,"marbledsarsenal:barbed_baseball_bat":1,"bunker_down:steel_vent":1,"minecraft:flint":1,"minecraft:tuff":68,"minecraft:oak_log":57,"farmersdelight:cooked_bacon":42,"minecraft:lapis_lazuli":36,"farmersdelight:tomato":2,"minecraft:dirt":41,"bunker_down:steel_block":1,"minecraft:bone":7,"minecraft:apple":1,"minecraft:wheat_seeds":8,"minecraft:raw_gold":4,"farmersdelight:apple_cider":4,"minecraft:stone_pickaxe":10,"minecraft:iron_ingot":2,"minecraft:glass_bottle":5,"minecraft:oak_planks":31,"biomesoplenty:toadstool":3,"minecraft:sweet_berries":27,"minecraft:gravel":13,"minecraft:spruce_log":12,"minecraft:diamond_shovel":1,"biomesoplenty:maple_sapling":2,"minecraft:purple_bed":1,"minecraft:diamond":9,"minecraft:stone_axe":2,"minecraft:granite":46,"minecraft:oak_sapling":2,"minecraft:coal":89,"minecraft:wooden_axe":1,"rottencreatures:magma_rotten_flesh":3},"minecraft:used":{"marbledsarsenal:baseball_bat":51,"minecraft:stone_sword":176,"minecraft:iron_shovel":12,"minecraft:spruce_planks":31,"marbledsarsenal:barbed_baseball_bat":278,"minecraft:rotten_flesh":31,"minecraft:stick":2,"minecraft:torch":98,"minecraft:dirt":2,"minecraft:tuff":19,"minecraft:wooden_axe":10,"minecraft:iron_axe":6,"minecraft:sweet_berries":10,"minecraft:furnace":8,"minecraft:cooked_beef":14,"minecraft:cobbled_deepslate":259,"minecraft:light_gray_bed":5,"minecraft:water_bucket":12,"minecraft:baked_potato":4,"minecraft:glass_bottle":22,"minecraft:stone_pickaxe":983,"minecraft:oak_planks":54,"minecraft:wooden_pickaxe":40,"minecraft:crafting_table":12,"minecraft:oak_log":4,"cold_sweat:fur_pants":1,"bunker_down:steel_block":1,"minecraft:iron_pickaxe":749,"minecraft:gravel":13,"minecraft:stone_axe":63,"minecraft:wooden_sword":59,"farmersdelight:cooked_bacon":51,"naturalist:cooked_duck":1,"minecraft:cobblestone":181,"minecraft:potion":35,"minecraft:cooked_porkchop":3,"minecraft:andesite":1,"minecraft:bucket":13,"minecraft:oak_boat":2,"minecraft:air":1}},"DataVersion":3120}