{"stats":{"minecraft:picked_up":{"minecraft:wooden_axe":1,"minecraft:cocoa_beans":21,"minecraft:crafting_table":7,"minecraft:flower_pot":1,"minecraft:clay_ball":14,"minecraft:anvil":2,"minecraft:wooden_pickaxe":1,"minecraft:iron_axe":1,"minecraft:raw_copper":10,"minecraft:moss_carpet":9,"minecraft:string":11,"minecraft:cooked_salmon":8,"minecraft:blackstone":6,"minecraft:cobbled_deepslate":10,"minecraft:jungle_sapling":1,"minecraft:sugar_cane":12,"minecraft:melon_slice":3,"minecraft:furnace":9,"minecraft:raw_iron":22,"minecraft:stick":2,"minecraft:jungle_door":4,"minecraft:oak_door":1,"minecraft:big_dripleaf":2,"sophisticatedbackpacks:backpack":1,"alexsmobs:centipede_leg":2,"minecraft:arrow":3,"minecraft:stone_sword":1,"minecraft:rotten_flesh":8,"minecraft:stone_shovel":2,"minecraft:tropical_fish":1,"minecraft:glow_berries":6,"alexsmobs:flying_fish":3,"minecraft:cobblestone":109,"minecraft:andesite":22,"minecraft:glow_ink_sac":7,"minecraft:salmon":8,"minecraft:water_bucket":3,"minecraft:jungle_log":16,"minecraft:smoker":1,"minecraft:oak_log":15,"minecraft:yellow_bed":1,"minecraft:gunpowder":4,"minecraft:lapis_lazuli":55,"minecraft:dirt":13,"minecraft:kelp":33,"minecraft:wheat_seeds":5,"minecraft:iron_ingot":10,"minecraft:stone_pickaxe":1,"minecraft:fletching_table":1,"minecraft:bamboo":21,"minecraft:moss_block":11,"minecraft:oak_planks":19,"minecraft:smooth_basalt":10,"minecraft:gravel":3,"minecraft:jungle_planks":16,"minecraft:trapped_chest":1,"minecraft:blast_furnace":1,"minecraft:dead_bush":1,"minecraft:spider_eye":17,"alexsmobs:animal_dictionary":1,"minecraft:mossy_cobblestone":9,"minecraft:diamond":42,"minecraft:stone_axe":3,"minecraft:rooted_dirt":39,"alexsmobs:maggot":2,"minecraft:coal":120},"minecraft:broken":{"alexsmobs:flying_fish_boots":1},"minecraft:killed":{"minecraft:spider":10,"minecraft:skeleton":4,"alexsmobs:centipede_head":1,"alexsmobs:flying_fish":4,"alexsmobs:flutter":1,"minecraft:zombie":12},"minecraft:used":{"minecraft:stone_sword":67,"minecraft:stone_shovel":1,"minecraft:dried_kelp":31,"minecraft:shield":2,"minecraft:iron_sword":6,"minecraft:wooden_shovel":1,"minecraft:cooked_salmon":15,"minecraft:rotten_flesh":6,"minecraft:oak_door":3,"minecraft:torch":5,"minecraft:dirt":1,"minecraft:axolotl_bucket":1,"minecraft:wooden_axe":6,"alexsmobs:maggot":2,"minecraft:iron_axe":9,"minecraft:rooted_dirt":19,"minecraft:smooth_basalt":10,"alexsmobs:lobster_bucket":2,"minecraft:furnace":9,"minecraft:cobbled_deepslate":4,"minecraft:water_bucket":61,"minecraft:stone_pickaxe":97,"minecraft:oak_planks":34,"alexsmobs:flying_fish_boots":1,"minecraft:wooden_pickaxe":52,"minecraft:diamond_axe":39,"minecraft:jungle_boat":1,"minecraft:glow_berries":6,"minecraft:crafting_table":12,"minecraft:mushroom_stew":3,"alexsmobs:flying_fish":1,"minecraft:melon_slice":3,"minecraft:iron_pickaxe":112,"minecraft:gravel":1,"minecraft:stone_axe":37,"minecraft:cobblestone":66,"minecraft:jungle_door":6,"minecraft:andesite":22,"minecraft:bucket":65,"minecraft:pumpkin_pie":1,"alexsmobs:animal_dictionary":1},"minecraft:custom":{"minecraft:mob_kills":33,"minecraft:interact_with_crafting_table":23,"minecraft:open_barrel":70,"minecraft:time_since_death":81583,"minecraft:climb_one_cm":4431,"minecraft:sprint_one_cm":252637,"minecraft:walk_one_cm":211237,"minecraft:damage_blocked_by_shield":50,"minecraft:drop":54,"minecraft:play_time":125436,"minecraft:deaths":5,"minecraft:sneak_time":8766,"minecraft:walk_under_water_one_cm":61747,"minecraft:boat_one_cm":84039,"minecraft:jump":2738,"minecraft:interact_with_blast_furnace":2,"minecraft:walk_on_water_one_cm":56996,"minecraft:total_world_time":125436,"minecraft:interact_with_furnace":33,"minecraft:sleep_in_bed":1,"minecraft:time_since_rest":22927,"minecraft:damage_taken":3169,"minecraft:trigger_trapped_chest":4,"minecraft:damage_dealt":5492,"minecraft:player_kills":1,"minecraft:fly_one_cm":510776,"minecraft:swim_one_cm":128821,"minecraft:open_chest":21,"minecraft:crouch_one_cm":19692,"minecraft:interact_with_smoker":1,"minecraft:fall_one_cm":92239},"minecraft:crafted":{"minecraft:oak_door":3,"minecraft:oak_planks":60,"minecraft:stone_shovel":1,"minecraft:furnace":2,"immersive_melodies:flute":1,"minecraft:iron_axe":1,"minecraft:stone_pickaxe":2,"minecraft:chest":1,"alexsmobs:flying_fish_boots":1,"sophisticatedbackpacks:iron_backpack":1,"minecraft:wooden_shovel":1,"sophisticatedbackpacks:backpack":1,"minecraft:crafting_table":6,"minecraft:jungle_boat":1,"minecraft:dried_kelp":31,"minecraft:wooden_pickaxe":3,"minecraft:iron_helmet":1,"minecraft:cooked_salmon":7,"sophisticatedbackpacks:gold_backpack":1,"minecraft:bucket":1,"minecraft:stone_axe":2,"minecraft:air":0,"minecraft:jungle_planks":64,"minecraft:jungle_door":6,"minecraft:iron_chestplate":1,"minecraft:shield":1,"minecraft:raw_gold":72,"sophisticatedbackpacks:diamond_backpack":1,"minecraft:stick":36,"minecraft:iron_ingot":41,"minecraft:wooden_axe":1,"minecraft:stone_sword":2,"minecraft:gold_ingot":8,"minecraft:iron_leggings":1,"minecraft:torch":16},"minecraft:dropped":{"minecraft:water_bucket":3,"minecraft:moss_block":11,"minecraft:wheat_seeds":3,"minecraft:glow_ink_sac":3,"minecraft:cobblestone":10,"minecraft:rooted_dirt":20,"minecraft:jungle_planks":16,"minecraft:tropical_fish":1,"minecraft:stick":8,"minecraft:wooden_axe":1,"minecraft:jungle_door":2,"minecraft:jungle_sapling":1,"minecraft:string":2,"minecraft:oak_door":1,"minecraft:gravel":1,"minecraft:moss_carpet":6,"minecraft:anvil":1,"minecraft:stone_axe":4,"minecraft:kelp":2,"minecraft:iron_nugget":6,"minecraft:stone_sword":1,"minecraft:cobbled_deepslate":4,"minecraft:bowl":1,"minecraft:stone_shovel":3,"minecraft:rotten_flesh":1,"minecraft:oak_planks":1,"minecraft:big_dripleaf":2,"minecraft:wooden_shovel":1,"minecraft:spider_eye":8,"minecraft:stone_pickaxe":2,"minecraft:wooden_pickaxe":3},"minecraft:mined":{"minecraft:mossy_cobblestone":9,"minecraft:deepslate_diamond_ore":42,"minecraft:oak_door":1,"minecraft:cave_vines_plant":4,"minecraft:grass_block":1,"minecraft:jungle_log":16,"minecraft:moss_block":5,"minecraft:kelp":3,"minecraft:rooted_dirt":23,"minecraft:tall_seagrass":1,"minecraft:furnace":9,"minecraft:iron_ore":7,"minecraft:fire":6,"minecraft:andesite":22,"minecraft:moss_carpet":1,"minecraft:deepslate_lapis_ore":9,"minecraft:anvil":1,"minecraft:big_dripleaf_stem":1,"minecraft:sculk_shrieker":1,"minecraft:vine":4,"minecraft:cave_vines":4,"minecraft:deepslate_iron_ore":8,"minecraft:stone":72,"minecraft:jungle_door":3,"minecraft:blackstone":2,"minecraft:kelp_plant":11,"minecraft:smoker":1,"minecraft:crafting_table":7,"minecraft:blast_furnace":1,"minecraft:cobblestone":12,"minecraft:tall_grass":3,"minecraft:sugar_cane":6,"minecraft:oak_planks":18,"minecraft:big_dripleaf":2,"minecraft:seagrass":2,"minecraft:yellow_bed":1,"minecraft:tnt":1,"minecraft:grass":6,"minecraft:oak_log":15,"minecraft:coal_ore":13,"minecraft:cocoa":7,"minecraft:gravel":3,"minecraft:oak_leaves":10,"minecraft:deepslate":7,"minecraft:fern":4}},"DataVersion":3465}