{"stats":{"minecraft:killed_by":{"minecraft:zombie":1},"minecraft:crafted":{"minecraft:oak_planks":84,"minecraft:crafting_table":2,"minecraft:wooden_pickaxe":1,"minecraft:stone_axe":1,"minecraft:oak_boat":3,"minecraft:stick":20,"minecraft:stone_pickaxe":1,"minecraft:wooden_axe":1,"minecraft:stone_sword":1,"minecraft:torch":32},"minecraft:picked_up":{"minecraft:wooden_axe":1,"minecraft:crafting_table":2,"taccraft:flak_vest_helmet":4,"cold_sweat:fur_cap":4,"minecraft:feather":6,"cold_sweat:fur_pants":1,"bunker_down:brittle_pickaxe":2,"minecraft:chicken":4,"taccraft:nylon_stripe":1,"minecraft:leather":7,"minecraft:lead":1,"minecraft:wooden_pickaxe":1,"bunker_down:steel_vent":1,"marbledsapi:steel_sheet":5,"minecraft:potion":11,"minecraft:oak_log":51,"marbledsarsenal:baseball_bat":4,"farmersdelight:cooked_bacon":42,"farmersdelight:tomato":2,"minecraft:dirt":10,"bunker_down:steel_block":1,"minecraft:wheat_seeds":6,"farmersdelight:apple_cider":4,"minecraft:beef":4,"minecraft:stone_pickaxe":3,"minecraft:redstone_torch":10,"minecraft:glass_bottle":4,"minecraft:oak_planks":18,"minecraft:piston":1,"minecraft:furnace":2,"minecraft:egg":2,"minecraft:stick":8,"minecraft:raw_iron":12,"minecraft:torch":33,"minecraft:porkchop":2,"farmersdelight:tomato_seeds":18,"minecraft:stone_sword":2,"minecraft:light_gray_bed":1,"minecraft:rotten_flesh":70,"minecraft:stone_axe":2,"minecraft:oak_sapling":1,"minecraft:coal":42,"minecraft:white_wool":1,"minecraft:cobblestone":51,"minecraft:oxeye_daisy":2},"minecraft:used":{"marbledsarsenal:baseball_bat":34,"minecraft:stone_sword":131,"minecraft:stone_pickaxe":88,"minecraft:glass_bottle":18,"minecraft:oak_planks":3,"minecraft:wooden_pickaxe":15,"minecraft:rotten_flesh":13,"minecraft:stick":2,"minecraft:torch":20,"minecraft:dirt":1,"minecraft:crafting_table":3,"cold_sweat:fur_pants":1,"minecraft:wooden_axe":10,"minecraft:stone_axe":34,"farmersdelight:cooked_bacon":37,"minecraft:cobblestone":6,"minecraft:potion":30,"minecraft:oak_boat":1,"minecraft:air":1},"minecraft:killed":{"minecraft:pig":2,"hordes:zombie_player":2,"naturalist:snake":1,"minecraft:sheep":1,"minecraft:trader_llama":1,"minecraft:zombie":17,"minecraft:chicken":2,"minecraft:drowned":2,"minecraft:cow":1},"minecraft:custom":{"minecraft:interact_with_furnace":5,"minecraft:mob_kills":28,"minecraft:interact_with_crafting_table":16,"minecraft:leave_game":4,"minecraft:time_since_death":26880,"minecraft:climb_one_cm":25527,"minecraft:time_since_rest":26921,"minecraft:sprint_one_cm":146248,"minecraft:damage_taken":1663,"minecraft:walk_one_cm":162854,"minecraft:drop":30,"minecraft:damage_dealt":6835,"minecraft:damage_dealt_absorbed":39,"minecraft:swim_one_cm":5155,"minecraft:talked_to_villager":1,"minecraft:fly_one_cm":210486,"minecraft:open_chest":5,"minecraft:crouch_one_cm":33219,"minecraft:play_time":68783,"minecraft:deaths":2,"minecraft:sneak_time":13767,"minecraft:walk_under_water_one_cm":4909,"minecraft:boat_one_cm":6409,"minecraft:jump":1259,"minecraft:walk_on_water_one_cm":12797,"minecraft:total_world_time":68783,"minecraft:fall_one_cm":45234},"minecraft:mined":{"minecraft:crafting_table":3,"minecraft:torch":1,"biomesoplenty:bush":4,"minecraft:grass_block":4,"minecraft:dead_bush":3,"minecraft:cobblestone":6,"biomesoplenty:sprout":1,"farmersdelight:wild_tomatoes":10,"minecraft:oak_planks":2,"minecraft:oxeye_daisy":1,"minecraft:wall_torch":2,"minecraft:furnace":1,"minecraft:iron_ore":6,"bunker_down:steel_vent":1,"minecraft:grass":14,"minecraft:oak_log":24,"minecraft:coal_ore":33,"minecraft:dirt":4,"bunker_down:steel_block":2,"minecraft:stone":45,"minecraft:oak_leaves":3},"minecraft:dropped":{"minecraft:wheat_seeds":3,"flashlight:flashlight":1,"minecraft:glass_bottle":2,"minecraft:cobblestone":4,"minecraft:chicken":2,"minecraft:feather":1,"minecraft:rotten_flesh":37,"minecraft:stick":1,"minecraft:dirt":7,"flashlight:smallredstonebattery":1,"minecraft:wooden_axe":1,"minecraft:oak_sapling":1,"minecraft:potion":3,"minecraft:wooden_pickaxe":1,"minecraft:stone_pickaxe":1,"minecraft:beef":2,"farmersdelight:apple_cider":1,"bunker_down:brittle_pickaxe":1,"marbledsarsenal:baseball_bat":1,"minecraft:white_wool":1,"taccraft:flak_vest_helmet":1,"minecraft:egg":1}},"DataVersion":3120}