{"stats":{"minecraft:picked_up":{"minecraft:crafting_table":1,"minecraft:jungle_log":8,"minecraft:jungle_sapling":1,"alexsmobs:animal_dictionary":1,"minecraft:cobblestone":10},"minecraft:used":{"minecraft:wooden_axe":6,"minecraft:stone_sword":4,"minecraft:crafting_table":2,"minecraft:wooden_pickaxe":10},"minecraft:custom":{"minecraft:time_since_rest":5436,"minecraft:crouch_one_cm":519,"minecraft:play_time":5436,"minecraft:sprint_one_cm":15804,"minecraft:damage_taken":168,"minecraft:walk_one_cm":6770,"minecraft:sneak_time":537,"minecraft:walk_under_water_one_cm":106,"minecraft:jump":211,"minecraft:damage_dealt":243,"minecraft:walk_on_water_one_cm":355,"minecraft:time_since_death":5436,"minecraft:total_world_time":5436,"minecraft:climb_one_cm":721,"minecraft:swim_one_cm":2330,"minecraft:fly_one_cm":30115,"minecraft:interact_with_crafting_table":2,"minecraft:fall_one_cm":7038,"minecraft:player_kills":1},"minecraft:crafted":{"minecraft:stone_sword":2,"minecraft:stone_axe":1,"minecraft:crafting_table":1,"minecraft:stick":12,"minecraft:stone_pickaxe":1,"minecraft:jungle_planks":16,"minecraft:wooden_pickaxe":1,"minecraft:wooden_axe":1},"minecraft:mined":{"minecraft:vine":1,"minecraft:jungle_log":8,"minecraft:stone":10,"minecraft:crafting_table":1,"minecraft:fern":4}},"DataVersion":3465}