{"stats":{"minecraft:picked_up":{"minecraft:wooden_axe":1,"minecraft:cocoa_beans":21,"minecraft:crafting_table":7,"minecraft:anvil":2,"minecraft:wooden_pickaxe":1,"minecraft:string":7,"minecraft:blackstone":6,"minecraft:cobbled_deepslate":4,"minecraft:jungle_sapling":1,"minecraft:sugar_cane":12,"minecraft:melon_slice":3,"minecraft:furnace":5,"minecraft:raw_iron":13,"minecraft:stick":2,"minecraft:jungle_door":2,"minecraft:oak_door":1,"alexsmobs:centipede_leg":2,"minecraft:stone_sword":1,"minecraft:rotten_flesh":7,"minecraft:stone_shovel":2,"minecraft:glow_berries":6,"alexsmobs:flying_fish":3,"minecraft:cobblestone":97,"minecraft:salmon":8,"minecraft:water_bucket":3,"minecraft:jungle_log":16,"minecraft:oak_log":15,"minecraft:gunpowder":1,"minecraft:dirt":12,"minecraft:kelp":33,"minecraft:wheat_seeds":4,"minecraft:iron_ingot":1,"minecraft:stone_pickaxe":1,"minecraft:bamboo":21,"minecraft:moss_block":11,"minecraft:oak_planks":2,"minecraft:gravel":3,"minecraft:jungle_planks":16,"minecraft:spider_eye":9,"alexsmobs:animal_dictionary":1,"minecraft:mossy_cobblestone":9,"minecraft:diamond":27,"minecraft:stone_axe":3,"minecraft:rooted_dirt":39,"alexsmobs:maggot":2,"minecraft:coal":57},"minecraft:killed":{"minecraft:spider":6,"minecraft:skeleton":2,"alexsmobs:centipede_head":1,"alexsmobs:flying_fish":4,"alexsmobs:flutter":1,"minecraft:zombie":11},"minecraft:used":{"minecraft:stone_sword":56,"minecraft:stone_shovel":1,"minecraft:dried_kelp":31,"minecraft:shield":2,"minecraft:wooden_shovel":1,"minecraft:cooked_salmon":7,"minecraft:rotten_flesh":6,"minecraft:oak_door":3,"minecraft:axolotl_bucket":1,"minecraft:wooden_axe":6,"alexsmobs:maggot":2,"minecraft:iron_axe":9,"minecraft:rooted_dirt":19,"minecraft:furnace":5,"minecraft:water_bucket":28,"minecraft:stone_pickaxe":97,"minecraft:oak_planks":18,"alexsmobs:flying_fish_boots":1,"minecraft:wooden_pickaxe":52,"minecraft:diamond_axe":15,"minecraft:jungle_boat":1,"minecraft:glow_berries":6,"minecraft:crafting_table":11,"minecraft:mushroom_stew":3,"alexsmobs:flying_fish":1,"minecraft:melon_slice":3,"minecraft:iron_pickaxe":56,"minecraft:gravel":1,"minecraft:stone_axe":37,"minecraft:cobblestone":36,"minecraft:jungle_door":6,"minecraft:bucket":30,"alexsmobs:animal_dictionary":1},"minecraft:custom":{"minecraft:mob_kills":26,"minecraft:interact_with_crafting_table":21,"minecraft:open_barrel":17,"minecraft:time_since_death":51583,"minecraft:climb_one_cm":4332,"minecraft:sprint_one_cm":173037,"minecraft:walk_one_cm":167209,"minecraft:damage_blocked_by_shield":50,"minecraft:drop":41,"minecraft:play_time":95436,"minecraft:deaths":5,"minecraft:sneak_time":5721,"minecraft:walk_under_water_one_cm":53838,"minecraft:boat_one_cm":84039,"minecraft:jump":1846,"minecraft:interact_with_blast_furnace":1,"minecraft:walk_on_water_one_cm":45685,"minecraft:total_world_time":95436,"minecraft:interact_with_furnace":24,"minecraft:time_since_rest":51599,"minecraft:damage_taken":2624,"minecraft:trigger_trapped_chest":3,"minecraft:damage_dealt":4351,"minecraft:player_kills":1,"minecraft:fly_one_cm":345718,"minecraft:swim_one_cm":128179,"minecraft:open_chest":8,"minecraft:crouch_one_cm":6840,"minecraft:interact_with_smoker":1,"minecraft:fall_one_cm":64024},"minecraft:crafted":{"minecraft:oak_door":3,"minecraft:oak_planks":60,"minecraft:stone_shovel":1,"minecraft:furnace":2,"immersive_melodies:flute":1,"minecraft:iron_axe":1,"minecraft:stone_pickaxe":2,"alexsmobs:flying_fish_boots":1,"minecraft:wooden_shovel":1,"minecraft:crafting_table":5,"minecraft:jungle_boat":1,"minecraft:dried_kelp":31,"minecraft:wooden_pickaxe":3,"minecraft:iron_helmet":1,"minecraft:cooked_salmon":7,"minecraft:bucket":1,"minecraft:stone_axe":2,"minecraft:air":0,"minecraft:jungle_planks":64,"minecraft:jungle_door":6,"minecraft:iron_chestplate":1,"minecraft:shield":1,"minecraft:stick":32,"minecraft:iron_ingot":28,"minecraft:wooden_axe":1,"minecraft:stone_sword":2,"minecraft:iron_leggings":1},"minecraft:dropped":{"minecraft:water_bucket":3,"minecraft:moss_block":11,"minecraft:wheat_seeds":2,"minecraft:cobblestone":10,"minecraft:rooted_dirt":20,"minecraft:jungle_planks":16,"minecraft:stick":8,"minecraft:wooden_axe":1,"minecraft:jungle_sapling":1,"minecraft:string":2,"minecraft:oak_door":1,"minecraft:gravel":1,"minecraft:anvil":1,"minecraft:stone_axe":4,"minecraft:kelp":2,"minecraft:iron_nugget":6,"minecraft:stone_sword":1,"minecraft:bowl":1,"minecraft:stone_shovel":3,"minecraft:wooden_shovel":1,"minecraft:spider_eye":8,"minecraft:stone_pickaxe":2,"minecraft:wooden_pickaxe":3},"minecraft:mined":{"minecraft:mossy_cobblestone":9,"minecraft:deepslate_diamond_ore":27,"minecraft:oak_door":1,"minecraft:cave_vines_plant":4,"minecraft:jungle_log":16,"minecraft:moss_block":5,"minecraft:kelp":3,"minecraft:rooted_dirt":23,"minecraft:tall_seagrass":1,"minecraft:furnace":5,"minecraft:iron_ore":6,"minecraft:fire":3,"minecraft:moss_carpet":1,"minecraft:anvil":1,"minecraft:big_dripleaf_stem":1,"minecraft:vine":3,"minecraft:cave_vines":4,"minecraft:deepslate_iron_ore":8,"minecraft:stone":72,"minecraft:jungle_door":3,"minecraft:blackstone":2,"minecraft:kelp_plant":11,"minecraft:crafting_table":7,"minecraft:cobblestone":12,"minecraft:tall_grass":3,"minecraft:sugar_cane":6,"minecraft:oak_planks":2,"minecraft:big_dripleaf":1,"minecraft:seagrass":2,"minecraft:tnt":1,"minecraft:grass":6,"minecraft:oak_log":15,"minecraft:coal_ore":13,"minecraft:cocoa":7,"minecraft:gravel":3,"minecraft:oak_leaves":10,"minecraft:deepslate":7,"minecraft:fern":4}},"DataVersion":3465}