{"stats":{"minecraft:mined":{"minecraft:tuff":78,"minecraft:deepslate_diamond_ore":8,"minecraft:granite":27,"biomesoplenty:bush":4,"minecraft:grass_block":4,"biomesoplenty:flowering_oak_leaves":2,"minecraft:light_gray_bed":3,"minecraft:oxeye_daisy":1,"minecraft:furnace":7,"minecraft:iron_ore":36,"minecraft:cobbled_deepslate":6,"minecraft:andesite":87,"bunker_down:steel_vent":1,"minecraft:sculk_shrieker":1,"minecraft:deepslate_iron_ore":9,"crittersandcompanions:silk_cocoon":1,"minecraft:stripped_oak_log":4,"bunker_down:steel_block":2,"minecraft:stone":573,"minecraft:deepslate_redstone_ore":2,"minecraft:crafting_table":11,"minecraft:torch":5,"minecraft:dead_bush":3,"minecraft:copper_ore":6,"minecraft:cobblestone":23,"minecraft:lapis_ore":3,"biomesoplenty:sprout":1,"minecraft:deepslate_gold_ore":2,"farmersdelight:wild_tomatoes":10,"minecraft:oak_planks":11,"minecraft:diorite":97,"minecraft:wall_torch":13,"supplementaries:urn":7,"biomesoplenty:maple_leaves":2,"minecraft:grass":18,"minecraft:oak_log":28,"minecraft:coal_ore":46,"minecraft:gravel":10,"minecraft:dirt":22,"minecraft:oak_leaves":7,"minecraft:deepslate":720,"minecraft:fern":2,"biomesoplenty:reed":1},"minecraft:killed_by":{"minecraft:zombie":1,"naturalist:bear":2,"rottencreatures:undead_miner":1},"minecraft:dropped":{"bunker_down:steel_vent":1,"minecraft:piston":1,"minecraft:wheat_seeds":5,"minecraft:lapis_lazuli":8,"minecraft:glass_bottle":5,"farmersdelight:cooked_bacon":2,"minecraft:feather":3,"minecraft:cobblestone":184,"minecraft:granite":26,"minecraft:stick":7,"minecraft:oxeye_daisy":1,"minecraft:dirt":36,"minecraft:diorite":16,"minecraft:wooden_axe":1,"minecraft:potion":3,"bunker_down:brittle_pickaxe":1,"rottencreatures:magma_rotten_flesh":3,"marbledsarsenal:baseball_bat":1,"minecraft:white_wool":1,"taccraft:flak_vest_helmet":1,"minecraft:stone_axe":1,"flashlight:flashlight":1,"minecraft:stone_sword":1,"minecraft:cobbled_deepslate":105,"minecraft:tuff":12,"minecraft:chicken":2,"minecraft:rotten_flesh":56,"minecraft:oak_planks":2,"cold_sweat:fur_cap":2,"supplementaries:ash":4,"flashlight:smallredstonebattery":1,"minecraft:andesite":82,"minecraft:oak_sapling":1,"minecraft:redstone_torch":5,"minecraft:wooden_pickaxe":2,"minecraft:beef":2,"minecraft:stone_pickaxe":2,"farmersdelight:apple_cider":1,"minecraft:egg":1},"minecraft:broken":{"minecraft:stone_pickaxe":8,"minecraft:iron_pickaxe":3},"minecraft:killed":{"hordes:zombie_player":2,"rottencreatures:burned":2,"minecraft:chicken":2,"minecraft:drowned":2,"naturalist:cardinal":1,"rottencreatures:undead_miner":9,"minecraft:pig":2,"minecraft:zombie_villager":1,"naturalist:snake":1,"minecraft:sheep":1,"minecraft:trader_llama":1,"minecraft:zombie":42,"minecraft:cow":3},"minecraft:custom":{"minecraft:interact_with_anvil":3,"minecraft:mob_kills":68,"minecraft:interact_with_crafting_table":35,"minecraft:open_barrel":2,"minecraft:interact_with_campfire":11,"minecraft:leave_game":8,"minecraft:time_since_death":43609,"minecraft:climb_one_cm":25527,"minecraft:sprint_one_cm":324851,"minecraft:walk_one_cm":366180,"minecraft:drop":73,"minecraft:damage_dealt_absorbed":39,"minecraft:talked_to_villager":6,"minecraft:play_time":226229,"minecraft:sneak_time":75880,"minecraft:deaths":6,"minecraft:walk_under_water_one_cm":17039,"minecraft:boat_one_cm":85120,"minecraft:jump":2889,"minecraft:walk_on_water_one_cm":40121,"minecraft:total_world_time":226229,"minecraft:interact_with_furnace":36,"minecraft:sleep_in_bed":1,"minecraft:time_since_rest":43666,"minecraft:damage_taken":4856,"minecraft:damage_dealt":20292,"minecraft:swim_one_cm":19237,"minecraft:fly_one_cm":425887,"minecraft:open_chest":14,"minecraft:crouch_one_cm":189042,"minecraft:fall_one_cm":88380},"minecraft:crafted":{"minecraft:oak_planks":88,"minecraft:iron_nugget":9,"minecraft:furnace":2,"minecraft:iron_boots":1,"minecraft:iron_axe":1,"minecraft:stone_pickaxe":3,"minecraft:crafting_table":4,"minecraft:iron_helmet":1,"minecraft:wooden_pickaxe":1,"minecraft:stripped_oak_wood":3,"minecraft:bucket":1,"minecraft:stone_axe":1,"minecraft:air":0,"minecraft:oak_boat":3,"minecraft:stick":28,"minecraft:iron_ingot":41,"minecraft:iron_pickaxe":3,"minecraft:wooden_axe":1,"minecraft:stone_sword":2,"minecraft:iron_shovel":1,"minecraft:iron_leggings":1,"minecraft:torch":64,"marbledsarsenal:barbed_baseball_bat":1},"minecraft:picked_up":{"minecraft:crafting_table":10,"cold_sweat:fur_cap":4,"minecraft:chicken":4,"minecraft:lead":1,"minecraft:wooden_pickaxe":1,"marbledsapi:steel_sheet":5,"minecraft:potion":22,"marbledsarsenal:baseball_bat":4,"minecraft:raw_copper":26,"minecraft:cobbled_deepslate":725,"minecraft:spruce_planks":2,"minecraft:beef":10,"minecraft:redstone_torch":10,"minecraft:iron_nugget":3,"minecraft:piston":1,"minecraft:furnace":8,"minecraft:egg":2,"minecraft:stick":28,"minecraft:raw_iron":54,"minecraft:torch":62,"sophisticatedbackpacks:backpack":1,"minecraft:porkchop":2,"farmersdelight:tomato_seeds":18,"minecraft:diorite":102,"minecraft:redstone":10,"minecraft:stone_sword":2,"minecraft:light_gray_bed":4,"minecraft:rotten_flesh":95,"supplementaries:ash":4,"minecraft:white_wool":1,"minecraft:cobblestone":619,"minecraft:oxeye_daisy":2,"minecraft:stripped_oak_log":4,"taccraft:flak_vest_helmet":4,"bunker_down:brittle_pickaxe":2,"minecraft:feather":6,"cold_sweat:fur_pants":1,"minecraft:andesite":88,"taccraft:nylon_stripe":1,"minecraft:leather":7,"bunker_down:steel_vent":1,"minecraft:flint":1,"minecraft:tuff":68,"minecraft:oak_log":57,"farmersdelight:cooked_bacon":42,"minecraft:lapis_lazuli":36,"farmersdelight:tomato":2,"minecraft:dirt":39,"bunker_down:steel_block":1,"minecraft:bone":7,"minecraft:apple":1,"minecraft:wheat_seeds":8,"minecraft:raw_gold":4,"farmersdelight:apple_cider":4,"minecraft:stone_pickaxe":10,"minecraft:iron_ingot":2,"minecraft:glass_bottle":5,"minecraft:oak_planks":31,"minecraft:gravel":9,"minecraft:diamond_shovel":1,"biomesoplenty:maple_sapling":2,"minecraft:diamond":9,"minecraft:stone_axe":2,"minecraft:granite":46,"minecraft:oak_sapling":2,"minecraft:coal":89,"minecraft:wooden_axe":1,"rottencreatures:magma_rotten_flesh":3},"minecraft:used":{"marbledsarsenal:baseball_bat":51,"minecraft:stone_sword":176,"minecraft:iron_shovel":9,"marbledsarsenal:barbed_baseball_bat":248,"minecraft:rotten_flesh":29,"minecraft:stick":2,"minecraft:torch":88,"minecraft:dirt":1,"minecraft:tuff":19,"minecraft:wooden_axe":10,"minecraft:iron_axe":6,"minecraft:furnace":6,"minecraft:cooked_beef":14,"minecraft:cobbled_deepslate":193,"minecraft:light_gray_bed":5,"minecraft:water_bucket":9,"minecraft:glass_bottle":22,"minecraft:stone_pickaxe":983,"minecraft:oak_planks":54,"minecraft:wooden_pickaxe":40,"minecraft:crafting_table":11,"minecraft:oak_log":4,"cold_sweat:fur_pants":1,"bunker_down:steel_block":1,"minecraft:iron_pickaxe":749,"minecraft:gravel":1,"minecraft:stone_axe":63,"farmersdelight:cooked_bacon":48,"minecraft:cobblestone":177,"minecraft:potion":34,"minecraft:cooked_porkchop":3,"minecraft:bucket":9,"minecraft:oak_boat":2,"minecraft:air":1}},"DataVersion":3120}