{"stats":{"minecraft:picked_up":{"minecraft:wooden_axe":1,"minecraft:coarse_dirt":13,"minecraft:cocoa_beans":21,"minecraft:shelter_pottery_sherd":1,"minecraft:crafting_table":9,"minecraft:flower_pot":1,"minecraft:clay_ball":14,"minecraft:anvil":3,"minecraft:wooden_pickaxe":1,"minecraft:string":13,"minecraft:moss_carpet":9,"minecraft:raw_copper":10,"minecraft:iron_axe":1,"minecraft:cooked_salmon":9,"minecraft:blackstone":8,"minecraft:cobbled_deepslate":12,"minecraft:jungle_sapling":1,"minecraft:poppy":2,"minecraft:melon_slice":18,"minecraft:sugar_cane":12,"minecraft:furnace":9,"minecraft:sheaf_pottery_sherd":1,"minecraft:stick":2,"minecraft:raw_iron":42,"minecraft:jungle_door":5,"minecraft:oak_door":1,"minecraft:big_dripleaf":3,"minecraft:bowl":3,"sophisticatedbackpacks:backpack":1,"minecraft:spruce_fence":1,"minecraft:porkchop":2,"alexsmobs:centipede_leg":2,"minecraft:stone_sword":1,"minecraft:arrow":7,"minecraft:stone_shovel":2,"minecraft:rotten_flesh":23,"minecraft:tropical_fish":1,"minecraft:decorated_pot":1,"minecraft:glow_berries":6,"alexsmobs:flying_fish":3,"minecraft:cobblestone":209,"minecraft:magma_block":4,"minecraft:salmon":8,"minecraft:jungle_log":32,"minecraft:glow_ink_sac":7,"minecraft:water_bucket":3,"minecraft:andesite":23,"minecraft:lily_pad":4,"alexsmobs:bear_fur":2,"minecraft:smoker":2,"minecraft:potato":3,"minecraft:oak_log":15,"minecraft:yellow_bed":2,"minecraft:gunpowder":4,"minecraft:lapis_lazuli":55,"minecraft:dirt":26,"minecraft:bone":1,"minecraft:kelp":33,"minecraft:wheat_seeds":74,"minecraft:iron_ingot":12,"minecraft:stone_pickaxe":1,"minecraft:fletching_table":1,"minecraft:bamboo":21,"minecraft:moss_block":11,"minecraft:gray_bed":1,"minecraft:oak_planks":19,"minecraft:smooth_basalt":10,"minecraft:sweet_berries":24,"minecraft:stone_brick_slab":1,"minecraft:dandelion":5,"minecraft:gravel":8,"minecraft:sand":15,"minecraft:jungle_planks":31,"minecraft:blast_furnace":1,"minecraft:dead_bush":1,"minecraft:trapped_chest":1,"minecraft:spider_eye":19,"alexsmobs:animal_dictionary":1,"minecraft:mossy_cobblestone":10,"minecraft:diamond":48,"minecraft:angler_pottery_sherd":1,"minecraft:stone_axe":3,"waystones:waystone":1,"minecraft:chainmail_leggings":1,"alexsmobs:maggot":2,"minecraft:rooted_dirt":39,"minecraft:coal":132},"minecraft:broken":{"minecraft:iron_pickaxe":1,"minecraft:iron_helmet":1,"alexsmobs:flying_fish_boots":1},"minecraft:killed":{"alexsmobs:raccoon":2,"minecraft:spider":13,"minecraft:skeleton":6,"alexsmobs:centipede_head":1,"alexsmobs:flying_fish":4,"minecraft:pig":2,"alexsmobs:grizzly_bear":3,"takesapillage:skirmisher":1,"alexsmobs:flutter":1,"minecraft:zombie":21},"minecraft:used":{"minecraft:stone_sword":67,"minecraft:stone_shovel":1,"minecraft:dried_kelp":31,"minecraft:shield":2,"minecraft:iron_sword":100,"minecraft:cooked_salmon":18,"minecraft:wooden_shovel":1,"minecraft:rotten_flesh":6,"minecraft:oak_door":3,"minecraft:torch":5,"minecraft:dirt":14,"minecraft:anvil":1,"minecraft:axolotl_bucket":1,"minecraft:wooden_axe":7,"alexsmobs:maggot":2,"minecraft:iron_axe":9,"minecraft:rooted_dirt":19,"minecraft:jungle_log":1,"minecraft:smooth_basalt":10,"minecraft:rabbit_stew":3,"minecraft:magma_block":2,"minecraft:sweet_berries":45,"alexsmobs:lobster_bucket":25,"minecraft:furnace":11,"minecraft:cobbled_deepslate":6,"minecraft:water_bucket":71,"minecraft:baked_potato":14,"minecraft:oak_planks":34,"minecraft:stone_pickaxe":97,"alexsmobs:flying_fish_boots":1,"minecraft:blackstone":2,"minecraft:wooden_pickaxe":55,"minecraft:diamond_axe":56,"minecraft:jungle_boat":3,"minecraft:glow_berries":79,"minecraft:sand":11,"minecraft:crafting_table":17,"minecraft:mushroom_stew":3,"minecraft:smoker":2,"alexsmobs:flying_fish":1,"minecraft:melon_slice":6,"minecraft:iron_pickaxe":268,"minecraft:suspicious_stew":3,"minecraft:gravel":2,"minecraft:stone_axe":37,"minecraft:cobblestone":164,"minecraft:andesite":23,"minecraft:jungle_door":8,"minecraft:bucket":98,"minecraft:pumpkin_pie":10,"minecraft:yellow_bed":1,"alexsmobs:animal_dictionary":1,"minecraft:coarse_dirt":2},"minecraft:custom":{"minecraft:interact_with_smithing_table":1,"minecraft:interact_with_anvil":1,"minecraft:mob_kills":55,"minecraft:interact_with_crafting_table":36,"minecraft:open_barrel":98,"minecraft:leave_game":1,"minecraft:time_since_death":93494,"minecraft:climb_one_cm":5462,"minecraft:sprint_one_cm":488449,"minecraft:walk_one_cm":359038,"minecraft:damage_blocked_by_shield":50,"minecraft:drop":92,"minecraft:play_time":230556,"minecraft:sneak_time":10522,"minecraft:deaths":7,"minecraft:walk_under_water_one_cm":101295,"minecraft:boat_one_cm":363396,"minecraft:jump":5107,"minecraft:interact_with_blast_furnace":2,"minecraft:walk_on_water_one_cm":86929,"minecraft:total_world_time":230556,"minecraft:interact_with_furnace":42,"minecraft:sleep_in_bed":5,"minecraft:time_since_rest":29171,"minecraft:damage_taken":6449,"minecraft:trigger_trapped_chest":4,"minecraft:damage_dealt":10573,"minecraft:player_kills":1,"minecraft:swim_one_cm":170375,"minecraft:fly_one_cm":1001535,"minecraft:open_chest":29,"minecraft:crouch_one_cm":21958,"minecraft:interact_with_smoker":8,"minecraft:fall_one_cm":177180},"minecraft:crafted":{"minecraft:oak_door":3,"minecraft:oak_planks":60,"minecraft:stone_shovel":1,"minecraft:furnace":2,"immersive_melodies:flute":1,"minecraft:iron_boots":1,"minecraft:iron_axe":1,"minecraft:stone_pickaxe":2,"minecraft:chest":1,"alexsmobs:flying_fish_boots":1,"sophisticatedbackpacks:iron_backpack":1,"minecraft:wooden_shovel":2,"sophisticatedbackpacks:backpack":1,"minecraft:crafting_table":10,"minecraft:jungle_boat":3,"minecraft:dried_kelp":31,"minecraft:wooden_pickaxe":4,"minecraft:baked_potato":14,"minecraft:iron_helmet":2,"immersive_melodies:lute":1,"minecraft:cooked_salmon":11,"sophisticatedbackpacks:gold_backpack":1,"minecraft:bucket":1,"minecraft:stone_axe":2,"minecraft:air":0,"minecraft:jungle_planks":124,"minecraft:jungle_door":9,"minecraft:iron_chestplate":1,"minecraft:shield":1,"minecraft:raw_gold":72,"sophisticatedbackpacks:diamond_backpack":1,"minecraft:stick":48,"minecraft:iron_ingot":41,"minecraft:wooden_axe":2,"minecraft:stone_sword":2,"minecraft:iron_leggings":1,"minecraft:gold_ingot":8,"minecraft:torch":16},"minecraft:dropped":{"minecraft:water_bucket":3,"minecraft:iron_ingot":1,"minecraft:moss_block":11,"minecraft:porkchop":1,"minecraft:wheat_seeds":12,"minecraft:glow_ink_sac":3,"minecraft:decorated_pot":1,"minecraft:cobblestone":10,"minecraft:rooted_dirt":20,"minecraft:leather":2,"minecraft:jungle_planks":30,"minecraft:tropical_fish":1,"minecraft:coal":2,"minecraft:stick":8,"minecraft:wooden_axe":1,"minecraft:cooked_salmon":1,"minecraft:jungle_door":2,"minecraft:jungle_sapling":1,"minecraft:string":2,"minecraft:dandelion":4,"minecraft:oak_door":1,"minecraft:gravel":1,"minecraft:stone_axe":4,"minecraft:anvil":1,"minecraft:moss_carpet":6,"minecraft:kelp":2,"minecraft:coarse_dirt":1,"minecraft:iron_nugget":6,"minecraft:stone_sword":1,"minecraft:cobbled_deepslate":4,"farmersdelight:cabbage_seeds":2,"minecraft:bowl":5,"immersive_melodies:flute":1,"minecraft:stone_shovel":3,"minecraft:rotten_flesh":7,"minecraft:oak_planks":1,"minecraft:spruce_fence":1,"minecraft:big_dripleaf":2,"minecraft:potato":3,"minecraft:wooden_shovel":1,"minecraft:spider_eye":8,"minecraft:stone_pickaxe":2,"minecraft:wooden_pickaxe":3,"minecraft:magma_block":1},"minecraft:mined":{"minecraft:mossy_cobblestone":10,"minecraft:deepslate_diamond_ore":45,"minecraft:oak_door":1,"minecraft:jungle_leaves":4,"minecraft:cave_vines_plant":4,"minecraft:grass_block":5,"minecraft:decorated_pot":2,"minecraft:jungle_log":32,"minecraft:moss_block":5,"minecraft:kelp":3,"minecraft:rooted_dirt":23,"minecraft:tall_seagrass":1,"minecraft:magma_block":4,"minecraft:furnace":9,"minecraft:iron_ore":27,"minecraft:fire":7,"minecraft:andesite":23,"minecraft:moss_carpet":2,"minecraft:anvil":2,"minecraft:deepslate_lapis_ore":9,"minecraft:big_dripleaf_stem":1,"minecraft:sculk_shrieker":1,"minecraft:vine":4,"minecraft:cave_vines":4,"minecraft:deepslate_iron_ore":8,"minecraft:stone":149,"minecraft:jungle_door":3,"minecraft:blackstone":4,"minecraft:kelp_plant":11,"minecraft:smoker":2,"minecraft:stone_brick_slab":1,"minecraft:dandelion":3,"minecraft:powder_snow":1,"minecraft:crafting_table":9,"minecraft:blast_furnace":1,"minecraft:melon":3,"minecraft:tall_grass":16,"minecraft:cobblestone":37,"minecraft:oak_planks":18,"minecraft:sugar_cane":6,"minecraft:big_dripleaf":2,"minecraft:seagrass":2,"minecraft:sweet_berry_bush":12,"minecraft:gray_bed":1,"minecraft:tnt":1,"minecraft:yellow_bed":2,"minecraft:grass":86,"minecraft:oak_log":15,"minecraft:coal_ore":13,"minecraft:cocoa":7,"minecraft:gravel":8,"minecraft:dirt":9,"minecraft:oak_leaves":10,"minecraft:deepslate":9,"minecraft:fern":6,"minecraft:suspicious_gravel":1}},"DataVersion":3465}