{"stats":{"minecraft:picked_up":{"minecraft:cocoa_beans":21,"minecraft:crafting_table":7,"minecraft:jungle_log":16,"minecraft:wooden_pickaxe":1,"minecraft:oak_log":15,"minecraft:dirt":12,"minecraft:string":4,"minecraft:kelp":33,"minecraft:wheat_seeds":4,"minecraft:iron_ingot":1,"minecraft:jungle_sapling":1,"minecraft:bamboo":21,"minecraft:moss_block":7,"minecraft:melon_slice":3,"minecraft:sugar_cane":12,"minecraft:oak_planks":2,"minecraft:furnace":3,"minecraft:stick":2,"minecraft:raw_iron":13,"minecraft:jungle_door":2,"minecraft:oak_door":1,"minecraft:gravel":3,"alexsmobs:animal_dictionary":1,"minecraft:mossy_cobblestone":9,"minecraft:stone_shovel":1,"minecraft:rotten_flesh":6,"minecraft:diamond":10,"minecraft:stone_axe":1,"alexsmobs:maggot":2,"minecraft:rooted_dirt":39,"minecraft:glow_berries":6,"minecraft:coal":29,"alexsmobs:flying_fish":3,"minecraft:cobblestone":79,"minecraft:wooden_axe":1},"minecraft:killed":{"minecraft:spider":3,"minecraft:skeleton":2,"alexsmobs:flutter":1,"minecraft:zombie":9,"alexsmobs:flying_fish":4},"minecraft:used":{"minecraft:stone_sword":56,"minecraft:stone_shovel":1,"minecraft:stone_pickaxe":97,"minecraft:dried_kelp":27,"minecraft:oak_planks":10,"alexsmobs:flying_fish_boots":1,"minecraft:shield":2,"minecraft:wooden_pickaxe":52,"minecraft:wooden_shovel":1,"minecraft:rotten_flesh":6,"minecraft:jungle_boat":1,"minecraft:oak_door":3,"minecraft:glow_berries":2,"minecraft:crafting_table":10,"minecraft:mushroom_stew":1,"minecraft:axolotl_bucket":1,"alexsmobs:flying_fish":1,"minecraft:wooden_axe":6,"alexsmobs:maggot":2,"minecraft:iron_axe":8,"minecraft:rooted_dirt":19,"minecraft:melon_slice":3,"minecraft:iron_pickaxe":27,"minecraft:gravel":1,"minecraft:stone_axe":37,"minecraft:cobblestone":36,"minecraft:furnace":3,"minecraft:jungle_door":6,"minecraft:bucket":2,"alexsmobs:animal_dictionary":1},"minecraft:custom":{"minecraft:interact_with_furnace":15,"minecraft:mob_kills":20,"minecraft:interact_with_crafting_table":20,"minecraft:open_barrel":8,"minecraft:time_since_death":33583,"minecraft:climb_one_cm":4332,"minecraft:time_since_rest":33599,"minecraft:sprint_one_cm":115603,"minecraft:damage_taken":1971,"minecraft:walk_one_cm":135323,"minecraft:damage_blocked_by_shield":50,"minecraft:trigger_trapped_chest":3,"minecraft:drop":20,"minecraft:damage_dealt":3370,"minecraft:swim_one_cm":128179,"minecraft:fly_one_cm":237455,"minecraft:player_kills":1,"minecraft:open_chest":1,"minecraft:crouch_one_cm":6249,"minecraft:play_time":77436,"minecraft:deaths":5,"minecraft:sneak_time":5277,"minecraft:walk_under_water_one_cm":49427,"minecraft:boat_one_cm":84039,"minecraft:jump":1420,"minecraft:walk_on_water_one_cm":29641,"minecraft:total_world_time":77436,"minecraft:fall_one_cm":50490},"minecraft:crafted":{"minecraft:oak_door":3,"minecraft:oak_planks":60,"minecraft:wooden_shovel":1,"minecraft:stone_shovel":1,"minecraft:crafting_table":4,"minecraft:jungle_boat":1,"minecraft:iron_helmet":1,"minecraft:dried_kelp":31,"minecraft:wooden_pickaxe":3,"minecraft:furnace":2,"minecraft:bucket":1,"minecraft:stone_axe":2,"minecraft:air":0,"minecraft:jungle_planks":64,"minecraft:jungle_door":6,"minecraft:iron_chestplate":1,"minecraft:shield":1,"minecraft:iron_axe":1,"minecraft:stick":28,"minecraft:iron_ingot":28,"minecraft:stone_pickaxe":2,"minecraft:wooden_axe":1,"minecraft:stone_sword":2,"minecraft:iron_leggings":1,"alexsmobs:flying_fish_boots":1},"minecraft:dropped":{"minecraft:oak_door":1,"minecraft:gravel":1,"minecraft:stone_axe":1,"minecraft:moss_block":3,"minecraft:kelp":2,"minecraft:wheat_seeds":2,"minecraft:stone_shovel":1,"minecraft:rooted_dirt":16,"minecraft:stick":6,"minecraft:wooden_axe":1,"minecraft:wooden_shovel":1,"minecraft:jungle_sapling":1,"minecraft:wooden_pickaxe":3,"minecraft:string":2},"minecraft:mined":{"minecraft:jungle_door":3,"minecraft:mossy_cobblestone":9,"minecraft:deepslate_diamond_ore":10,"minecraft:oak_door":1,"minecraft:kelp_plant":11,"minecraft:crafting_table":7,"minecraft:cave_vines_plant":4,"minecraft:jungle_log":16,"minecraft:tall_grass":3,"minecraft:cobblestone":12,"minecraft:oak_planks":2,"minecraft:kelp":3,"minecraft:sugar_cane":6,"minecraft:moss_block":5,"minecraft:rooted_dirt":23,"minecraft:big_dripleaf":1,"minecraft:seagrass":2,"minecraft:tall_seagrass":1,"minecraft:furnace":3,"minecraft:iron_ore":6,"minecraft:fire":1,"minecraft:big_dripleaf_stem":1,"minecraft:moss_carpet":1,"minecraft:tnt":1,"minecraft:grass":6,"minecraft:deepslate_iron_ore":8,"minecraft:coal_ore":13,"minecraft:oak_log":15,"minecraft:cave_vines":4,"minecraft:cocoa":7,"minecraft:vine":3,"minecraft:gravel":3,"minecraft:stone":72,"minecraft:oak_leaves":10,"minecraft:deepslate":2,"minecraft:fern":4}},"DataVersion":3465}