{"stats":{"minecraft:picked_up":{"minecraft:cocoa_beans":21,"minecraft:crafting_table":7,"minecraft:jungle_log":16,"minecraft:oak_log":15,"minecraft:dirt":12,"minecraft:string":4,"minecraft:kelp":33,"minecraft:wheat_seeds":2,"minecraft:jungle_sapling":1,"minecraft:bamboo":21,"minecraft:moss_block":3,"minecraft:melon_slice":3,"minecraft:sugar_cane":12,"minecraft:furnace":1,"minecraft:raw_iron":7,"minecraft:jungle_door":2,"minecraft:oak_door":1,"minecraft:gravel":3,"alexsmobs:animal_dictionary":1,"minecraft:mossy_cobblestone":9,"minecraft:rotten_flesh":6,"alexsmobs:maggot":2,"minecraft:rooted_dirt":23,"minecraft:glow_berries":6,"minecraft:coal":24,"alexsmobs:flying_fish":3,"minecraft:cobblestone":79},"minecraft:killed":{"minecraft:spider":2,"minecraft:zombie":4,"alexsmobs:flying_fish":4},"minecraft:used":{"minecraft:stone_sword":32,"minecraft:stone_shovel":1,"minecraft:stone_pickaxe":94,"minecraft:oak_planks":1,"minecraft:wooden_pickaxe":52,"minecraft:wooden_shovel":1,"minecraft:rotten_flesh":6,"minecraft:jungle_boat":1,"minecraft:oak_door":3,"minecraft:glow_berries":2,"minecraft:crafting_table":9,"alexsmobs:flying_fish":1,"minecraft:wooden_axe":6,"alexsmobs:maggot":2,"minecraft:rooted_dirt":15,"minecraft:melon_slice":3,"minecraft:gravel":1,"minecraft:stone_axe":35,"minecraft:cobblestone":24,"minecraft:furnace":3,"minecraft:jungle_door":6,"alexsmobs:animal_dictionary":1},"minecraft:custom":{"minecraft:interact_with_furnace":3,"minecraft:mob_kills":11,"minecraft:interact_with_crafting_table":13,"minecraft:time_since_death":9583,"minecraft:climb_one_cm":4126,"minecraft:time_since_rest":9599,"minecraft:sprint_one_cm":91399,"minecraft:damage_taken":1658,"minecraft:walk_one_cm":116431,"minecraft:drop":5,"minecraft:damage_dealt":1781,"minecraft:swim_one_cm":121087,"minecraft:fly_one_cm":175624,"minecraft:player_kills":1,"minecraft:open_chest":1,"minecraft:crouch_one_cm":5024,"minecraft:play_time":53436,"minecraft:deaths":5,"minecraft:sneak_time":4469,"minecraft:walk_under_water_one_cm":46328,"minecraft:boat_one_cm":84039,"minecraft:jump":1130,"minecraft:walk_on_water_one_cm":16913,"minecraft:total_world_time":53436,"minecraft:fall_one_cm":41239},"minecraft:crafted":{"minecraft:oak_door":3,"minecraft:oak_planks":28,"minecraft:wooden_shovel":1,"minecraft:stone_shovel":1,"minecraft:crafting_table":4,"minecraft:jungle_boat":1,"minecraft:wooden_pickaxe":3,"minecraft:furnace":2,"minecraft:stone_axe":2,"minecraft:jungle_planks":64,"minecraft:jungle_door":6,"minecraft:stick":28,"minecraft:stone_pickaxe":2,"minecraft:wooden_axe":1,"minecraft:stone_sword":2},"minecraft:dropped":{"minecraft:oak_door":1,"minecraft:gravel":1,"minecraft:kelp":2,"minecraft:wooden_shovel":1,"minecraft:wooden_pickaxe":1},"minecraft:mined":{"minecraft:jungle_door":3,"minecraft:mossy_cobblestone":9,"minecraft:oak_door":1,"minecraft:kelp_plant":11,"minecraft:crafting_table":7,"minecraft:cave_vines_plant":4,"minecraft:jungle_log":16,"minecraft:cobblestone":12,"minecraft:kelp":3,"minecraft:sugar_cane":6,"minecraft:moss_block":3,"minecraft:rooted_dirt":23,"minecraft:seagrass":2,"minecraft:tall_seagrass":1,"minecraft:furnace":1,"minecraft:iron_ore":6,"minecraft:fire":1,"minecraft:grass":2,"minecraft:deepslate_iron_ore":1,"minecraft:coal_ore":13,"minecraft:oak_log":15,"minecraft:cave_vines":3,"minecraft:cocoa":7,"minecraft:vine":3,"minecraft:gravel":3,"minecraft:stone":72,"minecraft:oak_leaves":10,"minecraft:deepslate":1,"minecraft:fern":4}},"DataVersion":3465}