{"stats":{"minecraft:picked_up":{"minecraft:wooden_axe":1,"minecraft:cocoa_beans":21,"minecraft:crafting_table":8,"minecraft:flower_pot":1,"minecraft:clay_ball":14,"minecraft:anvil":2,"minecraft:wooden_pickaxe":1,"minecraft:iron_axe":1,"minecraft:raw_copper":10,"minecraft:moss_carpet":9,"minecraft:string":11,"minecraft:cooked_salmon":8,"minecraft:blackstone":6,"minecraft:cobbled_deepslate":10,"minecraft:jungle_sapling":1,"minecraft:sugar_cane":12,"minecraft:melon_slice":18,"minecraft:furnace":9,"minecraft:raw_iron":39,"minecraft:stick":2,"minecraft:jungle_door":5,"minecraft:oak_door":1,"minecraft:big_dripleaf":2,"sophisticatedbackpacks:backpack":1,"minecraft:porkchop":1,"alexsmobs:centipede_leg":2,"minecraft:arrow":3,"minecraft:stone_sword":1,"minecraft:rotten_flesh":9,"minecraft:stone_shovel":2,"minecraft:tropical_fish":1,"minecraft:decorated_pot":1,"minecraft:glow_berries":6,"alexsmobs:flying_fish":3,"minecraft:cobblestone":176,"minecraft:magma_block":4,"minecraft:andesite":22,"minecraft:glow_ink_sac":7,"minecraft:salmon":8,"minecraft:water_bucket":3,"minecraft:jungle_log":32,"minecraft:smoker":1,"minecraft:oak_log":15,"minecraft:yellow_bed":1,"minecraft:gunpowder":4,"minecraft:lapis_lazuli":55,"minecraft:dirt":18,"minecraft:kelp":33,"minecraft:wheat_seeds":5,"minecraft:iron_ingot":10,"minecraft:stone_pickaxe":1,"minecraft:fletching_table":1,"minecraft:bamboo":21,"minecraft:moss_block":11,"minecraft:oak_planks":19,"minecraft:smooth_basalt":10,"minecraft:gravel":4,"minecraft:jungle_planks":16,"minecraft:trapped_chest":1,"minecraft:blast_furnace":1,"minecraft:dead_bush":1,"minecraft:spider_eye":17,"alexsmobs:animal_dictionary":1,"minecraft:mossy_cobblestone":9,"minecraft:diamond":42,"minecraft:stone_axe":3,"waystones:waystone":1,"minecraft:rooted_dirt":39,"alexsmobs:maggot":2,"minecraft:coal":120},"minecraft:broken":{"alexsmobs:flying_fish_boots":1},"minecraft:killed":{"minecraft:spider":10,"minecraft:skeleton":4,"alexsmobs:centipede_head":1,"alexsmobs:flying_fish":4,"minecraft:pig":1,"alexsmobs:flutter":1,"minecraft:zombie":13},"minecraft:used":{"minecraft:stone_sword":67,"minecraft:stone_shovel":1,"minecraft:dried_kelp":31,"minecraft:shield":2,"minecraft:iron_sword":8,"minecraft:wooden_shovel":1,"minecraft:cooked_salmon":15,"minecraft:rotten_flesh":6,"minecraft:oak_door":3,"minecraft:torch":5,"minecraft:dirt":4,"minecraft:axolotl_bucket":1,"minecraft:wooden_axe":7,"alexsmobs:maggot":2,"minecraft:iron_axe":9,"minecraft:rooted_dirt":19,"minecraft:jungle_log":1,"minecraft:rabbit_stew":1,"minecraft:smooth_basalt":10,"minecraft:magma_block":2,"alexsmobs:lobster_bucket":5,"minecraft:furnace":9,"minecraft:cobbled_deepslate":4,"minecraft:water_bucket":62,"minecraft:stone_pickaxe":97,"minecraft:oak_planks":34,"alexsmobs:flying_fish_boots":1,"minecraft:wooden_pickaxe":55,"minecraft:diamond_axe":42,"minecraft:jungle_boat":3,"minecraft:glow_berries":6,"minecraft:crafting_table":14,"minecraft:mushroom_stew":3,"alexsmobs:flying_fish":1,"minecraft:melon_slice":6,"minecraft:iron_pickaxe":206,"minecraft:gravel":2,"minecraft:stone_axe":37,"minecraft:cobblestone":81,"minecraft:jungle_door":8,"minecraft:andesite":22,"minecraft:bucket":69,"minecraft:pumpkin_pie":9,"alexsmobs:animal_dictionary":1},"minecraft:custom":{"minecraft:mob_kills":35,"minecraft:interact_with_crafting_table":26,"minecraft:open_barrel":70,"minecraft:time_since_death":12374,"minecraft:climb_one_cm":4834,"minecraft:sprint_one_cm":302746,"minecraft:walk_one_cm":230557,"minecraft:damage_blocked_by_shield":50,"minecraft:drop":57,"minecraft:play_time":149436,"minecraft:deaths":7,"minecraft:sneak_time":9603,"minecraft:walk_under_water_one_cm":95529,"minecraft:boat_one_cm":180429,"minecraft:jump":3270,"minecraft:interact_with_blast_furnace":2,"minecraft:walk_on_water_one_cm":63871,"minecraft:total_world_time":149436,"minecraft:interact_with_furnace":33,"minecraft:sleep_in_bed":1,"minecraft:time_since_rest":12402,"minecraft:damage_taken":4137,"minecraft:trigger_trapped_chest":4,"minecraft:damage_dealt":5793,"minecraft:player_kills":1,"minecraft:fly_one_cm":638513,"minecraft:swim_one_cm":145943,"minecraft:open_chest":21,"minecraft:crouch_one_cm":20444,"minecraft:interact_with_smoker":1,"minecraft:fall_one_cm":120040},"minecraft:crafted":{"minecraft:oak_door":3,"minecraft:oak_planks":60,"minecraft:stone_shovel":1,"minecraft:furnace":2,"immersive_melodies:flute":1,"minecraft:iron_axe":1,"minecraft:stone_pickaxe":2,"minecraft:chest":1,"alexsmobs:flying_fish_boots":1,"sophisticatedbackpacks:iron_backpack":1,"minecraft:wooden_shovel":2,"sophisticatedbackpacks:backpack":1,"minecraft:crafting_table":8,"minecraft:jungle_boat":3,"minecraft:dried_kelp":31,"minecraft:wooden_pickaxe":4,"minecraft:iron_helmet":1,"minecraft:cooked_salmon":7,"sophisticatedbackpacks:gold_backpack":1,"minecraft:bucket":1,"minecraft:stone_axe":2,"minecraft:air":0,"minecraft:jungle_planks":124,"minecraft:jungle_door":9,"minecraft:iron_chestplate":1,"minecraft:shield":1,"minecraft:raw_gold":72,"sophisticatedbackpacks:diamond_backpack":1,"minecraft:stick":44,"minecraft:iron_ingot":41,"minecraft:wooden_axe":2,"minecraft:stone_sword":2,"minecraft:gold_ingot":8,"minecraft:iron_leggings":1,"minecraft:torch":16},"minecraft:dropped":{"minecraft:water_bucket":3,"minecraft:moss_block":11,"minecraft:wheat_seeds":3,"minecraft:glow_ink_sac":3,"minecraft:decorated_pot":1,"minecraft:cobblestone":10,"minecraft:rooted_dirt":20,"minecraft:jungle_planks":16,"minecraft:tropical_fish":1,"minecraft:stick":8,"minecraft:wooden_axe":1,"minecraft:jungle_door":2,"minecraft:jungle_sapling":1,"minecraft:string":2,"minecraft:oak_door":1,"minecraft:gravel":1,"minecraft:moss_carpet":6,"minecraft:anvil":1,"minecraft:stone_axe":4,"minecraft:kelp":2,"minecraft:iron_nugget":6,"minecraft:stone_sword":1,"minecraft:cobbled_deepslate":4,"minecraft:bowl":1,"minecraft:stone_shovel":3,"minecraft:rotten_flesh":2,"minecraft:oak_planks":1,"minecraft:big_dripleaf":2,"minecraft:wooden_shovel":1,"minecraft:spider_eye":8,"minecraft:stone_pickaxe":2,"minecraft:wooden_pickaxe":3,"minecraft:magma_block":1},"minecraft:mined":{"minecraft:mossy_cobblestone":9,"minecraft:deepslate_diamond_ore":42,"minecraft:oak_door":1,"minecraft:jungle_leaves":4,"minecraft:cave_vines_plant":4,"minecraft:grass_block":3,"minecraft:decorated_pot":1,"minecraft:jungle_log":32,"minecraft:moss_block":5,"minecraft:kelp":3,"minecraft:rooted_dirt":23,"minecraft:tall_seagrass":1,"minecraft:magma_block":4,"minecraft:furnace":9,"minecraft:iron_ore":24,"minecraft:fire":6,"minecraft:andesite":22,"minecraft:moss_carpet":1,"minecraft:deepslate_lapis_ore":9,"minecraft:anvil":1,"minecraft:big_dripleaf_stem":1,"minecraft:sculk_shrieker":1,"minecraft:vine":4,"minecraft:cave_vines":4,"minecraft:deepslate_iron_ore":8,"minecraft:stone":114,"minecraft:jungle_door":3,"minecraft:blackstone":2,"minecraft:kelp_plant":11,"minecraft:smoker":1,"minecraft:powder_snow":1,"minecraft:crafting_table":8,"minecraft:blast_furnace":1,"minecraft:melon":3,"minecraft:cobblestone":37,"minecraft:tall_grass":3,"minecraft:sugar_cane":6,"minecraft:oak_planks":18,"minecraft:big_dripleaf":2,"minecraft:seagrass":2,"minecraft:yellow_bed":1,"minecraft:tnt":1,"minecraft:grass":7,"minecraft:oak_log":15,"minecraft:coal_ore":13,"minecraft:cocoa":7,"minecraft:dirt":3,"minecraft:gravel":4,"minecraft:oak_leaves":10,"minecraft:deepslate":7,"minecraft:fern":5}},"DataVersion":3465}