{
  "cfm:recipes/cfm/spruce_kitchen_drawer": {
    "criteria": {
      "has_log": "2024-07-26 23:59:10 +0000"
    },
    "done": true
  },
  "securitycraft:recipes/securitycraft/universal_block_remover": {
    "criteria": {
      "has_iron": "2024-07-28 02:36:21 +0000"
    },
    "done": true
  },
  "minecraft:recipes/decorations/smoker": {
    "criteria": {
      "has_furnace": "2024-07-26 22:22:36 +0000"
    },
    "done": true
  },
  "minecraft:recipes/food/cooked_mutton_from_campfire_cooking": {
    "criteria": {
      "has_mutton": "2024-07-26 22:23:37 +0000"
    },
    "done": true
  },
  "minecraft:recipes/redstone/lever": {
    "criteria": {
      "has_cobblestone": "2024-07-26 22:18:09 +0000"
    },
    "done": true
  },
  "farmersdelight:recipes/farmersdelight/organic_compost_from_rotten_flesh": {
    "criteria": {
      "has_rotten_flesh": "2024-07-26 22:30:17 +0000"
    },
    "done": true
  },
  "minecraft:recipes/misc/magenta_dye_from_lilac": {
    "criteria": {
      "has_lilac": "2024-07-26 22:50:28 +0000"
    },
    "done": true
  },
  "cfm:recipes/cfm/yellow_cooler": {
    "criteria": {
      "has_chest": "2024-07-27 00:06:49 +0000"
    },
    "done": true
  },
  "minecraft:recipes/combat/iron_sword": {
    "criteria": {
      "has_iron_ingot": "2024-07-28 02:36:21 +0000"
    },
    "done": true
  },
  "biomesoplenty:recipes/building_blocks/fir_stairs": {
    "criteria": {
      "has_planks": "2024-07-27 17:36:35 +0000"
    },
    "done": true
  },
  "minecraft:recipes/redstone/spruce_door": {
    "criteria": {
      "has_planks": "2024-07-26 23:59:15 +0000"
    },
    "done": true
  },
  "minecraft:recipes/building_blocks/polished_deepslate": {
    "criteria": {
      "has_cobbled_deepslate": "2024-07-28 01:30:02 +0000"
    },
    "done": true
  },
  "minecraft:recipes/building_blocks/chiseled_deepslate_from_cobbled_deepslate_stonecutting": {
    "criteria": {
      "has_cobbled_deepslate": "2024-07-28 01:30:02 +0000"
    },
    "done": true
  },
  "minecraft:recipes/building_blocks/lime_concrete_powder": {
    "criteria": {
      "has_sand": "2024-07-26 23:02:57 +0000"
    },
    "done": true
  },
  "securitycraft:recipes/securitycraft/sentry": {
    "criteria": {
      "has_iron": "2024-07-28 02:36:21 +0000"
    },
    "done": true
  },
  "minecraft:recipes/tools/iron_pickaxe": {
    "criteria": {
      "has_iron_ingot": "2024-07-28 02:36:21 +0000"
    },
    "done": true
  },
  "minecraft:recipes/building_blocks/yellow_concrete_powder": {
    "criteria": {
      "has_sand": "2024-07-26 23:02:57 +0000"
    },
    "done": true
  },
  "minecraft:recipes/redstone/spruce_fence_gate": {
    "criteria": {
      "has_planks": "2024-07-26 23:59:15 +0000"
    },
    "done": true
  },
  "minecraft:recipes/combat/leather_helmet": {
    "criteria": {
      "has_leather": "2024-07-26 22:35:51 +0000"
    },
    "done": true
  },
  "cfm:recipes/cfm/spruce_bedside_cabinet": {
    "criteria": {
      "has_log": "2024-07-26 23:59:10 +0000"
    },
    "done": true
  },
  "minecraft:recipes/decorations/crafting_table": {
    "criteria": {
      "has_planks": "2024-07-26 22:20:40 +0000"
    },
    "done": true
  },
  "minecraft:recipes/building_blocks/magenta_wool": {
    "criteria": {
      "has_white_wool": "2024-07-26 22:23:37 +0000"
    },
    "done": true
  },
  "cfm:recipes/cfm/stripped_birch_kitchen_sink_light": {
    "criteria": {
      "has_bucket": "2024-07-28 02:38:11 +0000"
    },
    "done": true
  },
  "minecraft:recipes/decorations/ladder": {
    "criteria": {
      "has_stick": "2024-07-26 22:20:27 +0000"
    },
    "done": true
  },
  "farmersdelight:recipes/farmersdelight/pie_crust": {
    "criteria": {
      "has_wheat": "2024-07-28 02:02:12 +0000"
    },
    "done": true
  },
  "minecraft:recipes/decorations/chest": {
    "criteria": {
      "has_lots_of_items": "2024-07-26 22:11:06 +0000"
    },
    "done": true
  },
  "securitycraft:recipes/securitycraft/reinforced_redstone_lamp": {
    "criteria": {
      "has_redstone": "2024-07-26 23:05:31 +0000"
    },
    "done": true
  },
  "minecraft:recipes/building_blocks/cobbled_deepslate_slab": {
    "criteria": {
      "has_cobbled_deepslate": "2024-07-28 01:30:02 +0000"
    },
    "done": true
  },
  "minecraft:recipes/transportation/mangrove_boat": {
    "criteria": {
      "in_water": "2024-07-26 22:17:43 +0000"
    },
    "done": true
  },
  "minecraft:recipes/redstone/spruce_button": {
    "criteria": {
      "has_planks": "2024-07-26 23:59:15 +0000"
    },
    "done": true
  },
  "cfm:recipes/cfm/mangrove_upgraded_gate": {
    "criteria": {
      "has_gate": "2024-07-26 23:59:21 +0000"
    },
    "done": true
  },
  "minecraft:recipes/tools/wooden_shovel": {
    "criteria": {
      "has_stick": "2024-07-26 22:20:27 +0000"
    },
    "done": true
  },
  "minecraft:recipes/decorations/torch": {
    "criteria": {
      "has_stone_pickaxe": "2024-07-26 22:22:30 +0000"
    },
    "done": true
  },
  "farmersdelight:recipes/farmersdelight/rice_bag": {
    "criteria": {
      "has_rice": "2024-07-27 17:43:43 +0000"
    },
    "done": true
  },
  "minecraft:recipes/tools/shears": {
    "criteria": {
      "has_iron_ingot": "2024-07-28 02:36:21 +0000"
    },
    "done": true
  },
  "minecraft:recipes/misc/stick": {
    "criteria": {
      "has_planks": "2024-07-26 22:20:40 +0000"
    },
    "done": true
  },
  "minecraft:recipes/building_blocks/mossy_cobblestone_slab_from_mossy_cobblestone_stonecutting": {
    "criteria": {
      "has_mossy_cobblestone": "2024-07-28 01:19:23 +0000"
    },
    "done": true
  },
  "cfm:recipes/cfm/brown_grill": {
    "criteria": {
      "has_iron": "2024-07-28 02:36:21 +0000"
    },
    "done": true
  },
  "cfm:recipes/cfm/mangrove_mail_box": {
    "criteria": {
      "has_chest": "2024-07-27 00:06:49 +0000"
    },
    "done": true
  },
  "cfm:recipes/cfm/green_grill": {
    "criteria": {
      "has_iron": "2024-07-28 02:36:21 +0000"
    },
    "done": true
  },
  "naturalist:recipes/food/cake": {
    "criteria": {
      "has_the_recipe": "2024-07-26 22:35:51 +0000"
    },
    "done": true
  },
  "cfm:recipes/cfm/pink_kitchen_drawer": {
    "criteria": {
      "has_chest": "2024-07-27 00:06:49 +0000"
    },
    "done": true
  },
  "cfm:recipes/cfm/lime_kitchen_drawer": {
    "criteria": {
      "has_chest": "2024-07-27 00:06:49 +0000"
    },
    "done": true
  },
  "cfm:recipes/cfm/dark_oak_kitchen_drawer": {
    "criteria": {
      "has_chest": "2024-07-27 00:06:49 +0000"
    },
    "done": true
  },
  "cfm:recipes/cfm/crimson_kitchen_sink_light": {
    "criteria": {
      "has_bucket": "2024-07-28 02:38:11 +0000"
    },
    "done": true
  },
  "securitycraft:recipes/securitycraft/electrified_iron_fence": {
    "criteria": {
      "has_iron": "2024-07-28 02:36:21 +0000"
    },
    "done": true
  },
  "minecraft:recipes/building_blocks/emerald_block": {
    "criteria": {
      "has_emerald": "2024-07-27 17:37:11 +0000"
    },
    "done": true
  },
  "minecraft:recipes/food/cake": {
    "criteria": {
      "has_egg": "2024-07-26 22:35:51 +0000"
    },
    "done": true
  },
  "cfm:recipes/cfm/stripped_jungle_kitchen_sink_dark": {
    "criteria": {
      "has_bucket": "2024-07-28 02:38:11 +0000"
    },
    "done": true
  },
  "cfm:recipes/cfm/red_cooler": {
    "criteria": {
      "has_chest": "2024-07-27 00:06:49 +0000"
    },
    "done": true
  },
  "farmersdelight:recipes/farmersdelight/sweet_berry_cookie": {
    "criteria": {
      "has_sweet_berries": "2024-07-28 01:25:38 +0000"
    },
    "done": true
  },
  "minecraft:recipes/combat/iron_leggings": {
    "criteria": {
      "has_iron_ingot": "2024-07-28 02:36:21 +0000"
    },
    "done": true
  },
  "cfm:recipes/cfm/warped_upgraded_gate": {
    "criteria": {
      "has_gate": "2024-07-26 23:59:21 +0000"
    },
    "done": true
  },
  "minecraft:recipes/combat/shield": {
    "criteria": {
      "has_iron_ingot": "2024-07-28 02:36:21 +0000"
    },
    "done": true
  },
  "cfm:recipes/cfm/gray_kitchen_sink": {
    "criteria": {
      "has_bucket": "2024-07-28 02:38:11 +0000"
    },
    "done": true
  },
  "minecraft:recipes/building_blocks/cobblestone_slab": {
    "criteria": {
      "has_cobblestone": "2024-07-26 22:18:09 +0000"
    },
    "done": true
  },
  "cfm:recipes/cfm/gray_kitchen_drawer": {
    "criteria": {
      "has_chest": "2024-07-27 00:06:49 +0000"
    },
    "done": true
  },
  "cfm:recipes/cfm/spruce_cabinet": {
    "criteria": {
      "has_log": "2024-07-26 23:59:10 +0000"
    },
    "done": true
  },
  "farmersdelight:recipes/farmersdelight/bacon_and_eggs": {
    "criteria": {
      "has_bacon": "2024-07-26 22:11:06 +0000"
    },
    "done": true
  },
  "cfm:recipes/cfm/oak_bedside_cabinet": {
    "criteria": {
      "has_log": "2024-07-26 22:20:23 +0000"
    },
    "done": true
  },
  "securitycraft:recipes/securitycraft/secret_jungle_sign_item": {
    "criteria": {
      "has_sign": "2024-07-27 00:38:28 +0000"
    },
    "done": true
  },
  "minecraft:recipes/redstone/hopper": {
    "criteria": {
      "has_iron_ingot": "2024-07-28 02:36:21 +0000"
    },
    "done": true
  },
  "minecraft:recipes/decorations/cobbled_deepslate_wall_from_cobbled_deepslate_stonecutting": {
    "criteria": {
      "has_cobbled_deepslate": "2024-07-28 01:30:02 +0000"
    },
    "done": true
  },
  "minecraft:recipes/building_blocks/coarse_dirt": {
    "criteria": {
      "has_gravel": "2024-07-27 00:07:38 +0000"
    },
    "done": true
  },
  "securitycraft:recipes/securitycraft/taser": {
    "criteria": {
      "has_redstone": "2024-07-26 23:05:31 +0000"
    },
    "done": true
  },
  "minecraft:recipes/building_blocks/mossy_cobblestone_stairs_from_mossy_cobblestone_stonecutting": {
    "criteria": {
      "has_mossy_cobblestone": "2024-07-28 01:19:23 +0000"
    },
    "done": true
  },
  "cfm:recipes/cfm/orange_grill": {
    "criteria": {
      "has_iron": "2024-07-28 02:36:21 +0000"
    },
    "done": true
  },
  "farmersdelight:recipes/farmersdelight/cooking/beef_stew": {
    "criteria": {
      "has_any_ingredient": "2024-07-26 22:18:48 +0000"
    },
    "done": true
  },
  "cfm:recipes/cfm/stripped_spruce_desk": {
    "criteria": {
      "has_planks": "2024-07-26 23:59:10 +0000"
    },
    "done": true
  },
  "cfm:recipes/cfm/stripped_jungle_upgraded_gate": {
    "criteria": {
      "has_gate": "2024-07-26 23:59:21 +0000"
    },
    "done": true
  },
  "securitycraft:recipes/securitycraft/secret_spruce_sign_item": {
    "criteria": {
      "has_sign": "2024-07-27 00:38:28 +0000"
    },
    "done": true
  },
  "naturalist:recipes/food/cooked_egg": {
    "criteria": {
      "has_eggs": "2024-07-26 22:11:06 +0000"
    },
    "done": true
  },
  "cfm:recipes/cfm/diving_board": {
    "criteria": {
      "has_wheat": "2024-07-28 02:02:12 +0000"
    },
    "done": true
  },
  "minecraft:recipes/building_blocks/deepslate_tile_stairs_from_cobbled_deepslate_stonecutting": {
    "criteria": {
      "has_cobbled_deepslate": "2024-07-28 01:30:02 +0000"
    },
    "done": true
  },
  "minecraft:recipes/building_blocks/light_gray_concrete_powder": {
    "criteria": {
      "has_sand": "2024-07-26 23:02:57 +0000"
    },
    "done": true
  },
  "biomesoplenty:recipes/transportation/cherry_boat": {
    "criteria": {
      "in_water": "2024-07-26 22:17:44 +0000"
    },
    "done": true
  },
  "cfm:recipes/cfm/orange_picket_gate": {
    "criteria": {
      "has_gate": "2024-07-26 23:59:21 +0000"
    },
    "done": true
  },
  "biomesoplenty:recipes/transportation/fir_boat": {
    "criteria": {
      "in_water": "2024-07-26 22:17:43 +0000"
    },
    "done": true
  },
  "cfm:recipes/cfm/blue_grill": {
    "criteria": {
      "has_iron": "2024-07-28 02:36:21 +0000"
    },
    "done": true
  },
  "minecraft:recipes/combat/leather_leggings": {
    "criteria": {
      "has_leather": "2024-07-26 22:35:51 +0000"
    },
    "done": true
  },
  "cfm:recipes/cfm/black_kitchen_sink": {
    "criteria": {
      "has_bucket": "2024-07-28 02:38:11 +0000"
    },
    "done": true
  },
  "cfm:recipes/cfm/jungle_kitchen_sink_light": {
    "criteria": {
      "has_bucket": "2024-07-28 02:38:11 +0000"
    },
    "done": true
  },
  "minecraft:recipes/food/cooked_mutton_from_grill_cooking": {
    "criteria": {
      "has_mutton": "2024-07-26 22:23:37 +0000"
    },
    "done": true
  },
  "minecraft:recipes/building_blocks/pink_concrete_powder": {
    "criteria": {
      "has_sand": "2024-07-26 23:02:57 +0000"
    },
    "done": true
  },
  "securitycraft:recipes/securitycraft/security_camera": {
    "criteria": {
      "has_iron": "2024-07-28 02:36:21 +0000"
    },
    "done": true
  },
  "biomesoplenty:recipes/building_blocks/fir_wood": {
    "criteria": {
      "has_log": "2024-07-27 00:34:26 +0000"
    },
    "done": true
  },
  "securitycraft:recipes/securitycraft/door_indestructible_iron_item": {
    "criteria": {
      "has_iron": "2024-07-28 02:36:21 +0000"
    },
    "done": true
  },
  "cfm:recipes/cfm/spruce_kitchen_sink_dark": {
    "criteria": {
      "has_bottom": "2024-07-26 23:59:15 +0000"
    },
    "done": true
  },
  "cfm:recipes/cfm/purple_grill": {
    "criteria": {
      "has_iron": "2024-07-28 02:36:21 +0000"
    },
    "done": true
  },
  "minecraft:recipes/decorations/iron_bars": {
    "criteria": {
      "has_iron_ingot": "2024-07-28 02:36:21 +0000"
    },
    "done": true
  },
  "cfm:recipes/cfm/brown_cooler": {
    "criteria": {
      "has_chest": "2024-07-27 00:06:49 +0000"
    },
    "done": true
  },
  "cfm:recipes/cfm/dark_oak_kitchen_sink_dark": {
    "criteria": {
      "has_bucket": "2024-07-28 02:38:11 +0000"
    },
    "done": true
  },
  "minecraft:recipes/misc/red_dye_from_rose_bush": {
    "criteria": {
      "has_rose_bush": "2024-07-28 02:08:27 +0000"
    },
    "done": true
  },
  "cfm:recipes/cfm/purple_kitchen_sink": {
    "criteria": {
      "has_bucket": "2024-07-28 02:38:11 +0000"
    },
    "done": true
  },
  "minecraft:recipes/building_blocks/blue_wool": {
    "criteria": {
      "has_white_wool": "2024-07-26 22:23:37 +0000"
    },
    "done": true
  },
  "cgm:recipes/cgm/medium_scope": {
    "criteria": {
      "has_redstone": "2024-07-26 23:05:31 +0000"
    },
    "done": true
  },
  "minecraft:story/obtain_armor": {
    "criteria": {
      "iron_chestplate": "2024-07-26 23:58:57 +0000"
    },
    "done": true
  },
  "securitycraft:recipes/securitycraft/portable_radar": {
    "criteria": {
      "has_redstone": "2024-07-26 23:05:31 +0000"
    },
    "done": true
  },
  "cfm:recipes/cfm/stripped_dark_oak_upgraded_gate": {
    "criteria": {
      "has_gate": "2024-07-26 23:59:21 +0000"
    },
    "done": true
  },
  "cfm:recipes/cfm/stripped_spruce_bedside_cabinet": {
    "criteria": {
      "has_planks": "2024-07-26 23:59:10 +0000"
    },
    "done": true
  },
  "biomesoplenty:biomesoplenty/all_biomes": {
    "criteria": {
      "shrubland": "2024-07-26 22:24:13 +0000",
      "rocky_shrubland": "2024-07-26 22:37:57 +0000",
      "highland": "2024-07-26 22:48:58 +0000",
      "maple_woods": "2024-07-28 01:50:25 +0000",
      "orchard": "2024-07-26 22:46:03 +0000",
      "field": "2024-07-28 01:40:34 +0000",
      "lavender_forest": "2024-07-26 23:34:40 +0000",
      "coniferous_forest": "2024-07-26 23:38:08 +0000",
      "highland_moor": "2024-07-26 22:37:11 +0000",
      "seasonal_forest": "2024-07-26 23:35:40 +0000",
      "grassland": "2024-07-26 22:30:19 +0000"
    },
    "done": false
  },
  "cfm:recipes/cfm/magenta_kitchen_drawer": {
    "criteria": {
      "has_chest": "2024-07-27 00:06:49 +0000"
    },
    "done": true
  },
  "cfm:recipes/cfm/brown_kitchen_drawer": {
    "criteria": {
      "has_chest": "2024-07-27 00:06:49 +0000"
    },
    "done": true
  },
  "minecraft:recipes/decorations/deepslate_brick_wall_from_cobbled_deepslate_stonecutting": {
    "criteria": {
      "has_cobbled_deepslate": "2024-07-28 01:30:02 +0000"
    },
    "done": true
  },
  "cfm:recipes/cfm/mangrove_kitchen_sink_light": {
    "criteria": {
      "has_bucket": "2024-07-28 02:38:11 +0000"
    },
    "done": true
  },
  "cfm:recipes/cfm/dark_oak_kitchen_sink_light": {
    "criteria": {
      "has_bucket": "2024-07-28 02:38:11 +0000"
    },
    "done": true
  },
  "minecraft:recipes/building_blocks/sandstone": {
    "criteria": {
      "has_sand": "2024-07-26 23:02:57 +0000"
    },
    "done": true
  },
  "minecraft:adventure/sleep_in_bed": {
    "criteria": {
      "slept_in_bed": "2024-07-26 23:41:47 +0000"
    },
    "done": true
  },
  "minecraft:recipes/building_blocks/spruce_planks": {
    "criteria": {
      "has_logs": "2024-07-26 23:59:10 +0000"
    },
    "done": true
  },
  "minecraft:recipes/building_blocks/cobblestone_slab_from_cobblestone_stonecutting": {
    "criteria": {
      "has_cobblestone": "2024-07-26 22:18:09 +0000"
    },
    "done": true
  },
  "minecraft:recipes/building_blocks/oak_stairs": {
    "criteria": {
      "has_planks": "2024-07-26 22:20:40 +0000"
    },
    "done": true
  },
  "cfm:recipes/cfm/oak_kitchen_drawer": {
    "criteria": {
      "has_log": "2024-07-26 22:20:23 +0000"
    },
    "done": true
  },
  "cfm:recipes/cfm/red_picket_gate": {
    "criteria": {
      "has_gate": "2024-07-26 23:59:21 +0000"
    },
    "done": true
  },
  "cfm:recipes/cfm/stripped_oak_coffee_table": {
    "criteria": {
      "has_planks": "2024-07-26 22:20:23 +0000"
    },
    "done": true
  },
  "minecraft:recipes/transportation/acacia_boat": {
    "criteria": {
      "in_water": "2024-07-26 22:17:43 +0000"
    },
    "done": true
  },
  "cfm:recipes/cfm/stripped_oak_cabinet": {
    "criteria": {
      "has_log": "2024-07-26 22:20:23 +0000"
    },
    "done": true
  },
  "minecraft:recipes/redstone/iron_trapdoor": {
    "criteria": {
      "has_iron_ingot": "2024-07-28 02:36:21 +0000"
    },
    "done": true
  },
  "farmersdelight:recipes/farmersdelight/cutting_board": {
    "criteria": {
      "has_stick": "2024-07-26 22:20:27 +0000"
    },
    "done": true
  },
  "biomesoplenty:recipes/redstone/fir_trapdoor": {
    "criteria": {
      "has_planks": "2024-07-27 17:36:35 +0000"
    },
    "done": true
  },
  "minecraft:adventure/root": {
    "criteria": {
      "killed_something": "2024-07-26 22:18:47 +0000"
    },
    "done": true
  },
  "cfm:recipes/cfm/stripped_spruce_cabinet": {
    "criteria": {
      "has_log": "2024-07-26 23:59:10 +0000"
    },
    "done": true
  },
  "cfm:recipes/cfm/stripped_mangrove_kitchen_sink_dark": {
    "criteria": {
      "has_bucket": "2024-07-28 02:38:11 +0000"
    },
    "done": true
  },
  "securitycraft:recipes/securitycraft/storage_module": {
    "criteria": {
      "has_iron": "2024-07-28 02:36:21 +0000"
    },
    "done": true
  },
  "minecraft:recipes/building_blocks/white_concrete_powder": {
    "criteria": {
      "has_sand": "2024-07-26 23:02:57 +0000"
    },
    "done": true
  },
  "farmersdelight:recipes/farmersdelight/chicken_sandwich": {
    "criteria": {
      "has_cooked_chicken": "2024-07-26 22:56:22 +0000"
    },
    "done": true
  },
  "cfm:recipes/cfm/stripped_oak_desk_cabinet": {
    "criteria": {
      "has_planks": "2024-07-26 22:20:23 +0000"
    },
    "done": true
  },
  "cfm:recipes/cfm/acacia_kitchen_sink_dark": {
    "criteria": {
      "has_bucket": "2024-07-28 02:38:11 +0000"
    },
    "done": true
  },
  "minecraft:adventure/kill_all_mobs": {
    "criteria": {
      "minecraft:zombie": "2024-07-26 22:40:50 +0000",
      "minecraft:drowned": "2024-07-26 23:02:06 +0000"
    },
    "done": false
  },
  "cfm:recipes/cfm/stripped_spruce_kitchen_sink_light": {
    "criteria": {
      "has_bucket": "2024-07-28 02:38:11 +0000"
    },
    "done": true
  },
  "minecraft:recipes/redstone/redstone_block": {
    "criteria": {
      "has_redstone": "2024-07-26 23:05:31 +0000"
    },
    "done": true
  },
  "minecraft:recipes/building_blocks/polished_deepslate_from_cobbled_deepslate_stonecutting": {
    "criteria": {
      "has_cobbled_deepslate": "2024-07-28 01:30:02 +0000"
    },
    "done": true
  },
  "farmersdelight:recipes/farmersdelight/cooking_pot": {
    "criteria": {
      "has_iron_ingot": "2024-07-28 02:36:21 +0000"
    },
    "done": true
  },
  "minecraft:recipes/food/cooked_beef_from_smoking": {
    "criteria": {
      "has_beef": "2024-07-26 22:18:48 +0000"
    },
    "done": true
  },
  "minecraft:recipes/decorations/fletching_table": {
    "criteria": {
      "has_flint": "2024-07-27 00:08:18 +0000"
    },
    "done": true
  },
  "minecraft:recipes/food/cooked_chicken_from_campfire_cooking": {
    "criteria": {
      "has_chicken": "2024-07-26 22:35:51 +0000"
    },
    "done": true
  },
  "minecraft:recipes/misc/light_gray_dye_from_azure_bluet": {
    "criteria": {
      "has_azure_bluet": "2024-07-28 02:06:49 +0000"
    },
    "done": true
  },
  "minecraft:recipes/misc/iron_nugget_from_smelting": {
    "criteria": {
      "has_iron_shovel": "2024-07-26 23:03:00 +0000"
    },
    "done": true
  },
  "minecraft:recipes/food/cooked_mutton_from_smoking": {
    "criteria": {
      "has_mutton": "2024-07-26 22:23:37 +0000"
    },
    "done": true
  },
  "minecraft:recipes/building_blocks/polished_deepslate_slab_from_cobbled_deepslate_stonecutting": {
    "criteria": {
      "has_cobbled_deepslate": "2024-07-28 01:30:02 +0000"
    },
    "done": true
  },
  "cfm:recipes/cfm/blue_kitchen_sink": {
    "criteria": {
      "has_bucket": "2024-07-28 02:38:11 +0000"
    },
    "done": true
  },
  "cfm:recipes/cfm/pink_grill": {
    "criteria": {
      "has_iron": "2024-07-28 02:36:21 +0000"
    },
    "done": true
  },
  "minecraft:recipes/decorations/chain": {
    "criteria": {
      "has_iron_ingot": "2024-07-28 02:36:21 +0000"
    },
    "done": true
  },
  "cfm:recipes/cfm/spruce_park_bench": {
    "criteria": {
      "has_log": "2024-07-26 23:59:10 +0000"
    },
    "done": true
  },
  "farmersdelight:recipes/farmersdelight/fried_egg_from_smoking": {
    "criteria": {
      "fried_egg": "2024-07-26 22:35:51 +0000"
    },
    "done": true
  },
  "cfm:recipes/cfm/magenta_grill": {
    "criteria": {
      "has_iron": "2024-07-28 02:36:21 +0000"
    },
    "done": true
  },
  "minecraft:recipes/decorations/oak_fence": {
    "criteria": {
      "has_planks": "2024-07-26 22:20:40 +0000"
    },
    "done": true
  },
  "farmersdelight:recipes/farmersdelight/cooking/apple_cider": {
    "criteria": {
      "has_apple": "2024-07-28 01:45:29 +0000"
    },
    "done": true
  },
  "securitycraft:recipes/securitycraft/universal_block_modifier": {
    "criteria": {
      "has_redstone": "2024-07-26 23:05:31 +0000"
    },
    "done": true
  },
  "cfm:recipes/cfm/spruce_table": {
    "criteria": {
      "has_log": "2024-07-26 23:59:10 +0000"
    },
    "done": true
  },
  "minecraft:recipes/food/cooked_porkchop": {
    "criteria": {
      "has_porkchop": "2024-07-26 22:35:51 +0000"
    },
    "done": true
  },
  "minecraft:recipes/building_blocks/orange_concrete_powder": {
    "criteria": {
      "has_sand": "2024-07-26 23:02:57 +0000"
    },
    "done": true
  },
  "minecraft:recipes/building_blocks/oak_slab": {
    "criteria": {
      "has_planks": "2024-07-26 22:20:40 +0000"
    },
    "done": true
  },
  "cgm:recipes/cgm/mini_gun": {
    "criteria": {
      "has_iron_ingot": "2024-07-28 02:36:21 +0000"
    },
    "done": true
  },
  "cfm:recipes/cfm/spruce_chair": {
    "criteria": {
      "has_log": "2024-07-26 23:59:10 +0000"
    },
    "done": true
  },
  "cfm:recipes/cfm/stripped_oak_park_bench": {
    "criteria": {
      "has_log": "2024-07-26 22:20:23 +0000"
    },
    "done": true
  },
  "minecraft:recipes/food/cooked_porkchop_from_campfire_cooking": {
    "criteria": {
      "has_porkchop": "2024-07-26 22:35:51 +0000"
    },
    "done": true
  },
  "securitycraft:recipes/securitycraft/secret_warped_sign_item": {
    "criteria": {
      "has_sign": "2024-07-27 00:38:28 +0000"
    },
    "done": true
  },
  "minecraft:recipes/building_blocks/black_wool": {
    "criteria": {
      "has_white_wool": "2024-07-26 22:23:37 +0000"
    },
    "done": true
  },
  "cfm:recipes/cfm/stripped_crimson_kitchen_sink_light": {
    "criteria": {
      "has_bucket": "2024-07-28 02:38:11 +0000"
    },
    "done": true
  },
  "cfm:recipes/cfm/stripped_mangrove_kitchen_sink_light": {
    "criteria": {
      "has_bucket": "2024-07-28 02:38:11 +0000"
    },
    "done": true
  },
  "biomesoplenty:recipes/transportation/umbran_boat": {
    "criteria": {
      "in_water": "2024-07-26 22:17:43 +0000"
    },
    "done": true
  },
  "minecraft:recipes/decorations/deepslate_tile_wall_from_cobbled_deepslate_stonecutting": {
    "criteria": {
      "has_cobbled_deepslate": "2024-07-28 01:30:02 +0000"
    },
    "done": true
  },
  "minecraft:recipes/misc/iron_ingot_from_blasting_raw_iron": {
    "criteria": {
      "has_raw_iron": "2024-07-26 22:38:11 +0000"
    },
    "done": true
  },
  "biomesoplenty:recipes/redstone/fir_pressure_plate": {
    "criteria": {
      "has_planks": "2024-07-27 17:36:35 +0000"
    },
    "done": true
  },
  "cfm:recipes/cfm/stripped_oak_kitchen_sink_dark": {
    "criteria": {
      "has_bucket": "2024-07-28 02:38:11 +0000"
    },
    "done": true
  },
  "cfm:recipes/cfm/crimson_kitchen_drawer": {
    "criteria": {
      "has_chest": "2024-07-27 00:06:49 +0000"
    },
    "done": true
  },
  "cfm:recipes/cfm/dark_oak_upgraded_gate": {
    "criteria": {
      "has_gate": "2024-07-26 23:59:21 +0000"
    },
    "done": true
  },
  "minecraft:recipes/food/cooked_chicken_from_grill_cooking": {
    "criteria": {
      "has_chicken": "2024-07-26 22:35:51 +0000"
    },
    "done": true
  },
  "securitycraft:recipes/securitycraft/universal_key_changer": {
    "criteria": {
      "has_redstone": "2024-07-26 23:05:31 +0000"
    },
    "done": true
  },
  "cfm:recipes/cfm/stripped_spruce_kitchen_drawer": {
    "criteria": {
      "has_log": "2024-07-26 23:59:10 +0000"
    },
    "done": true
  },
  "farmersdelight:recipes/farmersdelight/cooking/baked_cod_stew": {
    "criteria": {
      "has_any_ingredient": "2024-07-26 22:35:51 +0000"
    },
    "done": true
  },
  "cfm:recipes/cfm/pink_cooler": {
    "criteria": {
      "has_chest": "2024-07-27 00:06:49 +0000"
    },
    "done": true
  },
  "cfm:recipes/cfm/stripped_oak_crate": {
    "criteria": {
      "has_planks": "2024-07-26 22:20:23 +0000"
    },
    "done": true
  },
  "cfm:recipes/cfm/cyan_kitchen_drawer": {
    "criteria": {
      "has_chest": "2024-07-27 00:06:49 +0000"
    },
    "done": true
  },
  "cfm:recipes/cfm/fridge_dark": {
    "criteria": {
      "has_chest": "2024-07-27 00:06:49 +0000"
    },
    "done": true
  },
  "minecraft:recipes/building_blocks/iron_block": {
    "criteria": {
      "has_iron_ingot": "2024-07-28 02:36:21 +0000"
    },
    "done": true
  },
  "cfm:recipes/cfm/crimson_kitchen_sink_dark": {
    "criteria": {
      "has_bucket": "2024-07-28 02:38:11 +0000"
    },
    "done": true
  },
  "cfm:recipes/cfm/oak_chair": {
    "criteria": {
      "has_log": "2024-07-26 22:20:23 +0000"
    },
    "done": true
  },
  "minecraft:recipes/misc/red_dye_from_poppy": {
    "criteria": {
      "has_poppy": "2024-07-28 02:56:11 +0000"
    },
    "done": true
  },
  "cfm:recipes/cfm/blue_cooler": {
    "criteria": {
      "has_chest": "2024-07-27 00:06:49 +0000"
    },
    "done": true
  },
  "minecraft:recipes/building_blocks/spruce_wood": {
    "criteria": {
      "has_log": "2024-07-26 23:59:10 +0000"
    },
    "done": true
  },
  "cfm:recipes/cfm/mangrove_kitchen_drawer": {
    "criteria": {
      "has_chest": "2024-07-27 00:06:49 +0000"
    },
    "done": true
  },
  "minecraft:recipes/misc/yellow_dye_from_dandelion": {
    "criteria": {
      "has_dandelion": "2024-07-28 02:08:27 +0000"
    },
    "done": true
  },
  "cfm:recipes/cfm/acacia_kitchen_sink_light": {
    "criteria": {
      "has_bucket": "2024-07-28 02:38:11 +0000"
    },
    "done": true
  },
  "farmersdelight:recipes/farmersdelight/fried_egg": {
    "criteria": {
      "fried_egg": "2024-07-26 22:35:51 +0000"
    },
    "done": true
  },
  "securitycraft:recipes/securitycraft/username_logger": {
    "criteria": {
      "has_redstone": "2024-07-26 23:05:31 +0000"
    },
    "done": true
  },
  "minecraft:recipes/building_blocks/light_blue_wool": {
    "criteria": {
      "has_white_wool": "2024-07-26 22:23:37 +0000"
    },
    "done": true
  },
  "cfm:recipes/cfm/blue_kitchen_drawer": {
    "criteria": {
      "has_chest": "2024-07-27 00:06:49 +0000"
    },
    "done": true
  },
  "minecraft:recipes/combat/wooden_sword": {
    "criteria": {
      "has_stick": "2024-07-26 22:20:27 +0000"
    },
    "done": true
  },
  "minecraft:recipes/building_blocks/oak_planks": {
    "criteria": {
      "has_logs": "2024-07-26 22:20:23 +0000"
    },
    "done": true
  },
  "cfm:recipes/cfm/cyan_kitchen_sink": {
    "criteria": {
      "has_bucket": "2024-07-28 02:38:11 +0000"
    },
    "done": true
  },
  "minecraft:recipes/building_blocks/gray_concrete_powder": {
    "criteria": {
      "has_sand": "2024-07-26 23:02:57 +0000"
    },
    "done": true
  },
  "cfm:recipes/cfm/spruce_coffee_table": {
    "criteria": {
      "has_log": "2024-07-26 23:59:10 +0000"
    },
    "done": true
  },
  "securitycraft:recipes/securitycraft/cage_trap": {
    "criteria": {
      "has_redstone": "2024-07-26 23:05:31 +0000"
    },
    "done": true
  },
  "cfm:recipes/cfm/stripped_oak_kitchen_counter": {
    "criteria": {
      "has_log": "2024-07-26 22:20:23 +0000"
    },
    "done": true
  },
  "securitycraft:recipes/securitycraft/smart_module": {
    "criteria": {
      "has_iron": "2024-07-28 02:36:21 +0000"
    },
    "done": true
  },
  "cgm:recipes/cgm/assault_rifle": {
    "criteria": {
      "has_iron_ingot": "2024-07-28 02:36:21 +0000"
    },
    "done": true
  },
  "securitycraft:recipes/securitycraft/block_change_detector": {
    "criteria": {
      "has_iron": "2024-07-28 02:36:21 +0000"
    },
    "done": true
  },
  "minecraft:recipes/tools/iron_axe": {
    "criteria": {
      "has_iron_ingot": "2024-07-28 02:36:21 +0000"
    },
    "done": true
  },
  "cfm:recipes/cfm/spruce_mail_box": {
    "criteria": {
      "has_chest": "2024-07-27 00:06:49 +0000"
    },
    "done": true
  },
  "cfm:recipes/cfm/green_kitchen_sink": {
    "criteria": {
      "has_bucket": "2024-07-28 02:38:11 +0000"
    },
    "done": true
  },
  "cfm:recipes/cfm/purple_kitchen_drawer": {
    "criteria": {
      "has_chest": "2024-07-27 00:06:49 +0000"
    },
    "done": true
  },
  "cfm:recipes/cfm/stripped_spruce_desk_cabinet": {
    "criteria": {
      "has_planks": "2024-07-26 23:59:10 +0000"
    },
    "done": true
  },
  "minecraft:recipes/combat/iron_boots": {
    "criteria": {
      "has_iron_ingot": "2024-07-28 02:36:21 +0000"
    },
    "done": true
  },
  "minecraft:recipes/building_blocks/black_concrete_powder": {
    "criteria": {
      "has_sand": "2024-07-26 23:02:57 +0000"
    },
    "done": true
  },
  "cfm:recipes/cfm/stripped_acacia_kitchen_sink_dark": {
    "criteria": {
      "has_bucket": "2024-07-28 02:38:11 +0000"
    },
    "done": true
  },
  "farmersdelight:recipes/farmersdelight/iron_knife": {
    "criteria": {
      "has_iron_ingot": "2024-07-28 02:36:21 +0000"
    },
    "done": true
  },
  "cfm:recipes/cfm/orange_kitchen_drawer": {
    "criteria": {
      "has_chest": "2024-07-27 00:06:49 +0000"
    },
    "done": true
  },
  "minecraft:recipes/combat/crossbow": {
    "criteria": {
      "has_stick": "2024-07-26 22:20:27 +0000"
    },
    "done": true
  },
  "sophisticatedbackpacks:recipes/sophisticatedbackpacks/upgrade_base": {
    "criteria": {
      "has_leather": "2024-07-26 22:35:51 +0000"
    },
    "done": true
  },
  "minecraft:recipes/combat/iron_chestplate": {
    "criteria": {
      "has_iron_ingot": "2024-07-28 02:36:21 +0000"
    },
    "done": true
  },
  "minecraft:recipes/decorations/cobbled_deepslate_wall": {
    "criteria": {
      "has_cobbled_deepslate": "2024-07-28 01:30:02 +0000"
    },
    "done": true
  },
  "minecraft:recipes/building_blocks/yellow_wool": {
    "criteria": {
      "has_white_wool": "2024-07-26 22:23:37 +0000"
    },
    "done": true
  },
  "minecraft:recipes/redstone/spruce_pressure_plate": {
    "criteria": {
      "has_planks": "2024-07-26 23:59:15 +0000"
    },
    "done": true
  },
  "minecraft:recipes/decorations/oak_sign": {
    "criteria": {
      "has_planks": "2024-07-26 22:20:40 +0000"
    },
    "done": true
  },
  "minecraft:recipes/food/cooked_porkchop_from_smoking": {
    "criteria": {
      "has_porkchop": "2024-07-26 22:35:51 +0000"
    },
    "done": true
  },
  "cfm:recipes/cfm/stripped_birch_mail_box": {
    "criteria": {
      "has_chest": "2024-07-27 00:06:49 +0000"
    },
    "done": true
  },
  "minecraft:recipes/redstone/oak_trapdoor": {
    "criteria": {
      "has_planks": "2024-07-26 22:20:40 +0000"
    },
    "done": true
  },
  "cfm:recipes/cfm/stripped_oak_desk": {
    "criteria": {
      "has_planks": "2024-07-26 22:20:23 +0000"
    },
    "done": true
  },
  "minecraft:recipes/building_blocks/red_concrete_powder": {
    "criteria": {
      "has_sand": "2024-07-26 23:02:57 +0000"
    },
    "done": true
  },
  "securitycraft:recipes/securitycraft/portable_tune_player": {
    "criteria": {
      "has_redstone": "2024-07-26 23:05:31 +0000"
    },
    "done": true
  },
  "minecraft:recipes/misc/iron_nugget_from_blasting": {
    "criteria": {
      "has_iron_shovel": "2024-07-26 23:03:00 +0000"
    },
    "done": true
  },
  "cfm:recipes/cfm/stripped_oak_mail_box": {
    "criteria": {
      "has_chest": "2024-07-27 00:06:49 +0000"
    },
    "done": true
  },
  "betterdungeons:root": {
    "criteria": {
      "always": "2024-07-26 22:11:06 +0000"
    },
    "done": true
  },
  "minecraft:recipes/decorations/polished_deepslate_wall_from_cobbled_deepslate_stonecutting": {
    "criteria": {
      "has_cobbled_deepslate": "2024-07-28 01:30:02 +0000"
    },
    "done": true
  },
  "sophisticatedbackpacks:recipes/sophisticatedbackpacks/backpack": {
    "criteria": {
      "has_leather": "2024-07-26 22:35:51 +0000"
    },
    "done": true
  },
  "securitycraft:recipes/securitycraft/reinforced_diorite": {
    "criteria": {
      "has_cobblestone": "2024-07-26 22:18:09 +0000"
    },
    "done": true
  },
  "securitycraft:recipes/securitycraft/trophy_system": {
    "criteria": {
      "has_iron": "2024-07-28 02:36:21 +0000"
    },
    "done": true
  },
  "minecraft:adventure/kill_a_mob": {
    "criteria": {
      "minecraft:zombie": "2024-07-26 22:40:50 +0000"
    },
    "done": true
  },
  "securitycraft:recipes/securitycraft/camera_monitor": {
    "criteria": {
      "has_iron": "2024-07-28 02:36:21 +0000"
    },
    "done": true
  },
  "securitycraft:recipes/securitycraft/limited_use_keycard": {
    "criteria": {
      "has_iron": "2024-07-28 02:36:21 +0000"
    },
    "done": true
  },
  "cfm:recipes/cfm/stripped_birch_kitchen_sink_dark": {
    "criteria": {
      "has_bucket": "2024-07-28 02:38:11 +0000"
    },
    "done": true
  },
  "minecraft:recipes/building_blocks/stone": {
    "criteria": {
      "has_cobblestone": "2024-07-26 22:18:09 +0000"
    },
    "done": true
  },
  "biomesoplenty:recipes/transportation/hellbark_boat": {
    "criteria": {
      "in_water": "2024-07-26 22:17:43 +0000"
    },
    "done": true
  },
  "minecraft:recipes/building_blocks/deepslate_bricks_from_cobbled_deepslate_stonecutting": {
    "criteria": {
      "has_cobbled_deepslate": "2024-07-28 01:30:02 +0000"
    },
    "done": true
  },
  "minecraft:adventure/adventuring_time": {
    "criteria": {
      "minecraft:river": "2024-07-26 22:19:34 +0000",
      "minecraft:dripstone_caves": "2024-07-26 22:11:12 +0000",
      "minecraft:forest": "2024-07-26 22:24:01 +0000",
      "minecraft:plains": "2024-07-26 22:11:07 +0000"
    },
    "done": false
  },
  "cfm:recipes/cfm/cyan_picket_gate": {
    "criteria": {
      "has_gate": "2024-07-26 23:59:21 +0000"
    },
    "done": true
  },
  "minecraft:recipes/building_blocks/deepslate_brick_stairs_from_cobbled_deepslate_stonecutting": {
    "criteria": {
      "has_cobbled_deepslate": "2024-07-28 01:30:02 +0000"
    },
    "done": true
  },
  "cfm:recipes/cfm/stripped_crimson_kitchen_sink_dark": {
    "criteria": {
      "has_bucket": "2024-07-28 02:38:11 +0000"
    },
    "done": true
  },
  "cfm:recipes/cfm/red_grill": {
    "criteria": {
      "has_iron": "2024-07-28 02:36:21 +0000"
    },
    "done": true
  },
  "securitycraft:recipes/securitycraft/whitelist_module": {
    "criteria": {
      "has_iron": "2024-07-28 02:36:21 +0000"
    },
    "done": true
  },
  "minecraft:recipes/combat/stone_sword": {
    "criteria": {
      "has_cobblestone": "2024-07-26 22:18:09 +0000"
    },
    "done": true
  },
  "cfm:recipes/cfm/green_kitchen_drawer": {
    "criteria": {
      "has_chest": "2024-07-27 00:06:49 +0000"
    },
    "done": true
  },
  "minecraft:recipes/decorations/cobblestone_wall": {
    "criteria": {
      "has_cobblestone": "2024-07-26 22:18:09 +0000"
    },
    "done": true
  },
  "minecraft:recipes/decorations/barrel": {
    "criteria": {
      "has_planks": "2024-07-26 22:20:40 +0000"
    },
    "done": true
  },
  "cfm:recipes/cfm/jungle_upgraded_gate": {
    "criteria": {
      "has_gate": "2024-07-26 23:59:21 +0000"
    },
    "done": true
  },
  "cfm:recipes/cfm/acacia_upgraded_gate": {
    "criteria": {
      "has_gate": "2024-07-26 23:59:21 +0000"
    },
    "done": true
  },
  "minecraft:recipes/misc/iron_ingot_from_smelting_raw_iron": {
    "criteria": {
      "has_raw_iron": "2024-07-26 22:38:11 +0000"
    },
    "done": true
  },
  "cgm:recipes/cgm/grenade_launcher": {
    "criteria": {
      "has_iron_ingot": "2024-07-28 02:36:21 +0000"
    },
    "done": true
  },
  "minecraft:recipes/tools/stone_pickaxe": {
    "criteria": {
      "has_cobblestone": "2024-07-26 22:18:09 +0000"
    },
    "done": true
  },
  "cfm:recipes/cfm/stripped_acacia_kitchen_sink_light": {
    "criteria": {
      "has_bucket": "2024-07-28 02:38:11 +0000"
    },
    "done": true
  },
  "minecraft:recipes/decorations/smithing_table": {
    "criteria": {
      "has_iron_ingot": "2024-07-28 02:36:21 +0000"
    },
    "done": true
  },
  "cfm:recipes/cfm/oak_desk_cabinet": {
    "criteria": {
      "has_log": "2024-07-26 22:20:23 +0000"
    },
    "done": true
  },
  "minecraft:recipes/building_blocks/deepslate_brick_slab_from_cobbled_deepslate_stonecutting": {
    "criteria": {
      "has_cobbled_deepslate": "2024-07-28 01:30:02 +0000"
    },
    "done": true
  },
  "minecraft:recipes/combat/leather_boots": {
    "criteria": {
      "has_leather": "2024-07-26 22:35:51 +0000"
    },
    "done": true
  },
  "minecraft:recipes/decorations/cobblestone_wall_from_cobblestone_stonecutting": {
    "criteria": {
      "has_cobblestone": "2024-07-26 22:18:09 +0000"
    },
    "done": true
  },
  "cfm:recipes/cfm/light_gray_cooler": {
    "criteria": {
      "has_chest": "2024-07-27 00:06:49 +0000"
    },
    "done": true
  },
  "cfm:recipes/cfm/stripped_dark_oak_mail_box": {
    "criteria": {
      "has_chest": "2024-07-27 00:06:49 +0000"
    },
    "done": true
  },
  "cfm:recipes/cfm/red_kitchen_drawer": {
    "criteria": {
      "has_chest": "2024-07-27 00:06:49 +0000"
    },
    "done": true
  },
  "cfm:recipes/cfm/gray_picket_gate": {
    "criteria": {
      "has_gate": "2024-07-26 23:59:21 +0000"
    },
    "done": true
  },
  "cfm:recipes/cfm/crimson_upgraded_gate": {
    "criteria": {
      "has_gate": "2024-07-26 23:59:21 +0000"
    },
    "done": true
  },
  "cfm:recipes/cfm/light_blue_kitchen_drawer": {
    "criteria": {
      "has_chest": "2024-07-27 00:06:49 +0000"
    },
    "done": true
  },
  "cfm:recipes/cfm/black_grill": {
    "criteria": {
      "has_iron": "2024-07-28 02:36:21 +0000"
    },
    "done": true
  },
  "farmersdelight:recipes/farmersdelight/cooking/pumpkin_soup": {
    "criteria": {
      "has_any_ingredient": "2024-07-26 22:35:51 +0000"
    },
    "done": true
  },
  "cgm:recipes/cgm/heavy_rifle": {
    "criteria": {
      "has_iron_ingot": "2024-07-28 02:36:21 +0000"
    },
    "done": true
  },
  "cfm:recipes/cfm/warped_kitchen_sink_light": {
    "criteria": {
      "has_bucket": "2024-07-28 02:38:11 +0000"
    },
    "done": true
  },
  "cfm:recipes/cfm/stripped_dark_oak_kitchen_drawer": {
    "criteria": {
      "has_chest": "2024-07-27 00:06:49 +0000"
    },
    "done": true
  },
  "farmersdelight:main/craft_knife": {
    "criteria": {
      "diamond_knife": "2024-07-28 01:42:45 +0000"
    },
    "done": true
  },
  "cfm:recipes/cfm/light_blue_cooler": {
    "criteria": {
      "has_chest": "2024-07-27 00:06:49 +0000"
    },
    "done": true
  },
  "minecraft:recipes/decorations/lantern": {
    "criteria": {
      "has_iron_ingot": "2024-07-28 02:36:21 +0000"
    },
    "done": true
  },
  "cfm:recipes/cfm/light_blue_grill": {
    "criteria": {
      "has_iron": "2024-07-28 02:36:21 +0000"
    },
    "done": true
  },
  "biomesoplenty:recipes/transportation/jacaranda_boat": {
    "criteria": {
      "in_water": "2024-07-26 22:17:43 +0000"
    },
    "done": true
  },
  "cfm:recipes/cfm/stripped_acacia_mail_box": {
    "criteria": {
      "has_chest": "2024-07-27 00:06:49 +0000"
    },
    "done": true
  },
  "securitycraft:recipes/securitycraft/reinforced_packed_mud": {
    "criteria": {
      "has_wheat": "2024-07-28 02:02:12 +0000"
    },
    "done": true
  },
  "cfm:recipes/cfm/post_box": {
    "criteria": {
      "has_iron": "2024-07-28 02:36:21 +0000"
    },
    "done": true
  },
  "cfm:recipes/cfm/stripped_acacia_kitchen_drawer": {
    "criteria": {
      "has_chest": "2024-07-27 00:06:49 +0000"
    },
    "done": true
  },
  "cfm:recipes/cfm/jungle_kitchen_sink_dark": {
    "criteria": {
      "has_bucket": "2024-07-28 02:38:11 +0000"
    },
    "done": true
  },
  "cfm:recipes/cfm/purple_cooler": {
    "criteria": {
      "has_chest": "2024-07-27 00:06:49 +0000"
    },
    "done": true
  },
  "cfm:recipes/cfm/stripped_jungle_kitchen_drawer": {
    "criteria": {
      "has_chest": "2024-07-27 00:06:49 +0000"
    },
    "done": true
  },
  "cfm:recipes/cfm/birch_kitchen_drawer": {
    "criteria": {
      "has_chest": "2024-07-27 00:06:49 +0000"
    },
    "done": true
  },
  "cfm:recipes/cfm/stripped_spruce_kitchen_sink_dark": {
    "criteria": {
      "has_bucket": "2024-07-28 02:38:11 +0000"
    },
    "done": true
  },
  "cfm:recipes/cfm/light_blue_kitchen_sink": {
    "criteria": {
      "has_bucket": "2024-07-28 02:38:11 +0000"
    },
    "done": true
  },
  "minecraft:recipes/building_blocks/cobbled_deepslate_slab_from_cobbled_deepslate_stonecutting": {
    "criteria": {
      "has_cobbled_deepslate": "2024-07-28 01:30:02 +0000"
    },
    "done": true
  },
  "minecraft:recipes/building_blocks/light_gray_wool": {
    "criteria": {
      "has_white_wool": "2024-07-26 22:23:37 +0000"
    },
    "done": true
  },
  "minecraft:recipes/food/cooked_chicken": {
    "criteria": {
      "has_chicken": "2024-07-26 22:35:51 +0000"
    },
    "done": true
  },
  "minecraft:recipes/building_blocks/red_wool": {
    "criteria": {
      "has_white_wool": "2024-07-26 22:23:37 +0000"
    },
    "done": true
  },
  "cfm:recipes/cfm/spruce_crate": {
    "criteria": {
      "has_log": "2024-07-26 23:59:10 +0000"
    },
    "done": true
  },
  "cfm:recipes/cfm/black_cooler": {
    "criteria": {
      "has_chest": "2024-07-27 00:06:49 +0000"
    },
    "done": true
  },
  "securitycraft:recipes/securitycraft/alarm": {
    "criteria": {
      "has_redstone": "2024-07-26 23:05:31 +0000"
    },
    "done": true
  },
  "minecraft:recipes/tools/stone_axe": {
    "criteria": {
      "has_cobblestone": "2024-07-26 22:18:09 +0000"
    },
    "done": true
  },
  "minecraft:recipes/food/cooked_mutton": {
    "criteria": {
      "has_mutton": "2024-07-26 22:23:37 +0000"
    },
    "done": true
  },
  "minecraft:recipes/building_blocks/raw_iron_block": {
    "criteria": {
      "has_raw_iron": "2024-07-26 22:38:11 +0000"
    },
    "done": true
  },
  "minecraft:recipes/misc/white_dye_from_lily_of_the_valley": {
    "criteria": {
      "has_lily_of_the_valley": "2024-07-28 02:05:22 +0000"
    },
    "done": true
  },
  "securitycraft:recipes/securitycraft/disguise_module": {
    "criteria": {
      "has_iron": "2024-07-28 02:36:21 +0000"
    },
    "done": true
  },
  "cfm:recipes/cfm/stripped_oak_upgraded_gate": {
    "criteria": {
      "has_gate": "2024-07-26 23:59:21 +0000"
    },
    "done": true
  },
  "cfm:recipes/cfm/stripped_dark_oak_kitchen_sink_dark": {
    "criteria": {
      "has_bucket": "2024-07-28 02:38:11 +0000"
    },
    "done": true
  },
  "cold_sweat:huddle_close": {
    "criteria": {
      "requirement": "2024-07-28 03:05:04 +0000"
    },
    "done": true
  },
  "cfm:recipes/cfm/yellow_kitchen_sink": {
    "criteria": {
      "has_bucket": "2024-07-28 02:38:11 +0000"
    },
    "done": true
  },
  "cfm:recipes/cfm/birch_kitchen_sink_dark": {
    "criteria": {
      "has_bucket": "2024-07-28 02:38:11 +0000"
    },
    "done": true
  },
  "cfm:recipes/cfm/spruce_kitchen_counter": {
    "criteria": {
      "has_log": "2024-07-26 23:59:10 +0000"
    },
    "done": true
  },
  "farmersdelight:recipes/farmersdelight/wheat_dough_from_eggs": {
    "criteria": {
      "has_wheat": "2024-07-28 02:02:12 +0000"
    },
    "done": true
  },
  "cfm:recipes/cfm/white_kitchen_sink": {
    "criteria": {
      "has_bucket": "2024-07-28 02:38:11 +0000"
    },
    "done": true
  },
  "minecraft:recipes/building_blocks/purple_wool": {
    "criteria": {
      "has_white_wool": "2024-07-26 22:23:37 +0000"
    },
    "done": true
  },
  "cfm:recipes/cfm/stripped_dark_oak_kitchen_sink_light": {
    "criteria": {
      "has_bucket": "2024-07-28 02:38:11 +0000"
    },
    "done": true
  },
  "minecraft:recipes/building_blocks/cobblestone_stairs_from_cobblestone_stonecutting": {
    "criteria": {
      "has_cobblestone": "2024-07-26 22:18:09 +0000"
    },
    "done": true
  },
  "farmersdelight:recipes/farmersdelight/cooking/chicken_soup": {
    "criteria": {
      "has_any_ingredient": "2024-07-26 22:35:51 +0000"
    },
    "done": true
  },
  "minecraft:recipes/building_blocks/magenta_concrete_powder": {
    "criteria": {
      "has_sand": "2024-07-26 23:02:57 +0000"
    },
    "done": true
  },
  "cfm:recipes/cfm/white_cooler": {
    "criteria": {
      "has_chest": "2024-07-27 00:06:49 +0000"
    },
    "done": true
  },
  "securitycraft:recipes/securitycraft/panic_button": {
    "criteria": {
      "has_redstone": "2024-07-26 23:05:31 +0000"
    },
    "done": true
  },
  "cfm:recipes/cfm/birch_kitchen_sink_light": {
    "criteria": {
      "has_bucket": "2024-07-28 02:38:11 +0000"
    },
    "done": true
  },
  "cfm:recipes/cfm/red_kitchen_sink": {
    "criteria": {
      "has_bucket": "2024-07-28 02:38:11 +0000"
    },
    "done": true
  },
  "biomesoplenty:recipes/transportation/willow_boat": {
    "criteria": {
      "in_water": "2024-07-26 22:17:44 +0000"
    },
    "done": true
  },
  "minecraft:recipes/decorations/white_bed": {
    "criteria": {
      "has_white_wool": "2024-07-26 22:23:37 +0000"
    },
    "done": true
  },
  "bunker_down:first_joined_world": {
    "criteria": {
      "first_joined_world": "2024-07-26 22:11:06 +0000"
    },
    "done": true
  },
  "cfm:recipes/cfm/stripped_warped_mail_box": {
    "criteria": {
      "has_chest": "2024-07-27 00:06:49 +0000"
    },
    "done": true
  },
  "cfm:recipes/cfm/birch_upgraded_gate": {
    "criteria": {
      "has_gate": "2024-07-26 23:59:21 +0000"
    },
    "done": true
  },
  "cfm:recipes/cfm/stripped_crimson_upgraded_gate": {
    "criteria": {
      "has_gate": "2024-07-26 23:59:21 +0000"
    },
    "done": true
  },
  "minecraft:recipes/decorations/campfire": {
    "criteria": {
      "has_stick": "2024-07-26 22:20:27 +0000"
    },
    "done": true
  },
  "minecraft:recipes/food/bread": {
    "criteria": {
      "has_wheat": "2024-07-28 02:02:12 +0000"
    },
    "done": true
  },
  "biomesoplenty:recipes/transportation/mahogany_boat": {
    "criteria": {
      "in_water": "2024-07-26 22:17:43 +0000"
    },
    "done": true
  },
  "cfm:recipes/cfm/blue_picket_gate": {
    "criteria": {
      "has_gate": "2024-07-26 23:59:21 +0000"
    },
    "done": true
  },
  "minecraft:recipes/misc/iron_nugget": {
    "criteria": {
      "has_iron_ingot": "2024-07-28 02:36:21 +0000"
    },
    "done": true
  },
  "minecraft:recipes/building_blocks/brown_concrete_powder": {
    "criteria": {
      "has_sand": "2024-07-26 23:02:57 +0000"
    },
    "done": true
  },
  "minecraft:recipes/building_blocks/deepslate_tile_slab_from_cobbled_deepslate_stonecutting": {
    "criteria": {
      "has_cobbled_deepslate": "2024-07-28 01:30:02 +0000"
    },
    "done": true
  },
  "securitycraft:recipes/securitycraft/track_mine": {
    "criteria": {
      "has_iron": "2024-07-28 02:36:21 +0000"
    },
    "done": true
  },
  "cfm:recipes/cfm/stripped_oak_chair": {
    "criteria": {
      "has_planks": "2024-07-26 22:20:23 +0000"
    },
    "done": true
  },
  "minecraft:recipes/building_blocks/cyan_wool": {
    "criteria": {
      "has_white_wool": "2024-07-26 22:23:37 +0000"
    },
    "done": true
  },
  "biomesoplenty:recipes/transportation/dead_boat": {
    "criteria": {
      "in_water": "2024-07-26 22:17:43 +0000"
    },
    "done": true
  },
  "minecraft:recipes/food/cooked_beef_from_grill_cooking": {
    "criteria": {
      "has_beef": "2024-07-26 22:18:48 +0000"
    },
    "done": true
  },
  "cfm:recipes/cfm/oak_crate": {
    "criteria": {
      "has_log": "2024-07-26 22:20:23 +0000"
    },
    "done": true
  },
  "cfm:recipes/cfm/trampoline": {
    "criteria": {
      "has_iron": "2024-07-28 02:36:21 +0000"
    },
    "done": true
  },
  "minecraft:recipes/transportation/spruce_boat": {
    "criteria": {
      "in_water": "2024-07-26 22:17:43 +0000"
    },
    "done": true
  },
  "cfm:recipes/cfm/stripped_oak_table": {
    "criteria": {
      "has_planks": "2024-07-26 22:20:23 +0000"
    },
    "done": true
  },
  "cfm:recipes/cfm/stripped_spruce_park_bench": {
    "criteria": {
      "has_log": "2024-07-26 23:59:10 +0000"
    },
    "done": true
  },
  "securitycraft:recipes/securitycraft/blacklist_module": {
    "criteria": {
      "has_iron": "2024-07-28 02:36:21 +0000"
    },
    "done": true
  },
  "minecraft:recipes/tools/flint_and_steel": {
    "criteria": {
      "has_flint": "2024-07-27 00:08:18 +0000"
    },
    "done": true
  },
  "securitycraft:recipes/securitycraft/speed_module": {
    "criteria": {
      "has_iron": "2024-07-28 02:36:21 +0000"
    },
    "done": true
  },
  "cfm:recipes/cfm/stripped_spruce_crate": {
    "criteria": {
      "has_planks": "2024-07-26 23:59:10 +0000"
    },
    "done": true
  },
  "cfm:recipes/cfm/green_cooler": {
    "criteria": {
      "has_chest": "2024-07-27 00:06:49 +0000"
    },
    "done": true
  },
  "securitycraft:recipes/securitycraft/harming_module": {
    "criteria": {
      "has_iron": "2024-07-28 02:36:21 +0000"
    },
    "done": true
  },
  "minecraft:recipes/building_blocks/gray_wool": {
    "criteria": {
      "has_white_wool": "2024-07-26 22:23:37 +0000"
    },
    "done": true
  },
  "cfm:recipes/cfm/oak_kitchen_counter": {
    "criteria": {
      "has_log": "2024-07-26 22:20:23 +0000"
    },
    "done": true
  },
  "cfm:recipes/cfm/stripped_oak_kitchen_drawer": {
    "criteria": {
      "has_log": "2024-07-26 22:20:23 +0000"
    },
    "done": true
  },
  "cfm:recipes/cfm/light_gray_kitchen_drawer": {
    "criteria": {
      "has_chest": "2024-07-27 00:06:49 +0000"
    },
    "done": true
  },
  "securitycraft:recipes/securitycraft/keypad_frame": {
    "criteria": {
      "has_redstone": "2024-07-26 23:05:31 +0000"
    },
    "done": true
  },
  "minecraft:husbandry/balanced_diet": {
    "criteria": {
      "cooked_porkchop": "2024-07-27 00:30:04 +0000",
      "sweet_berries": "2024-07-28 01:25:56 +0000",
      "cooked_beef": "2024-07-27 00:14:25 +0000",
      "beef": "2024-07-26 22:18:58 +0000",
      "porkchop": "2024-07-26 22:52:43 +0000",
      "mutton": "2024-07-26 22:29:40 +0000",
      "bread": "2024-07-28 02:01:04 +0000",
      "rotten_flesh": "2024-07-26 22:54:20 +0000",
      "cooked_chicken": "2024-07-26 22:56:26 +0000"
    },
    "done": false
  },
  "cfm:recipes/cfm/stripped_spruce_mail_box": {
    "criteria": {
      "has_chest": "2024-07-27 00:06:49 +0000"
    },
    "done": true
  },
  "minecraft:recipes/tools/wooden_hoe": {
    "criteria": {
      "has_stick": "2024-07-26 22:20:27 +0000"
    },
    "done": true
  },
  "cfm:recipes/cfm/light_gray_picket_gate": {
    "criteria": {
      "has_gate": "2024-07-26 23:59:21 +0000"
    },
    "done": true
  },
  "cfm:recipes/cfm/oak_blinds": {
    "criteria": {
      "has_log": "2024-07-26 22:20:23 +0000"
    },
    "done": true
  },
  "cfm:recipes/cfm/purple_picket_gate": {
    "criteria": {
      "has_gate": "2024-07-26 23:59:21 +0000"
    },
    "done": true
  },
  "cfm:recipes/cfm/mangrove_kitchen_sink_dark": {
    "criteria": {
      "has_bucket": "2024-07-28 02:38:11 +0000"
    },
    "done": true
  },
  "minecraft:recipes/misc/bucket": {
    "criteria": {
      "has_iron_ingot": "2024-07-28 02:36:21 +0000"
    },
    "done": true
  },
  "minecraft:recipes/building_blocks/cobblestone_stairs": {
    "criteria": {
      "has_cobblestone": "2024-07-26 22:18:09 +0000"
    },
    "done": true
  },
  "cfm:recipes/cfm/oak_kitchen_sink_dark": {
    "criteria": {
      "has_bottom": "2024-07-26 22:20:40 +0000"
    },
    "done": true
  },
  "biomesoplenty:recipes/transportation/magic_boat": {
    "criteria": {
      "in_water": "2024-07-26 22:17:43 +0000"
    },
    "done": true
  },
  "cfm:recipes/cfm/lime_picket_gate": {
    "criteria": {
      "has_gate": "2024-07-26 23:59:21 +0000"
    },
    "done": true
  },
  "biomesoplenty:recipes/decorations/fir_fence": {
    "criteria": {
      "has_planks": "2024-07-27 17:36:35 +0000"
    },
    "done": true
  },
  "minecraft:recipes/redstone/note_block": {
    "criteria": {
      "has_redstone": "2024-07-26 23:05:31 +0000"
    },
    "done": true
  },
  "cfm:recipes/cfm/stripped_acacia_upgraded_gate": {
    "criteria": {
      "has_gate": "2024-07-26 23:59:21 +0000"
    },
    "done": true
  },
  "securitycraft:recipes/securitycraft/redstone_module": {
    "criteria": {
      "has_iron": "2024-07-28 02:36:21 +0000"
    },
    "done": true
  },
  "minecraft:recipes/decorations/white_banner": {
    "criteria": {
      "has_white_wool": "2024-07-26 22:23:37 +0000"
    },
    "done": true
  },
  "minecraft:recipes/building_blocks/light_blue_concrete_powder": {
    "criteria": {
      "has_sand": "2024-07-26 23:02:57 +0000"
    },
    "done": true
  },
  "minecraft:recipes/building_blocks/deepslate_tiles_from_cobbled_deepslate_stonecutting": {
    "criteria": {
      "has_cobbled_deepslate": "2024-07-28 01:30:02 +0000"
    },
    "done": true
  },
  "biomesoplenty:recipes/building_blocks/fir_slab": {
    "criteria": {
      "has_planks": "2024-07-27 17:36:35 +0000"
    },
    "done": true
  },
  "minecraft:recipes/decorations/mossy_cobblestone_wall": {
    "criteria": {
      "has_mossy_cobblestone": "2024-07-28 01:19:23 +0000"
    },
    "done": true
  },
  "cgm:recipes/cgm/machine_pistol": {
    "criteria": {
      "has_iron_ingot": "2024-07-28 02:36:21 +0000"
    },
    "done": true
  },
  "cfm:recipes/cfm/stripped_spruce_upgraded_gate": {
    "criteria": {
      "has_gate": "2024-07-26 23:59:21 +0000"
    },
    "done": true
  },
  "cfm:recipes/cfm/gray_cooler": {
    "criteria": {
      "has_chest": "2024-07-27 00:06:49 +0000"
    },
    "done": true
  },
  "cfm:recipes/cfm/cyan_cooler": {
    "criteria": {
      "has_chest": "2024-07-27 00:06:49 +0000"
    },
    "done": true
  },
  "minecraft:recipes/misc/leather_horse_armor": {
    "criteria": {
      "has_leather": "2024-07-26 22:35:51 +0000"
    },
    "done": true
  },
  "minecraft:recipes/building_blocks/hay_block": {
    "criteria": {
      "has_wheat": "2024-07-28 02:02:12 +0000"
    },
    "done": true
  },
  "minecraft:recipes/building_blocks/glass": {
    "criteria": {
      "has_sand": "2024-07-26 23:02:57 +0000"
    },
    "done": true
  },
  "minecraft:recipes/combat/iron_helmet": {
    "criteria": {
      "has_iron_ingot": "2024-07-28 02:36:21 +0000"
    },
    "done": true
  },
  "cfm:recipes/cfm/yellow_grill": {
    "criteria": {
      "has_iron": "2024-07-28 02:36:21 +0000"
    },
    "done": true
  },
  "minecraft:recipes/decorations/mossy_cobblestone_wall_from_mossy_cobblestone_stonecutting": {
    "criteria": {
      "has_mossy_cobblestone": "2024-07-28 01:19:23 +0000"
    },
    "done": true
  },
  "minecraft:recipes/redstone/oak_fence_gate": {
    "criteria": {
      "has_planks": "2024-07-26 22:20:40 +0000"
    },
    "done": true
  },
  "minecraft:recipes/food/cooked_chicken_from_smoking": {
    "criteria": {
      "has_chicken": "2024-07-26 22:35:51 +0000"
    },
    "done": true
  },
  "cfm:recipes/cfm/white_sofa": {
    "criteria": {
      "has_wool": "2024-07-26 22:23:37 +0000"
    },
    "done": true
  },
  "cold_sweat:recipes/waterskin": {
    "criteria": {
      "temperature": "2024-07-26 22:28:04 +0000"
    },
    "done": true
  },
  "minecraft:recipes/building_blocks/purple_concrete_powder": {
    "criteria": {
      "has_sand": "2024-07-26 23:02:57 +0000"
    },
    "done": true
  },
  "farmersdelight:recipes/farmersdelight/egg_sandwich": {
    "criteria": {
      "has_fried_egg": "2024-07-28 01:12:26 +0000"
    },
    "done": true
  },
  "cfm:recipes/cfm/stripped_warped_upgraded_gate": {
    "criteria": {
      "has_gate": "2024-07-26 23:59:21 +0000"
    },
    "done": true
  },
  "cfm:recipes/cfm/dark_oak_mail_box": {
    "criteria": {
      "has_chest": "2024-07-27 00:06:49 +0000"
    },
    "done": true
  },
  "farmersdelight:recipes/farmersdelight/fried_egg_from_campfire_cooking": {
    "criteria": {
      "fried_egg": "2024-07-26 22:35:51 +0000"
    },
    "done": true
  },
  "minecraft:story/mine_stone": {
    "criteria": {
      "get_stone": "2024-07-26 22:18:09 +0000"
    },
    "done": true
  },
  "minecraft:recipes/redstone/target": {
    "criteria": {
      "has_redstone": "2024-07-26 23:05:31 +0000"
    },
    "done": true
  },
  "minecraft:recipes/decorations/furnace": {
    "criteria": {
      "has_cobblestone": "2024-07-26 22:18:09 +0000"
    },
    "done": true
  },
  "cfm:recipes/cfm/stripped_spruce_table": {
    "criteria": {
      "has_planks": "2024-07-26 23:59:10 +0000"
    },
    "done": true
  },
  "minecraft:recipes/transportation/minecart": {
    "criteria": {
      "has_iron_ingot": "2024-07-28 02:36:21 +0000"
    },
    "done": true
  },
  "cfm:recipes/cfm/spruce_blinds": {
    "criteria": {
      "has_log": "2024-07-26 23:59:10 +0000"
    },
    "done": true
  },
  "minecraft:recipes/misc/charcoal": {
    "criteria": {
      "has_log": "2024-07-26 22:20:23 +0000"
    },
    "done": true
  },
  "minecraft:recipes/building_blocks/orange_wool": {
    "criteria": {
      "has_white_wool": "2024-07-26 22:23:37 +0000"
    },
    "done": true
  },
  "minecraft:recipes/tools/wooden_pickaxe": {
    "criteria": {
      "has_stick": "2024-07-26 22:20:27 +0000"
    },
    "done": true
  },
  "minecraft:recipes/tools/iron_hoe": {
    "criteria": {
      "has_iron_ingot": "2024-07-28 02:36:21 +0000"
    },
    "done": true
  },
  "minecraft:recipes/building_blocks/cobbled_deepslate_stairs": {
    "criteria": {
      "has_cobbled_deepslate": "2024-07-28 01:30:02 +0000"
    },
    "done": true
  },
  "minecraft:husbandry/root": {
    "criteria": {
      "consumed_item": "2024-07-26 22:18:58 +0000"
    },
    "done": true
  },
  "minecraft:recipes/redstone/redstone_torch": {
    "criteria": {
      "has_redstone": "2024-07-26 23:05:31 +0000"
    },
    "done": true
  },
  "biomesoplenty:recipes/building_blocks/fir_planks": {
    "criteria": {
      "has_logs": "2024-07-27 00:34:26 +0000"
    },
    "done": true
  },
  "cfm:recipes/cfm/orange_kitchen_sink": {
    "criteria": {
      "has_bucket": "2024-07-28 02:38:11 +0000"
    },
    "done": true
  },
  "minecraft:recipes/transportation/birch_boat": {
    "criteria": {
      "in_water": "2024-07-26 22:17:44 +0000"
    },
    "done": true
  },
  "securitycraft:recipes/securitycraft/sonic_security_system": {
    "criteria": {
      "has_stick": "2024-07-26 22:20:27 +0000"
    },
    "done": true
  },
  "minecraft:recipes/building_blocks/green_concrete_powder": {
    "criteria": {
      "has_sand": "2024-07-26 23:02:57 +0000"
    },
    "done": true
  },
  "minecraft:recipes/building_blocks/cobbled_deepslate_stairs_from_cobbled_deepslate_stonecutting": {
    "criteria": {
      "has_cobbled_deepslate": "2024-07-28 01:30:02 +0000"
    },
    "done": true
  },
  "minecraft:recipes/tools/iron_shovel": {
    "criteria": {
      "has_iron_ingot": "2024-07-28 02:36:21 +0000"
    },
    "done": true
  },
  "cfm:recipes/cfm/stripped_warped_kitchen_sink_light": {
    "criteria": {
      "has_bucket": "2024-07-28 02:38:11 +0000"
    },
    "done": true
  },
  "cfm:recipes/cfm/black_kitchen_drawer": {
    "criteria": {
      "has_chest": "2024-07-27 00:06:49 +0000"
    },
    "done": true
  },
  "cfm:recipes/cfm/brown_picket_gate": {
    "criteria": {
      "has_gate": "2024-07-26 23:59:21 +0000"
    },
    "done": true
  },
  "farmersdelight:main/root": {
    "criteria": {
      "seeds": "2024-07-26 22:11:06 +0000"
    },
    "done": true
  },
  "minecraft:recipes/decorations/item_frame": {
    "criteria": {
      "has_leather": "2024-07-26 22:35:51 +0000"
    },
    "done": true
  },
  "minecraft:recipes/tools/stone_hoe": {
    "criteria": {
      "has_cobblestone": "2024-07-26 22:18:09 +0000"
    },
    "done": true
  },
  "minecraft:recipes/tools/clock": {
    "criteria": {
      "has_redstone": "2024-07-26 23:05:31 +0000"
    },
    "done": true
  },
  "minecraft:recipes/decorations/spruce_fence": {
    "criteria": {
      "has_planks": "2024-07-26 23:59:15 +0000"
    },
    "done": true
  },
  "cfm:recipes/cfm/stripped_mangrove_kitchen_drawer": {
    "criteria": {
      "has_chest": "2024-07-27 00:06:49 +0000"
    },
    "done": true
  },
  "cfm:recipes/cfm/oak_upgraded_gate": {
    "criteria": {
      "has_log": "2024-07-26 22:20:23 +0000"
    },
    "done": true
  },
  "cfm:recipes/cfm/spruce_upgraded_fence": {
    "criteria": {
      "has_log": "2024-07-26 23:59:10 +0000"
    },
    "done": true
  },
  "cfm:recipes/cfm/crimson_mail_box": {
    "criteria": {
      "has_chest": "2024-07-27 00:06:49 +0000"
    },
    "done": true
  },
  "farmersdelight:recipes/farmersdelight/cooking/dog_food": {
    "criteria": {
      "has_any_ingredient": "2024-07-26 22:30:17 +0000"
    },
    "done": true
  },
  "farmersdelight:recipes/farmersdelight/wheat_dough_from_water": {
    "criteria": {
      "has_wheat": "2024-07-28 02:02:12 +0000"
    },
    "done": true
  },
  "cfm:recipes/cfm/jungle_mail_box": {
    "criteria": {
      "has_chest": "2024-07-27 00:06:49 +0000"
    },
    "done": true
  },
  "minecraft:adventure/trade": {
    "criteria": {
      "traded": "2024-07-27 17:37:11 +0000"
    },
    "done": true
  },
  "minecraft:recipes/building_blocks/deepslate": {
    "criteria": {
      "has_cobbled_deepslate": "2024-07-28 01:30:02 +0000"
    },
    "done": true
  },
  "cfm:recipes/cfm/stripped_spruce_coffee_table": {
    "criteria": {
      "has_planks": "2024-07-26 23:59:10 +0000"
    },
    "done": true
  },
  "minecraft:recipes/decorations/white_carpet": {
    "criteria": {
      "has_white_wool": "2024-07-26 22:23:37 +0000"
    },
    "done": true
  },
  "minecraft:recipes/building_blocks/spruce_stairs": {
    "criteria": {
      "has_planks": "2024-07-26 23:59:15 +0000"
    },
    "done": true
  },
  "cfm:recipes/cfm/pink_picket_gate": {
    "criteria": {
      "has_gate": "2024-07-26 23:59:21 +0000"
    },
    "done": true
  },
  "cfm:recipes/cfm/white_grill": {
    "criteria": {
      "has_iron": "2024-07-28 02:36:21 +0000"
    },
    "done": true
  },
  "cfm:recipes/cfm/stripped_mangrove_mail_box": {
    "criteria": {
      "has_chest": "2024-07-27 00:06:49 +0000"
    },
    "done": true
  },
  "cfm:recipes/cfm/warped_kitchen_drawer": {
    "criteria": {
      "has_chest": "2024-07-27 00:06:49 +0000"
    },
    "done": true
  },
  "minecraft:story/upgrade_tools": {
    "criteria": {
      "stone_pickaxe": "2024-07-26 22:22:30 +0000"
    },
    "done": true
  },
  "biomesoplenty:recipes/decorations/fir_sign": {
    "criteria": {
      "has_fir_planks": "2024-07-27 17:36:35 +0000"
    },
    "done": true
  },
  "minecraft:recipes/transportation/oak_boat": {
    "criteria": {
      "in_water": "2024-07-26 22:17:43 +0000"
    },
    "done": true
  },
  "cfm:recipes/cfm/stripped_warped_kitchen_drawer": {
    "criteria": {
      "has_chest": "2024-07-27 00:06:49 +0000"
    },
    "done": true
  },
  "cfm:recipes/cfm/stripped_birch_upgraded_gate": {
    "criteria": {
      "has_gate": "2024-07-26 23:59:21 +0000"
    },
    "done": true
  },
  "securitycraft:recipes/securitycraft/secret_dark_oak_sign_item": {
    "criteria": {
      "has_sign": "2024-07-27 00:38:28 +0000"
    },
    "done": true
  },
  "cgm:recipes/cgm/rifle": {
    "criteria": {
      "has_iron_ingot": "2024-07-28 02:36:21 +0000"
    },
    "done": true
  },
  "minecraft:recipes/building_blocks/cyan_concrete_powder": {
    "criteria": {
      "has_sand": "2024-07-26 23:02:57 +0000"
    },
    "done": true
  },
  "securitycraft:recipes/securitycraft/secret_crimson_sign_item": {
    "criteria": {
      "has_sign": "2024-07-27 00:38:28 +0000"
    },
    "done": true
  },
  "cfm:recipes/cfm/oak_park_bench": {
    "criteria": {
      "has_log": "2024-07-26 22:20:23 +0000"
    },
    "done": true
  },
  "farmersdelight:recipes/farmersdelight/roast_chicken_block": {
    "criteria": {
      "has_cooked_chicken": "2024-07-26 22:56:22 +0000"
    },
    "done": true
  },
  "cfm:recipes/cfm/white_picket_gate": {
    "criteria": {
      "has_gate": "2024-07-26 23:59:21 +0000"
    },
    "done": true
  },
  "cfm:recipes/cfm/stripped_oak_kitchen_sink_light": {
    "criteria": {
      "has_bucket": "2024-07-28 02:38:11 +0000"
    },
    "done": true
  },
  "securitycraft:recipes/securitycraft/claymore": {
    "criteria": {
      "has_redstone": "2024-07-26 23:05:31 +0000"
    },
    "done": true
  },
  "cfm:recipes/cfm/lime_cooler": {
    "criteria": {
      "has_chest": "2024-07-27 00:06:49 +0000"
    },
    "done": true
  },
  "minecraft:recipes/tools/wooden_axe": {
    "criteria": {
      "has_stick": "2024-07-26 22:20:27 +0000"
    },
    "done": true
  },
  "minecraft:recipes/building_blocks/lime_wool": {
    "criteria": {
      "has_white_wool": "2024-07-26 22:23:37 +0000"
    },
    "done": true
  },
  "minecraft:recipes/decorations/spruce_sign": {
    "criteria": {
      "has_planks": "2024-07-26 23:59:15 +0000"
    },
    "done": true
  },
  "cfm:recipes/cfm/acacia_mail_box": {
    "criteria": {
      "has_chest": "2024-07-27 00:06:49 +0000"
    },
    "done": true
  },
  "securitycraft:recipes/securitycraft/keycard_lv2": {
    "criteria": {
      "has_iron": "2024-07-28 02:36:21 +0000"
    },
    "done": true
  },
  "cfm:recipes/cfm/warped_mail_box": {
    "criteria": {
      "has_chest": "2024-07-27 00:06:49 +0000"
    },
    "done": true
  },
  "securitycraft:recipes/securitycraft/keycard_lv1": {
    "criteria": {
      "has_iron": "2024-07-28 02:36:21 +0000"
    },
    "done": true
  },
  "cfm:recipes/cfm/stripped_crimson_mail_box": {
    "criteria": {
      "has_chest": "2024-07-27 00:06:49 +0000"
    },
    "done": true
  },
  "cfm:recipes/cfm/stripped_warped_kitchen_sink_dark": {
    "criteria": {
      "has_bucket": "2024-07-28 02:38:11 +0000"
    },
    "done": true
  },
  "biomesoplenty:recipes/transportation/palm_boat": {
    "criteria": {
      "in_water": "2024-07-26 22:17:43 +0000"
    },
    "done": true
  },
  "minecraft:recipes/building_blocks/green_wool": {
    "criteria": {
      "has_white_wool": "2024-07-26 22:23:37 +0000"
    },
    "done": true
  },
  "farmersdelight:recipes/farmersdelight/cooking/fried_rice": {
    "criteria": {
      "has_any_ingredient": "2024-07-26 22:35:51 +0000"
    },
    "done": true
  },
  "securitycraft:recipes/securitycraft/bouncing_betty": {
    "criteria": {
      "has_iron": "2024-07-28 02:36:21 +0000"
    },
    "done": true
  },
  "cold_sweat:root": {
    "criteria": {
      "requirement": "2024-07-26 22:11:06 +0000"
    },
    "done": true
  },
  "cfm:recipes/cfm/light_gray_grill": {
    "criteria": {
      "has_iron": "2024-07-28 02:36:21 +0000"
    },
    "done": true
  },
  "minecraft:recipes/building_blocks/brown_wool": {
    "criteria": {
      "has_white_wool": "2024-07-26 22:23:37 +0000"
    },
    "done": true
  },
  "farmersdelight:recipes/farmersdelight/cooking/pasta_with_meatballs": {
    "criteria": {
      "has_any_ingredient": "2024-07-26 22:18:48 +0000"
    },
    "done": true
  },
  "biomesoplenty:recipes/transportation/redwood_boat": {
    "criteria": {
      "in_water": "2024-07-26 22:17:43 +0000"
    },
    "done": true
  },
  "farmersdelight:recipes/farmersdelight/cooking/pasta_with_mutton_chop": {
    "criteria": {
      "has_any_ingredient": "2024-07-26 22:23:37 +0000"
    },
    "done": true
  },
  "biomesoplenty:recipes/redstone/fir_button": {
    "criteria": {
      "has_planks": "2024-07-27 17:36:35 +0000"
    },
    "done": true
  },
  "cfm:recipes/cfm/magenta_kitchen_sink": {
    "criteria": {
      "has_bucket": "2024-07-28 02:38:11 +0000"
    },
    "done": true
  },
  "cfm:recipes/cfm/stripped_birch_kitchen_drawer": {
    "criteria": {
      "has_chest": "2024-07-27 00:06:49 +0000"
    },
    "done": true
  },
  "minecraft:recipes/decorations/painting": {
    "criteria": {
      "has_wool": "2024-07-26 22:23:37 +0000"
    },
    "done": true
  },
  "cfm:recipes/cfm/stripped_jungle_mail_box": {
    "criteria": {
      "has_chest": "2024-07-27 00:06:49 +0000"
    },
    "done": true
  },
  "securitycraft:recipes/securitycraft/sc_manual": {
    "criteria": {
      "has_wood": "2024-07-26 22:20:23 +0000"
    },
    "done": true
  },
  "securitycraft:recipes/securitycraft/keycard_lv4": {
    "criteria": {
      "has_iron": "2024-07-28 02:36:21 +0000"
    },
    "done": true
  },
  "securitycraft:recipes/securitycraft/keycard_lv3": {
    "criteria": {
      "has_iron": "2024-07-28 02:36:21 +0000"
    },
    "done": true
  },
  "minecraft:recipes/combat/arrow": {
    "criteria": {
      "has_feather": "2024-07-26 22:35:51 +0000"
    },
    "done": true
  },
  "securitycraft:recipes/securitycraft/keycard_lv5": {
    "criteria": {
      "has_iron": "2024-07-28 02:36:21 +0000"
    },
    "done": true
  },
  "minecraft:recipes/building_blocks/coal_block": {
    "criteria": {
      "has_coal": "2024-07-26 22:41:19 +0000"
    },
    "done": true
  },
  "securitycraft:recipes/securitycraft/secret_mangrove_sign_item": {
    "criteria": {
      "has_sign": "2024-07-27 00:38:28 +0000"
    },
    "done": true
  },
  "cfm:recipes/cfm/stripped_oak_bedside_cabinet": {
    "criteria": {
      "has_planks": "2024-07-26 22:20:23 +0000"
    },
    "done": true
  },
  "cfm:recipes/cfm/spruce_upgraded_gate": {
    "criteria": {
      "has_log": "2024-07-26 23:59:10 +0000"
    },
    "done": true
  },
  "cfm:recipes/cfm/black_picket_gate": {
    "criteria": {
      "has_gate": "2024-07-26 23:59:21 +0000"
    },
    "done": true
  },
  "minecraft:recipes/tools/stone_shovel": {
    "criteria": {
      "has_cobblestone": "2024-07-26 22:18:09 +0000"
    },
    "done": true
  },
  "cfm:recipes/cfm/spatula": {
    "criteria": {
      "has_iron": "2024-07-28 02:36:21 +0000"
    },
    "done": true
  },
  "farmersdelight:main/get_fd_seed": {
    "criteria": {
      "cabbage_seeds": "2024-07-26 23:58:56 +0000"
    },
    "done": true
  },
  "minecraft:recipes/building_blocks/blue_concrete_powder": {
    "criteria": {
      "has_sand": "2024-07-26 23:02:57 +0000"
    },
    "done": true
  },
  "farmersdelight:recipes/farmersdelight/cooking/mushroom_rice": {
    "criteria": {
      "has_any_ingredient": "2024-07-27 17:43:43 +0000"
    },
    "done": true
  },
  "minecraft:recipes/building_blocks/mossy_cobblestone_slab": {
    "criteria": {
      "has_mossy_cobblestone": "2024-07-28 01:19:23 +0000"
    },
    "done": true
  },
  "minecraft:recipes/building_blocks/spruce_slab": {
    "criteria": {
      "has_planks": "2024-07-26 23:59:15 +0000"
    },
    "done": true
  },
  "cfm:recipes/cfm/oak_mail_box": {
    "criteria": {
      "has_chest": "2024-07-27 00:06:49 +0000"
    },
    "done": true
  },
  "biomesoplenty:recipes/redstone/fir_door": {
    "criteria": {
      "has_planks": "2024-07-27 17:36:35 +0000"
    },
    "done": true
  },
  "securitycraft:recipes/securitycraft/universal_block_reinforcer_lvl2": {
    "criteria": {
      "has_redstone": "2024-07-26 23:05:31 +0000"
    },
    "done": true
  },
  "securitycraft:recipes/securitycraft/reinforced_andesite": {
    "criteria": {
      "has_cobblestone": "2024-07-26 22:18:09 +0000"
    },
    "done": true
  },
  "securitycraft:recipes/securitycraft/universal_block_reinforcer_lvl1": {
    "criteria": {
      "has_redstone": "2024-07-26 23:05:31 +0000"
    },
    "done": true
  },
  "securitycraft:recipes/securitycraft/universal_block_reinforcer_lvl3": {
    "criteria": {
      "has_redstone": "2024-07-26 23:05:31 +0000"
    },
    "done": true
  },
  "cgm:recipes/cgm/workbench": {
    "criteria": {
      "has_iron": "2024-07-28 02:36:21 +0000"
    },
    "done": true
  },
  "cfm:recipes/cfm/white_kitchen_drawer": {
    "criteria": {
      "has_chest": "2024-07-27 00:06:49 +0000"
    },
    "done": true
  },
  "cfm:recipes/cfm/oak_table": {
    "criteria": {
      "has_log": "2024-07-26 22:20:23 +0000"
    },
    "done": true
  },
  "cfm:recipes/cfm/spruce_desk": {
    "criteria": {
      "has_log": "2024-07-26 23:59:10 +0000"
    },
    "done": true
  },
  "cfm:recipes/cfm/stripped_spruce_chair": {
    "criteria": {
      "has_planks": "2024-07-26 23:59:10 +0000"
    },
    "done": true
  },
  "minecraft:recipes/redstone/oak_pressure_plate": {
    "criteria": {
      "has_planks": "2024-07-26 22:20:40 +0000"
    },
    "done": true
  },
  "cgm:recipes/cgm/bazooka": {
    "criteria": {
      "has_redstone": "2024-07-26 23:05:31 +0000"
    },
    "done": true
  },
  "biomesoplenty:biomesoplenty/root": {
    "criteria": {
      "shrubland": "2024-07-26 22:24:13 +0000"
    },
    "done": true
  },
  "minecraft:recipes/building_blocks/polished_deepslate_stairs_from_cobbled_deepslate_stonecutting": {
    "criteria": {
      "has_cobbled_deepslate": "2024-07-28 01:30:02 +0000"
    },
    "done": true
  },
  "cfm:recipes/cfm/oak_desk": {
    "criteria": {
      "has_log": "2024-07-26 22:20:23 +0000"
    },
    "done": true
  },
  "cgm:recipes/cgm/shotgun": {
    "criteria": {
      "has_iron_ingot": "2024-07-28 02:36:21 +0000"
    },
    "done": true
  },
  "cfm:recipes/cfm/yellow_picket_gate": {
    "criteria": {
      "has_gate": "2024-07-26 23:59:21 +0000"
    },
    "done": true
  },
  "cfm:recipes/cfm/stripped_spruce_kitchen_counter": {
    "criteria": {
      "has_log": "2024-07-26 23:59:10 +0000"
    },
    "done": true
  },
  "minecraft:recipes/building_blocks/oak_wood": {
    "criteria": {
      "has_log": "2024-07-26 22:20:23 +0000"
    },
    "done": true
  },
  "minecraft:story/root": {
    "criteria": {
      "crafting_table": "2024-07-26 22:35:51 +0000"
    },
    "done": true
  },
  "minecraft:recipes/redstone/dropper": {
    "criteria": {
      "has_redstone": "2024-07-26 23:05:31 +0000"
    },
    "done": true
  },
  "cfm:recipes/cfm/lime_kitchen_sink": {
    "criteria": {
      "has_bucket": "2024-07-28 02:38:11 +0000"
    },
    "done": true
  },
  "cfm:recipes/cfm/warped_kitchen_sink_dark": {
    "criteria": {
      "has_bucket": "2024-07-28 02:38:11 +0000"
    },
    "done": true
  },
  "cfm:recipes/cfm/magenta_cooler": {
    "criteria": {
      "has_chest": "2024-07-27 00:06:49 +0000"
    },
    "done": true
  },
  "farmersdelight:recipes/farmersdelight/cooking/noodle_soup": {
    "criteria": {
      "has_any_ingredient": "2024-07-26 22:35:51 +0000"
    },
    "done": true
  },
  "cfm:recipes/cfm/orange_cooler": {
    "criteria": {
      "has_chest": "2024-07-27 00:06:49 +0000"
    },
    "done": true
  },
  "minecraft:recipes/combat/leather_chestplate": {
    "criteria": {
      "has_leather": "2024-07-26 22:35:51 +0000"
    },
    "done": true
  },
  "minecraft:recipes/tools/compass": {
    "criteria": {
      "has_redstone": "2024-07-26 23:05:31 +0000"
    },
    "done": true
  },
  "farmersdelight:recipes/farmersdelight/bacon_sandwich": {
    "criteria": {
      "has_bacon": "2024-07-26 22:11:06 +0000"
    },
    "done": true
  },
  "minecraft:recipes/redstone/oak_button": {
    "criteria": {
      "has_planks": "2024-07-26 22:20:40 +0000"
    },
    "done": true
  },
  "securitycraft:recipes/securitycraft/secret_acacia_sign_item": {
    "criteria": {
      "has_sign": "2024-07-27 00:38:28 +0000"
    },
    "done": true
  },
  "cold_sweat:recipes/thermometer": {
    "criteria": {
      "temperature": "2024-07-26 22:11:06 +0000"
    },
    "done": true
  },
  "cfm:recipes/cfm/light_gray_kitchen_sink": {
    "criteria": {
      "has_bucket": "2024-07-28 02:38:11 +0000"
    },
    "done": true
  },
  "cfm:recipes/cfm/acacia_kitchen_drawer": {
    "criteria": {
      "has_chest": "2024-07-27 00:06:49 +0000"
    },
    "done": true
  },
  "cfm:recipes/cfm/stripped_mangrove_upgraded_gate": {
    "criteria": {
      "has_gate": "2024-07-26 23:59:21 +0000"
    },
    "done": true
  },
  "cfm:recipes/cfm/oak_cabinet": {
    "criteria": {
      "has_log": "2024-07-26 22:20:23 +0000"
    },
    "done": true
  },
  "farmersdelight:recipes/farmersdelight/flint_knife": {
    "criteria": {
      "has_stick": "2024-07-26 22:20:27 +0000"
    },
    "done": true
  },
  "cfm:recipes/cfm/jungle_kitchen_drawer": {
    "criteria": {
      "has_chest": "2024-07-27 00:06:49 +0000"
    },
    "done": true
  },
  "minecraft:recipes/food/cooked_beef": {
    "criteria": {
      "has_beef": "2024-07-26 22:18:48 +0000"
    },
    "done": true
  },
  "cfm:recipes/cfm/brown_kitchen_sink": {
    "criteria": {
      "has_bucket": "2024-07-28 02:38:11 +0000"
    },
    "done": true
  },
  "minecraft:recipes/redstone/iron_door": {
    "criteria": {
      "has_iron_ingot": "2024-07-28 02:36:21 +0000"
    },
    "done": true
  },
  "cold_sweat:extreme_temps": {
    "criteria": {
      "requirement": "2024-07-26 22:11:06 +0000"
    },
    "done": true
  },
  "cfm:recipes/cfm/birch_mail_box": {
    "criteria": {
      "has_chest": "2024-07-27 00:06:49 +0000"
    },
    "done": true
  },
  "cfm:recipes/cfm/green_picket_gate": {
    "criteria": {
      "has_gate": "2024-07-26 23:59:21 +0000"
    },
    "done": true
  },
  "cfm:recipes/cfm/stripped_crimson_kitchen_drawer": {
    "criteria": {
      "has_chest": "2024-07-27 00:06:49 +0000"
    },
    "done": true
  },
  "cfm:recipes/cfm/gray_grill": {
    "criteria": {
      "has_iron": "2024-07-28 02:36:21 +0000"
    },
    "done": true
  },
  "minecraft:recipes/redstone/oak_door": {
    "criteria": {
      "has_planks": "2024-07-26 22:20:40 +0000"
    },
    "done": true
  },
  "cfm:recipes/cfm/lime_grill": {
    "criteria": {
      "has_iron": "2024-07-28 02:36:21 +0000"
    },
    "done": true
  },
  "cfm:recipes/cfm/spruce_kitchen_sink_light": {
    "criteria": {
      "has_bottom": "2024-07-26 23:59:15 +0000"
    },
    "done": true
  },
  "securitycraft:recipes/securitycraft/motion_activated_light": {
    "criteria": {
      "has_stick": "2024-07-26 22:20:27 +0000"
    },
    "done": true
  },
  "minecraft:recipes/transportation/jungle_boat": {
    "criteria": {
      "in_water": "2024-07-26 22:17:43 +0000"
    },
    "done": true
  },
  "cfm:recipes/cfm/door_mat": {
    "criteria": {
      "has_wheat": "2024-07-28 02:02:12 +0000"
    },
    "done": true
  },
  "cgm:recipes/cgm/pistol": {
    "criteria": {
      "has_iron_ingot": "2024-07-28 02:36:21 +0000"
    },
    "done": true
  },
  "cfm:recipes/cfm/pink_kitchen_sink": {
    "criteria": {
      "has_bucket": "2024-07-28 02:38:11 +0000"
    },
    "done": true
  },
  "securitycraft:recipes/securitycraft/mine": {
    "criteria": {
      "has_iron": "2024-07-28 02:36:21 +0000"
    },
    "done": true
  },
  "minecraft:recipes/redstone/heavy_weighted_pressure_plate": {
    "criteria": {
      "has_iron_ingot": "2024-07-28 02:36:21 +0000"
    },
    "done": true
  },
  "minecraft:recipes/transportation/dark_oak_boat": {
    "criteria": {
      "in_water": "2024-07-26 22:17:43 +0000"
    },
    "done": true
  },
  "minecraft:recipes/building_blocks/pink_wool": {
    "criteria": {
      "has_white_wool": "2024-07-26 22:23:37 +0000"
    },
    "done": true
  },
  "cgm:recipes/cgm/short_scope": {
    "criteria": {
      "has_redstone": "2024-07-26 23:05:31 +0000"
    },
    "done": true
  },
  "cfm:recipes/cfm/cyan_grill": {
    "criteria": {
      "has_iron": "2024-07-28 02:36:21 +0000"
    },
    "done": true
  },
  "cfm:recipes/cfm/yellow_kitchen_drawer": {
    "criteria": {
      "has_chest": "2024-07-27 00:06:49 +0000"
    },
    "done": true
  },
  "minecraft:recipes/redstone/piston": {
    "criteria": {
      "has_redstone": "2024-07-26 23:05:31 +0000"
    },
    "done": true
  },
  "securitycraft:recipes/securitycraft/briefcase": {
    "criteria": {
      "has_iron": "2024-07-28 02:36:21 +0000"
    },
    "done": true
  },
  "cfm:recipes/cfm/magenta_picket_gate": {
    "criteria": {
      "has_gate": "2024-07-26 23:59:21 +0000"
    },
    "done": true
  },
  "cfm:recipes/cfm/oak_upgraded_fence": {
    "criteria": {
      "has_log": "2024-07-26 22:20:23 +0000"
    },
    "done": true
  },
  "farmersdelight:recipes/farmersdelight/cooking/cooked_rice": {
    "criteria": {
      "has_rice": "2024-07-27 17:43:43 +0000"
    },
    "done": true
  },
  "minecraft:recipes/redstone/spruce_trapdoor": {
    "criteria": {
      "has_planks": "2024-07-26 23:59:15 +0000"
    },
    "done": true
  },
  "securitycraft:recipes/securitycraft/secret_birch_sign_item": {
    "criteria": {
      "has_sign": "2024-07-27 00:38:28 +0000"
    },
    "done": true
  },
  "minecraft:recipes/food/cooked_beef_from_campfire_cooking": {
    "criteria": {
      "has_beef": "2024-07-26 22:18:48 +0000"
    },
    "done": true
  },
  "minecraft:recipes/food/cooked_porkchop_from_grill_cooking": {
    "criteria": {
      "has_porkchop": "2024-07-26 22:35:51 +0000"
    },
    "done": true
  },
  "securitycraft:recipes/securitycraft/reinforced_fence_gate": {
    "criteria": {
      "has_iron": "2024-07-28 02:36:21 +0000"
    },
    "done": true
  },
  "cfm:recipes/cfm/light_blue_picket_gate": {
    "criteria": {
      "has_gate": "2024-07-26 23:59:21 +0000"
    },
    "done": true
  },
  "biomesoplenty:recipes/redstone/fir_fence_gate": {
    "criteria": {
      "has_planks": "2024-07-27 17:36:35 +0000"
    },
    "done": true
  },
  "minecraft:recipes/decorations/soul_campfire": {
    "criteria": {
      "has_stick": "2024-07-26 22:20:27 +0000"
    },
    "done": true
  },
  "minecraft:story/smelt_iron": {
    "criteria": {
      "iron": "2024-07-28 02:36:21 +0000"
    },
    "done": true
  },
  "cfm:recipes/cfm/stripped_jungle_kitchen_sink_light": {
    "criteria": {
      "has_bucket": "2024-07-28 02:38:11 +0000"
    },
    "done": true
  },
  "securitycraft:recipes/securitycraft/secret_sign_item": {
    "criteria": {
      "has_sign": "2024-07-27 00:38:28 +0000"
    },
    "done": true
  },
  "minecraft:recipes/building_blocks/mossy_cobblestone_stairs": {
    "criteria": {
      "has_mossy_cobblestone": "2024-07-28 01:19:23 +0000"
    },
    "done": true
  },
  "cfm:recipes/cfm/oak_kitchen_sink_light": {
    "criteria": {
      "has_bottom": "2024-07-26 22:20:40 +0000"
    },
    "done": true
  },
  "cfm:recipes/cfm/oak_coffee_table": {
    "criteria": {
      "has_log": "2024-07-26 22:20:23 +0000"
    },
    "done": true
  },
  "cfm:recipes/cfm/spruce_desk_cabinet": {
    "criteria": {
      "has_log": "2024-07-26 23:59:10 +0000"
    },
    "done": true
  },
  "cfm:recipes/cfm/fridge_light": {
    "criteria": {
      "has_chest": "2024-07-27 00:06:49 +0000"
    },
    "done": true
  },
  "DataVersion": 3120
}